{
  "dbscan": {
    "shelters": [
      "[34.86495761 31.32288474]",
      "[34.83923322 31.19660003]",
      "[35.0930788  31.24560799]",
      "[34.91571491 31.28311157]",
      "[34.81441595 31.16163727]",
      "[35.03354078 31.16093959]",
      "[35.01112339 31.15634283]",
      "[34.88354232 31.27179716]",
      "[34.81416392 31.20262162]",
      "[34.96252396 31.25590793]"
    ],
    "coverage": {
      "total_buildings_covered": 563,
      "coverage_percentage": 0.7235852815299395,
      "buildings_per_shelter": [
        14,
        77,
        106,
        29,
        45,
        69,
        102,
        71,
        18,
        32
      ]
    },
    "time": 0.750370979309082
  },
  "spopt": {
    "shelters": "[[34.71399001 31.36475004]\n [34.74201047 31.41539315]\n [34.84383612 31.19189932]\n [34.83842226 31.20497188]\n [34.72187885 31.33663281]\n [34.82068767 31.14755239]\n [35.12296306 31.30096273]\n [35.1161081  31.21709084]\n [35.01950608 31.22960339]\n [34.96652937 31.18280358]]",
    "coverage": {
      "total_buildings_covered": 471,
      "coverage_percentage": 0.605343992185793,
      "buildings_per_shelter": [
        40,
        39,
        91,
        98,
        18,
        46,
        65,
        27,
        10,
        37
      ]
    },
    "time": 118.58392286300659
  }
}