{
"type": "FeatureCollection",
"name": "shelters_filtered",
"crs": { "type": "name", "properties": { "name": "urn:ogc:def:crs:OGC:1.3:CRS84" } },
"features": [
{ "type": "Feature", "properties": { "OBJECTID": 1, "longitude": 35.038373375224417, "latitude": 31.270634509000242, "status": "Built", "data_source": "Bimkom", "type": "Distributed" }, "geometry": { "type": "Point", "coordinates": [ 35.038373375000049, 31.270634509000047 ] } },
{ "type": "Feature", "properties": { "OBJECTID": 2, "longitude": 35.036172817492513, "latitude": 31.273658407302111, "status": "Built", "data_source": "Bimkom", "type": "Distributed" }, "geometry": { "type": "Point", "coordinates": [ 35.036172817000079, 31.273658407000028 ] } },
{ "type": "Feature", "properties": { "OBJECTID": 3, "longitude": 35.034827722059546, "latitude": 31.270739573010751, "status": "Built", "data_source": "Bimkom", "type": "Distributed" }, "geometry": { "type": "Point", "coordinates": [ 35.034827722000045, 31.270739573000071 ] } },
{ "type": "Feature", "properties": { "OBJECTID": 4, "longitude": 35.033320257871594, "latitude": 31.270386119842982, "status": "Built", "data_source": "Bimkom", "type": "Distributed" }, "geometry": { "type": "Point", "coordinates": [ 35.03332025800006, 31.270386120000069 ] } },
{ "type": "Feature", "properties": { "OBJECTID": 5, "longitude": 35.006526854233002, "latitude": 31.265589829686711, "status": "Built", "data_source": "Bimkom", "type": "Distributed" }, "geometry": { "type": "Point", "coordinates": [ 35.006526854000072, 31.265589830000067 ] } },
{ "type": "Feature", "properties": { "OBJECTID": 6, "longitude": 35.006864037760188, "latitude": 31.263750707617941, "status": "Built", "data_source": "Bimkom", "type": "Distributed" }, "geometry": { "type": "Point", "coordinates": [ 35.00686403800006, 31.263750708000032 ] } },
{ "type": "Feature", "properties": { "OBJECTID": 7, "longitude": 34.975032372613271, "latitude": 31.302390129104257, "status": "Built", "data_source": "Bimkom", "type": "Distributed" }, "geometry": { "type": "Point", "coordinates": [ 34.975032373000033, 31.302390129000059 ] } },
{ "type": "Feature", "properties": { "OBJECTID": 8, "longitude": 34.961142002582427, "latitude": 31.258114117020202, "status": "Built", "data_source": "Bimkom", "type": "Distributed" }, "geometry": { "type": "Point", "coordinates": [ 34.961142003000077, 31.258114117000048 ] } },
{ "type": "Feature", "properties": { "OBJECTID": 9, "longitude": 34.957102379504249, "latitude": 31.238226052207295, "status": "Built", "data_source": "Bimkom", "type": "Distributed" }, "geometry": { "type": "Point", "coordinates": [ 34.957102380000038, 31.238226052000073 ] } },
{ "type": "Feature", "properties": { "OBJECTID": 10, "longitude": 34.964168484258522, "latitude": 31.237972025549325, "status": "Built", "data_source": "Bimkom", "type": "Distributed" }, "geometry": { "type": "Point", "coordinates": [ 34.964168484000027, 31.237972026000079 ] } },
{ "type": "Feature", "properties": { "OBJECTID": 11, "longitude": 34.965943003461511, "latitude": 31.234252853553862, "status": "Built", "data_source": "Bimkom", "type": "Distributed" }, "geometry": { "type": "Point", "coordinates": [ 34.965943003000064, 31.234252854000033 ] } },
{ "type": "Feature", "properties": { "OBJECTID": 12, "longitude": 34.973567693872162, "latitude": 31.236221664240599, "status": "Built", "data_source": "Bimkom", "type": "Distributed" }, "geometry": { "type": "Point", "coordinates": [ 34.973567694000053, 31.236221664000027 ] } },
{ "type": "Feature", "properties": { "OBJECTID": 13, "longitude": 35.013668004990265, "latitude": 31.234185446317287, "status": "Built", "data_source": "Bimkom", "type": "Distributed" }, "geometry": { "type": "Point", "coordinates": [ 35.013668005000056, 31.234185446000026 ] } },
{ "type": "Feature", "properties": { "OBJECTID": 14, "longitude": 35.009531231057977, "latitude": 31.234093436354762, "status": "Built", "data_source": "Bimkom", "type": "Distributed" }, "geometry": { "type": "Point", "coordinates": [ 35.009531231000039, 31.234093436000023 ] } },
{ "type": "Feature", "properties": { "OBJECTID": 15, "longitude": 35.007546475814713, "latitude": 31.23636888981309, "status": "Built", "data_source": "Bimkom", "type": "Distributed" }, "geometry": { "type": "Point", "coordinates": [ 35.007546476000073, 31.236368890000051 ] } },
{ "type": "Feature", "properties": { "OBJECTID": 16, "longitude": 34.926749831963456, "latitude": 31.200564278261261, "status": "Built", "data_source": "Bimkom", "type": "Distributed" }, "geometry": { "type": "Point", "coordinates": [ 34.926749832000041, 31.200564278000058 ] } },
{ "type": "Feature", "properties": { "OBJECTID": 17, "longitude": 34.927873869748787, "latitude": 31.207566903900631, "status": "Built", "data_source": "Bimkom", "type": "Distributed" }, "geometry": { "type": "Point", "coordinates": [ 34.927873870000042, 31.207566904000032 ] } },
{ "type": "Feature", "properties": { "OBJECTID": 18, "longitude": 34.939850198620448, "latitude": 31.18639561908687, "status": "Built", "data_source": "Bimkom", "type": "Distributed" }, "geometry": { "type": "Point", "coordinates": [ 34.939850199000034, 31.186395619000052 ] } },
{ "type": "Feature", "properties": { "OBJECTID": 19, "longitude": 34.816880280614853, "latitude": 31.209723711142935, "status": "Built", "data_source": "Bimkom", "type": "Distributed" }, "geometry": { "type": "Point", "coordinates": [ 34.816880281000067, 31.209723711000038 ] } },
{ "type": "Feature", "properties": { "OBJECTID": 20, "longitude": 34.820317728802216, "latitude": 31.20029716180802, "status": "Built", "data_source": "Bimkom", "type": "Distributed" }, "geometry": { "type": "Point", "coordinates": [ 34.820317729000067, 31.200297162000027 ] } },
{ "type": "Feature", "properties": { "OBJECTID": 21, "longitude": 34.816293500948959, "latitude": 31.175902469324058, "status": "Built", "data_source": "Bimkom", "type": "Distributed" }, "geometry": { "type": "Point", "coordinates": [ 34.816293501000075, 31.17590246900005 ] } },
{ "type": "Feature", "properties": { "OBJECTID": 22, "longitude": 34.807545397506487, "latitude": 31.167971201710152, "status": "Built", "data_source": "Bimkom", "type": "Distributed" }, "geometry": { "type": "Point", "coordinates": [ 34.807545398000059, 31.167971202000047 ] } },
{ "type": "Feature", "properties": { "OBJECTID": 23, "longitude": 34.810806265333795, "latitude": 31.166363800316457, "status": "Built", "data_source": "Bimkom", "type": "Distributed" }, "geometry": { "type": "Point", "coordinates": [ 34.810806265000053, 31.166363800000056 ] } },
{ "type": "Feature", "properties": { "OBJECTID": 24, "longitude": 34.811814889751936, "latitude": 31.166364800861665, "status": "Built", "data_source": "Bimkom", "type": "Distributed" }, "geometry": { "type": "Point", "coordinates": [ 34.811814890000051, 31.166364801000043 ] } },
{ "type": "Feature", "properties": { "OBJECTID": 25, "longitude": 34.815406386052942, "latitude": 31.128749137796614, "status": "Built", "data_source": "Bimkom", "type": "Distributed" }, "geometry": { "type": "Point", "coordinates": [ 34.815406386000063, 31.128749138000046 ] } },
{ "type": "Feature", "properties": { "OBJECTID": 26, "longitude": 34.841311545052079, "latitude": 31.157244928063772, "status": "Built", "data_source": "Bimkom", "type": "Distributed" }, "geometry": { "type": "Point", "coordinates": [ 34.841311545000053, 31.157244928000068 ] } },
{ "type": "Feature", "properties": { "OBJECTID": 27, "longitude": 34.920845324819275, "latitude": 31.209421506988118, "status": "Built", "data_source": "Bimkom", "type": "Distributed" }, "geometry": { "type": "Point", "coordinates": [ 34.920845325000073, 31.209421507000059 ] } },
{ "type": "Feature", "properties": { "OBJECTID": 28, "longitude": 34.956434608202549, "latitude": 31.199607691918644, "status": "Built", "data_source": "Bimkom", "type": "Distributed" }, "geometry": { "type": "Point", "coordinates": [ 34.956434608000052, 31.199607692000029 ] } },
{ "type": "Feature", "properties": { "OBJECTID": 29, "longitude": 34.955130165226258, "latitude": 31.190336940856604, "status": "Built", "data_source": "Bimkom", "type": "Distributed" }, "geometry": { "type": "Point", "coordinates": [ 34.955130165000071, 31.190336941000055 ] } },
{ "type": "Feature", "properties": { "OBJECTID": 30, "longitude": 34.9786190832302, "latitude": 31.21181079388116, "status": "Built", "data_source": "Bimkom", "type": "Distributed" }, "geometry": { "type": "Point", "coordinates": [ 34.978619083000069, 31.21181079400003 ] } },
{ "type": "Feature", "properties": { "OBJECTID": 31, "longitude": 35.023645831007563, "latitude": 31.239557428995035, "status": "Built", "data_source": "Bimkom", "type": "Distributed" }, "geometry": { "type": "Point", "coordinates": [ 35.023645831000067, 31.239557429000058 ] } },
{ "type": "Feature", "properties": { "OBJECTID": 34, "longitude": 34.875244903551362, "latitude": 31.213800353330445, "status": "Built", "data_source": "Bimkom", "type": "Distributed" }, "geometry": { "type": "Point", "coordinates": [ 34.875244904000056, 31.213800353000067 ] } },
{ "type": "Feature", "properties": { "OBJECTID": 35, "longitude": 34.923348325726565, "latitude": 31.253928752118373, "status": "Built", "data_source": "Bimkom", "type": "Distributed" }, "geometry": { "type": "Point", "coordinates": [ 34.923348326000053, 31.253928752000036 ] } },
{ "type": "Feature", "properties": { "OBJECTID": 36, "longitude": 34.92505766516733, "latitude": 31.257460760405877, "status": "Built", "data_source": "Bimkom", "type": "Distributed" }, "geometry": { "type": "Point", "coordinates": [ 34.925057665000054, 31.257460760000072 ] } },
{ "type": "Feature", "properties": { "OBJECTID": 37, "longitude": 34.948431636707411, "latitude": 31.230955630993869, "status": "Built", "data_source": "Bimkom", "type": "Distributed" }, "geometry": { "type": "Point", "coordinates": [ 34.948431637000056, 31.230955631000029 ] } },
{ "type": "Feature", "properties": { "OBJECTID": 38, "longitude": 34.938892947749714, "latitude": 31.236689216499062, "status": "Built", "data_source": "Bimkom", "type": "Distributed" }, "geometry": { "type": "Point", "coordinates": [ 34.938892948000046, 31.236689216000059 ] } },
{ "type": "Feature", "properties": { "OBJECTID": 39, "longitude": 34.827035200930709, "latitude": 31.139272003392755, "status": "Built", "data_source": "Bimkom", "type": "Distributed" }, "geometry": { "type": "Point", "coordinates": [ 34.827035201000058, 31.139272003000031 ] } },
{ "type": "Feature", "properties": { "OBJECTID": 40, "longitude": 35.017958607489646, "latitude": 31.233213767062288, "status": "Built", "data_source": "Bimkom", "type": "Distributed" }, "geometry": { "type": "Point", "coordinates": [ 35.017958607000025, 31.233213767000052 ] } },
{ "type": "Feature", "properties": { "OBJECTID": 41, "longitude": 34.873852253711796, "latitude": 31.214839128587354, "status": "Built", "data_source": "Bimkom", "type": "Distributed" }, "geometry": { "type": "Point", "coordinates": [ 34.873852254000042, 31.21483912900004 ] } },
{ "type": "Feature", "properties": { "OBJECTID": 42, "longitude": 34.807528528826275, "latitude": 31.162499954286545, "status": "Built", "data_source": "Bimkom", "type": "Distributed" }, "geometry": { "type": "Point", "coordinates": [ 34.807528529000024, 31.162499954000054 ] } },
{ "type": "Feature", "properties": { "OBJECTID": 43, "longitude": 34.944639114862845, "latitude": 31.237191052426223, "status": "Built", "data_source": "Bimkom", "type": "Distributed" }, "geometry": { "type": "Point", "coordinates": [ 34.94463911500003, 31.237191052000071 ] } },
{ "type": "Feature", "properties": { "OBJECTID": 44, "longitude": 35.031944135672923, "latitude": 31.242023187583428, "status": "Built", "data_source": "Bimkom", "type": "Distributed" }, "geometry": { "type": "Point", "coordinates": [ 35.03194413600005, 31.242023188000076 ] } },
{ "type": "Feature", "properties": { "OBJECTID": 45, "longitude": 35.035766506640847, "latitude": 31.227978929155867, "status": "Built", "data_source": "Bimkom", "type": "Distributed" }, "geometry": { "type": "Point", "coordinates": [ 35.035766507000062, 31.227978929000074 ] } },
{ "type": "Feature", "properties": { "OBJECTID": 46, "longitude": 34.862029995383018, "latitude": 31.259362505888454, "status": "Built", "data_source": "Bimkom", "type": "Distributed" }, "geometry": { "type": "Point", "coordinates": [ 34.862029995000057, 31.259362506000059 ] } },
{ "type": "Feature", "properties": { "OBJECTID": 47, "longitude": 34.938711362501472, "latitude": 31.242615654542238, "status": "Built", "data_source": "Bimkom", "type": "Distributed" }, "geometry": { "type": "Point", "coordinates": [ 34.938711363000039, 31.242615655000066 ] } },
{ "type": "Feature", "properties": { "OBJECTID": 48, "longitude": 34.930152122191657, "latitude": 31.20610038136989, "status": "Built", "data_source": "Bimkom", "type": "Distributed" }, "geometry": { "type": "Point", "coordinates": [ 34.930152122000038, 31.206100381000056 ] } },
{ "type": "Feature", "properties": { "OBJECTID": 49, "longitude": 34.864466860845958, "latitude": 31.203472876723083, "status": "Built", "data_source": "Bimkom", "type": "Distributed" }, "geometry": { "type": "Point", "coordinates": [ 34.864466861000039, 31.203472877000024 ] } },
{ "type": "Feature", "properties": { "OBJECTID": 50, "longitude": 34.820822575084797, "latitude": 31.148494066661655, "status": "Built", "data_source": "Bimkom", "type": "Distributed" }, "geometry": { "type": "Point", "coordinates": [ 34.820822575000079, 31.148494067000058 ] } },
{ "type": "Feature", "properties": { "OBJECTID": 51, "longitude": 34.922966640594538, "latitude": 31.250338527841663, "status": "Built", "data_source": "Bimkom", "type": "Distributed" }, "geometry": { "type": "Point", "coordinates": [ 34.922966641000073, 31.250338528000043 ] } },
{ "type": "Feature", "properties": { "OBJECTID": 52, "longitude": 34.972457392072521, "latitude": 31.241238330388398, "status": "Built", "data_source": "Bimkom", "type": "Distributed" }, "geometry": { "type": "Point", "coordinates": [ 34.972457392000024, 31.241238330000044 ] } },
{ "type": "Feature", "properties": { "OBJECTID": 53, "longitude": 34.955472402037039, "latitude": 31.004854542793048, "status": "Built", "data_source": "Bimkom", "type": "Distributed" }, "geometry": { "type": "Point", "coordinates": [ 34.955472402000055, 31.004854543000079 ] } },
{ "type": "Feature", "properties": { "OBJECTID": 54, "longitude": 34.970210047647001, "latitude": 31.237588723587056, "status": "Built", "data_source": "Bimkom", "type": "Distributed" }, "geometry": { "type": "Point", "coordinates": [ 34.970210048000069, 31.237588724000034 ] } },
{ "type": "Feature", "properties": { "OBJECTID": 55, "longitude": 34.9770916693098, "latitude": 31.233012440697351, "status": "Built", "data_source": "Bimkom", "type": "Distributed" }, "geometry": { "type": "Point", "coordinates": [ 34.97709166900006, 31.233012441000028 ] } },
{ "type": "Feature", "properties": { "OBJECTID": 56, "longitude": 34.946795610988744, "latitude": 31.201860044602363, "status": "Built", "data_source": "Bimkom", "type": "Distributed" }, "geometry": { "type": "Point", "coordinates": [ 34.946795611000027, 31.201860045000046 ] } },
{ "type": "Feature", "properties": { "OBJECTID": 57, "longitude": 34.920843258511894, "latitude": 31.224389583411817, "status": "Built", "data_source": "Bimkom", "type": "Distributed" }, "geometry": { "type": "Point", "coordinates": [ 34.920843259000037, 31.224389583000061 ] } },
{ "type": "Feature", "properties": { "OBJECTID": 58, "longitude": 34.9781388280337, "latitude": 31.207395007968852, "status": "Built", "data_source": "Bimkom", "type": "Distributed" }, "geometry": { "type": "Point", "coordinates": [ 34.978138828000056, 31.207395008000049 ] } },
{ "type": "Feature", "properties": { "OBJECTID": 59, "longitude": 34.818555505880781, "latitude": 31.135055230722511, "status": "Built", "data_source": "Bimkom", "type": "Distributed" }, "geometry": { "type": "Point", "coordinates": [ 34.818555506000052, 31.135055231000024 ] } },
{ "type": "Feature", "properties": { "OBJECTID": 60, "longitude": 34.966385728179723, "latitude": 31.201888658400051, "status": "Built", "data_source": "Bimkom", "type": "Distributed" }, "geometry": { "type": "Point", "coordinates": [ 34.966385728000034, 31.20188865800003 ] } },
{ "type": "Feature", "properties": { "OBJECTID": 61, "longitude": 34.943298790853554, "latitude": 31.206729953960007, "status": "Built", "data_source": "Bimkom", "type": "Distributed" }, "geometry": { "type": "Point", "coordinates": [ 34.943298791000075, 31.206729954000025 ] } },
{ "type": "Feature", "properties": { "OBJECTID": 62, "longitude": 35.01496782367871, "latitude": 31.119631848889529, "status": "Built", "data_source": "Bimkom", "type": "Distributed" }, "geometry": { "type": "Point", "coordinates": [ 35.014967824000053, 31.119631849000029 ] } },
{ "type": "Feature", "properties": { "OBJECTID": 63, "longitude": 34.9970288608597, "latitude": 31.063943156315315, "status": "Built", "data_source": "Bimkom", "type": "Distributed" }, "geometry": { "type": "Point", "coordinates": [ 34.997028861000047, 31.06394315600005 ] } },
{ "type": "Feature", "properties": { "OBJECTID": 64, "longitude": 34.960659663481863, "latitude": 31.122047851025048, "status": "Built", "data_source": "Bimkom", "type": "Distributed" }, "geometry": { "type": "Point", "coordinates": [ 34.960659663000058, 31.122047851000048 ] } },
{ "type": "Feature", "properties": { "OBJECTID": 65, "longitude": 34.913968081849475, "latitude": 31.244398104602109, "status": "Built", "data_source": "Bimkom", "type": "Distributed" }, "geometry": { "type": "Point", "coordinates": [ 34.913968082000054, 31.244398105000073 ] } },
{ "type": "Feature", "properties": { "OBJECTID": 66, "longitude": 34.912267671647484, "latitude": 31.187033702335686, "status": "Built", "data_source": "Bimkom", "type": "Distributed" }, "geometry": { "type": "Point", "coordinates": [ 34.912267672000041, 31.187033702000065 ] } },
{ "type": "Feature", "properties": { "OBJECTID": 67, "longitude": 35.011832223293872, "latitude": 31.244918679558513, "status": "Built", "data_source": "Bimkom", "type": "Distributed" }, "geometry": { "type": "Point", "coordinates": [ 35.011832223000056, 31.244918680000069 ] } },
{ "type": "Feature", "properties": { "OBJECTID": 68, "longitude": 34.960988277809953, "latitude": 31.241346670060011, "status": "Built", "data_source": "Bimkom", "type": "Distributed" }, "geometry": { "type": "Point", "coordinates": [ 34.960988278000059, 31.241346670000041 ] } },
{ "type": "Feature", "properties": { "OBJECTID": 69, "longitude": 34.92021842723279, "latitude": 31.251204681100287, "status": "Built", "data_source": "Bimkom", "type": "Distributed" }, "geometry": { "type": "Point", "coordinates": [ 34.920218427000066, 31.251204681000047 ] } },
{ "type": "Feature", "properties": { "OBJECTID": 70, "longitude": 35.02069754938487, "latitude": 31.267665054595248, "status": "Built", "data_source": "Bimkom", "type": "Distributed" }, "geometry": { "type": "Point", "coordinates": [ 35.020697549000033, 31.267665055000066 ] } },
{ "type": "Feature", "properties": { "OBJECTID": 71, "longitude": 34.946034469259843, "latitude": 31.211808407737401, "status": "Built", "data_source": "Bimkom", "type": "Distributed" }, "geometry": { "type": "Point", "coordinates": [ 34.94603446900004, 31.211808408000024 ] } },
{ "type": "Feature", "properties": { "OBJECTID": 72, "longitude": 34.928101446191405, "latitude": 31.264186458668327, "status": "Built", "data_source": "Bimkom", "type": "Distributed" }, "geometry": { "type": "Point", "coordinates": [ 34.928101446000028, 31.26418645900003 ] } },
{ "type": "Feature", "properties": { "OBJECTID": 73, "longitude": 35.020535923211931, "latitude": 31.24143622350574, "status": "Built", "data_source": "Bimkom", "type": "Distributed" }, "geometry": { "type": "Point", "coordinates": [ 35.020535923000068, 31.24143622400004 ] } },
{ "type": "Feature", "properties": { "OBJECTID": 75, "longitude": 34.852194803286416, "latitude": 31.299501093585313, "status": "Built", "data_source": "Bimkom", "type": "Distributed" }, "geometry": { "type": "Point", "coordinates": [ 34.852194803000032, 31.29950109400005 ] } },
{ "type": "Feature", "properties": { "OBJECTID": 76, "longitude": 34.841341787816667, "latitude": 31.301036705406379, "status": "Built", "data_source": "Bimkom", "type": "Distributed" }, "geometry": { "type": "Point", "coordinates": [ 34.841341788000079, 31.301036705000058 ] } },
{ "type": "Feature", "properties": { "OBJECTID": 77, "longitude": 34.850022791659569, "latitude": 31.306618722750873, "status": "Built", "data_source": "Bimkom", "type": "Distributed" }, "geometry": { "type": "Point", "coordinates": [ 34.850022792000061, 31.306618723000042 ] } },
{ "type": "Feature", "properties": { "OBJECTID": 78, "longitude": 34.860101452310985, "latitude": 31.303692677533256, "status": "Built", "data_source": "Bimkom", "type": "Distributed" }, "geometry": { "type": "Point", "coordinates": [ 34.860101452000038, 31.303692678000061 ] } },
{ "type": "Feature", "properties": { "OBJECTID": 79, "longitude": 34.940446715959112, "latitude": 31.20438233132602, "status": "Built", "data_source": "Bimkom", "type": "Distributed" }, "geometry": { "type": "Point", "coordinates": [ 34.940446716000054, 31.204382331000033 ] } },
{ "type": "Feature", "properties": { "OBJECTID": 80, "longitude": 34.931484686049764, "latitude": 31.209031688775315, "status": "Built", "data_source": "Bimkom", "type": "Distributed" }, "geometry": { "type": "Point", "coordinates": [ 34.931484686000033, 31.209031689000028 ] } },
{ "type": "Feature", "properties": { "OBJECTID": 81, "longitude": 34.890151928145556, "latitude": 31.209115429692044, "status": "Built", "data_source": "Bimkom", "type": "Distributed" }, "geometry": { "type": "Point", "coordinates": [ 34.89015192800008, 31.209115430000054 ] } },
{ "type": "Feature", "properties": { "OBJECTID": 82, "longitude": 34.963360754720853, "latitude": 31.241336017528099, "status": "Built", "data_source": "Bimkom", "type": "Distributed" }, "geometry": { "type": "Point", "coordinates": [ 34.963360755000053, 31.241336018000027 ] } },
{ "type": "Feature", "properties": { "OBJECTID": 83, "longitude": 34.871248501763837, "latitude": 31.216559670861304, "status": "Built", "data_source": "Bimkom", "type": "Distributed" }, "geometry": { "type": "Point", "coordinates": [ 34.871248502000071, 31.216559671000027 ] } },
{ "type": "Feature", "properties": { "OBJECTID": 84, "longitude": 34.963702484846614, "latitude": 31.240577775771701, "status": "Built", "data_source": "Bimkom", "type": "Distributed" }, "geometry": { "type": "Point", "coordinates": [ 34.963702485000056, 31.240577776000066 ] } },
{ "type": "Feature", "properties": { "OBJECTID": 85, "longitude": 34.968692140635085, "latitude": 31.233537176170433, "status": "Built", "data_source": "Bimkom", "type": "Distributed" }, "geometry": { "type": "Point", "coordinates": [ 34.968692141000076, 31.233537176000027 ] } },
{ "type": "Feature", "properties": { "OBJECTID": 86, "longitude": 34.929286687010269, "latitude": 31.199403667345571, "status": "Built", "data_source": "Bimkom", "type": "Distributed" }, "geometry": { "type": "Point", "coordinates": [ 34.929286687000058, 31.19940366700007 ] } },
{ "type": "Feature", "properties": { "OBJECTID": 87, "longitude": 34.91200299249045, "latitude": 31.208943853628345, "status": "Built", "data_source": "Bimkom", "type": "Distributed" }, "geometry": { "type": "Point", "coordinates": [ 34.912002992000055, 31.20894385400004 ] } },
{ "type": "Feature", "properties": { "OBJECTID": 88, "longitude": 34.872602598790074, "latitude": 31.216837672593709, "status": "Built", "data_source": "Bimkom", "type": "Distributed" }, "geometry": { "type": "Point", "coordinates": [ 34.872602599000061, 31.216837673000043 ] } },
{ "type": "Feature", "properties": { "OBJECTID": 89, "longitude": 34.8706032284042, "latitude": 31.216034257086559, "status": "Built", "data_source": "Bimkom", "type": "Distributed" }, "geometry": { "type": "Point", "coordinates": [ 34.87060322800005, 31.216034257000047 ] } },
{ "type": "Feature", "properties": { "OBJECTID": 90, "longitude": 34.913511742760676, "latitude": 31.192499673742461, "status": "Built", "data_source": "Bimkom", "type": "Distributed" }, "geometry": { "type": "Point", "coordinates": [ 34.913511743000072, 31.192499674000032 ] } },
{ "type": "Feature", "properties": { "OBJECTID": 91, "longitude": 34.919318199927481, "latitude": 31.194656549172802, "status": "Built", "data_source": "Bimkom", "type": "Distributed" }, "geometry": { "type": "Point", "coordinates": [ 34.919318200000077, 31.194656549000058 ] } },
{ "type": "Feature", "properties": { "OBJECTID": 93, "longitude": 34.984961246761912, "latitude": 31.149543778416739, "status": "Built", "data_source": "Bimkom", "type": "Distributed" }, "geometry": { "type": "Point", "coordinates": [ 34.984961247000058, 31.149543778000066 ] } },
{ "type": "Feature", "properties": { "OBJECTID": 94, "longitude": 35.00671184749752, "latitude": 31.264756688327488, "status": "Built", "data_source": "Bimkom", "type": "Distributed" }, "geometry": { "type": "Point", "coordinates": [ 35.006711847000076, 31.264756688000034 ] } },
{ "type": "Feature", "properties": { "OBJECTID": 95, "longitude": 34.952599074232964, "latitude": 31.274847678251739, "status": "Built", "data_source": "Bimkom", "type": "Distributed" }, "geometry": { "type": "Point", "coordinates": [ 34.952599074000034, 31.274847678000071 ] } },
{ "type": "Feature", "properties": { "OBJECTID": 96, "longitude": 35.049156599318579, "latitude": 31.038479703048761, "status": "Built", "data_source": "Bimkom", "type": "Distributed" }, "geometry": { "type": "Point", "coordinates": [ 35.049156599000071, 31.038479703000064 ] } },
{ "type": "Feature", "properties": { "OBJECTID": 97, "longitude": 34.979458538624904, "latitude": 31.199502932326752, "status": "Built", "data_source": "Bimkom", "type": "Distributed" }, "geometry": { "type": "Point", "coordinates": [ 34.979458539000063, 31.19950293200003 ] } },
{ "type": "Feature", "properties": { "OBJECTID": 98, "longitude": 34.980732179631069, "latitude": 31.184346253603749, "status": "Built", "data_source": "Bimkom", "type": "Distributed" }, "geometry": { "type": "Point", "coordinates": [ 34.980732180000075, 31.184346254000047 ] } },
{ "type": "Feature", "properties": { "OBJECTID": 99, "longitude": 34.979954401559823, "latitude": 31.182558454119114, "status": "Built", "data_source": "Bimkom", "type": "Distributed" }, "geometry": { "type": "Point", "coordinates": [ 34.979954402000033, 31.182558454000059 ] } },
{ "type": "Feature", "properties": { "OBJECTID": 100, "longitude": 34.914129151323372, "latitude": 31.21561048733815, "status": "Built", "data_source": "Bimkom", "type": "Distributed" }, "geometry": { "type": "Point", "coordinates": [ 34.914129151000054, 31.215610487000049 ] } },
{ "type": "Feature", "properties": { "OBJECTID": 102, "longitude": 35.128046426741662, "latitude": 31.241555108243908, "status": "Built", "data_source": "Bimkom", "type": "Distributed" }, "geometry": { "type": "Point", "coordinates": [ 35.128046427000072, 31.241555108000057 ] } },
{ "type": "Feature", "properties": { "OBJECTID": 103, "longitude": 35.090050472630182, "latitude": 31.235607079956896, "status": "Built", "data_source": "Bimkom", "type": "Distributed" }, "geometry": { "type": "Point", "coordinates": [ 35.090050473000076, 31.235607080000079 ] } },
{ "type": "Feature", "properties": { "OBJECTID": 104, "longitude": 34.919522203545327, "latitude": 31.220829172386082, "status": "Built", "data_source": "Bimkom", "type": "Distributed" }, "geometry": { "type": "Point", "coordinates": [ 34.919522204000032, 31.220829172000037 ] } },
{ "type": "Feature", "properties": { "OBJECTID": 105, "longitude": 35.090815812474723, "latitude": 31.215206867939834, "status": "Built", "data_source": "Bimkom", "type": "Distributed" }, "geometry": { "type": "Point", "coordinates": [ 35.090815812000073, 31.215206868000053 ] } },
{ "type": "Feature", "properties": { "OBJECTID": 106, "longitude": 34.825124768086553, "latitude": 31.17312391608273, "status": "Built", "data_source": "Bimkom", "type": "Distributed" }, "geometry": { "type": "Point", "coordinates": [ 34.82512476800008, 31.173123916000065 ] } },
{ "type": "Feature", "properties": { "OBJECTID": 107, "longitude": 34.821291441348215, "latitude": 31.150794083661037, "status": "Built", "data_source": "Bimkom", "type": "Distributed" }, "geometry": { "type": "Point", "coordinates": [ 34.821291441000028, 31.15079408400004 ] } },
{ "type": "Feature", "properties": { "OBJECTID": 108, "longitude": 35.108681066632251, "latitude": 31.293075883292598, "status": "Built", "data_source": "Bimkom", "type": "Distributed" }, "geometry": { "type": "Point", "coordinates": [ 35.108681067000077, 31.293075883000029 ] } },
{ "type": "Feature", "properties": { "OBJECTID": 109, "longitude": 35.106546322004277, "latitude": 31.295523879698333, "status": "Built", "data_source": "Bimkom", "type": "Distributed" }, "geometry": { "type": "Point", "coordinates": [ 35.106546322000042, 31.295523880000076 ] } },
{ "type": "Feature", "properties": { "OBJECTID": 110, "longitude": 35.109181056452307, "latitude": 31.307770358748538, "status": "Built", "data_source": "Bimkom", "type": "Distributed" }, "geometry": { "type": "Point", "coordinates": [ 35.109181056000068, 31.307770359000074 ] } },
{ "type": "Feature", "properties": { "OBJECTID": 111, "longitude": 35.144713103885238, "latitude": 31.290517401505902, "status": "Built", "data_source": "Bimkom", "type": "Distributed" }, "geometry": { "type": "Point", "coordinates": [ 35.144713104000061, 31.290517402000035 ] } },
{ "type": "Feature", "properties": { "OBJECTID": 112, "longitude": 34.967657044230833, "latitude": 31.270453998065189, "status": "Built", "data_source": "Bimkom", "type": "Distributed" }, "geometry": { "type": "Point", "coordinates": [ 34.967657044000077, 31.27045399800005 ] } },
{ "type": "Feature", "properties": { "OBJECTID": 113, "longitude": 34.966379266488715, "latitude": 31.266617106227748, "status": "Built", "data_source": "Bimkom", "type": "Distributed" }, "geometry": { "type": "Point", "coordinates": [ 34.966379266000047, 31.266617106000069 ] } },
{ "type": "Feature", "properties": { "OBJECTID": 114, "longitude": 35.011347486955366, "latitude": 31.242749487944472, "status": "Built", "data_source": "Bimkom", "type": "Distributed" }, "geometry": { "type": "Point", "coordinates": [ 35.01134748700008, 31.242749488000072 ] } },
{ "type": "Feature", "properties": { "OBJECTID": 115, "longitude": 35.008041923231261, "latitude": 31.241186827357769, "status": "Built", "data_source": "Bimkom", "type": "Distributed" }, "geometry": { "type": "Point", "coordinates": [ 35.008041923000064, 31.241186827000035 ] } },
{ "type": "Feature", "properties": { "OBJECTID": 116, "longitude": 34.732322957643298, "latitude": 31.345186894412478, "status": "Built", "data_source": "Bimkom", "type": "Distributed" }, "geometry": { "type": "Point", "coordinates": [ 34.732322958000054, 31.345186894000051 ] } },
{ "type": "Feature", "properties": { "OBJECTID": 117, "longitude": 34.737993780820645, "latitude": 31.361402064355286, "status": "Built", "data_source": "Bimkom", "type": "Distributed" }, "geometry": { "type": "Point", "coordinates": [ 34.737993781000057, 31.36140206400006 ] } },
{ "type": "Feature", "properties": { "OBJECTID": 118, "longitude": 34.940324304467708, "latitude": 31.205286849572666, "status": "Built", "data_source": "Bimkom", "type": "Distributed" }, "geometry": { "type": "Point", "coordinates": [ 34.940324304000058, 31.20528685000005 ] } },
{ "type": "Feature", "properties": { "OBJECTID": 119, "longitude": 34.959403280747068, "latitude": 31.116510589570506, "status": "Built", "data_source": "Bimkom", "type": "Distributed" }, "geometry": { "type": "Point", "coordinates": [ 34.95940328100005, 31.116510590000075 ] } },
{ "type": "Feature", "properties": { "OBJECTID": 120, "longitude": 34.97029302397106, "latitude": 31.119317503797223, "status": "Built", "data_source": "Bimkom", "type": "Distributed" }, "geometry": { "type": "Point", "coordinates": [ 34.970293024000057, 31.119317504000037 ] } },
{ "type": "Feature", "properties": { "OBJECTID": 122, "longitude": 34.85633977364958, "latitude": 31.310975302925041, "status": "Built", "data_source": "Bimkom", "type": "Distributed" }, "geometry": { "type": "Point", "coordinates": [ 34.856339774000048, 31.310975303000077 ] } },
{ "type": "Feature", "properties": { "OBJECTID": 123, "longitude": 34.916107252565524, "latitude": 31.250448099743576, "status": "Built", "data_source": "Bimkom", "type": "Distributed" }, "geometry": { "type": "Point", "coordinates": [ 34.916107253000064, 31.250448100000028 ] } },
{ "type": "Feature", "properties": { "OBJECTID": 124, "longitude": 34.920153442687756, "latitude": 31.241814592887732, "status": "Built", "data_source": "Bimkom", "type": "Distributed" }, "geometry": { "type": "Point", "coordinates": [ 34.920153443000061, 31.241814593000072 ] } },
{ "type": "Feature", "properties": { "OBJECTID": 125, "longitude": 34.919334675124269, "latitude": 31.240485538650255, "status": "Built", "data_source": "Bimkom", "type": "Distributed" }, "geometry": { "type": "Point", "coordinates": [ 34.919334675000073, 31.240485539000076 ] } },
{ "type": "Feature", "properties": { "OBJECTID": 126, "longitude": 34.94667145336647, "latitude": 31.199595286012119, "status": "Built", "data_source": "Bimkom", "type": "Distributed" }, "geometry": { "type": "Point", "coordinates": [ 34.946671453000079, 31.199595286000033 ] } },
{ "type": "Feature", "properties": { "OBJECTID": 127, "longitude": 34.945325070558376, "latitude": 31.199733365342077, "status": "Built", "data_source": "Bimkom", "type": "Distributed" }, "geometry": { "type": "Point", "coordinates": [ 34.94532507100007, 31.199733365000043 ] } },
{ "type": "Feature", "properties": { "OBJECTID": 128, "longitude": 34.915354126676135, "latitude": 31.249747423216153, "status": "Built", "data_source": "Bimkom", "type": "Distributed" }, "geometry": { "type": "Point", "coordinates": [ 34.915354127000057, 31.249747423000031 ] } },
{ "type": "Feature", "properties": { "OBJECTID": 129, "longitude": 34.919007622017077, "latitude": 31.252209525545016, "status": "Built", "data_source": "Bimkom", "type": "Distributed" }, "geometry": { "type": "Point", "coordinates": [ 34.919007622000038, 31.252209526000058 ] } },
{ "type": "Feature", "properties": { "OBJECTID": 130, "longitude": 34.914031654661933, "latitude": 31.249861777843584, "status": "Built", "data_source": "Bimkom", "type": "Distributed" }, "geometry": { "type": "Point", "coordinates": [ 34.914031655000031, 31.249861778000025 ] } },
{ "type": "Feature", "properties": { "OBJECTID": 131, "longitude": 34.86832008328809, "latitude": 31.282629895658577, "status": "Built", "data_source": "Bimkom", "type": "Distributed" }, "geometry": { "type": "Point", "coordinates": [ 34.868320083000071, 31.28262989600006 ] } },
{ "type": "Feature", "properties": { "OBJECTID": 132, "longitude": 34.945116660459696, "latitude": 31.20409001380208, "status": "Built", "data_source": "Bimkom", "type": "Distributed" }, "geometry": { "type": "Point", "coordinates": [ 34.945116660000053, 31.20409001400003 ] } },
{ "type": "Feature", "properties": { "OBJECTID": 133, "longitude": 34.866800677798118, "latitude": 31.214017382935594, "status": "Built", "data_source": "Bimkom", "type": "Distributed" }, "geometry": { "type": "Point", "coordinates": [ 34.866800678000061, 31.214017383000055 ] } },
{ "type": "Feature", "properties": { "OBJECTID": 134, "longitude": 34.9170812116677, "latitude": 31.193795242997858, "status": "Built", "data_source": "Bimkom", "type": "Distributed" }, "geometry": { "type": "Point", "coordinates": [ 34.917081212000028, 31.193795243000068 ] } },
{ "type": "Feature", "properties": { "OBJECTID": 135, "longitude": 34.909768368306736, "latitude": 31.186560712174217, "status": "Built", "data_source": "Bimkom", "type": "Distributed" }, "geometry": { "type": "Point", "coordinates": [ 34.909768368000073, 31.186560712000073 ] } },
{ "type": "Feature", "properties": { "OBJECTID": 137, "longitude": 34.854582284235477, "latitude": 31.288356156618185, "status": "Built", "data_source": "Bimkom", "type": "Distributed" }, "geometry": { "type": "Point", "coordinates": [ 34.85458228400006, 31.288356157000067 ] } },
{ "type": "Feature", "properties": { "OBJECTID": 138, "longitude": 34.84828447154414, "latitude": 31.299954155292092, "status": "Built", "data_source": "Bimkom", "type": "Distributed" }, "geometry": { "type": "Point", "coordinates": [ 34.848284472000046, 31.299954155000023 ] } },
{ "type": "Feature", "properties": { "OBJECTID": 139, "longitude": 34.911796523782016, "latitude": 31.224068129646994, "status": "Built", "data_source": "Bimkom", "type": "Distributed" }, "geometry": { "type": "Point", "coordinates": [ 34.911796524000067, 31.224068130000035 ] } },
{ "type": "Feature", "properties": { "OBJECTID": 140, "longitude": 34.927805871945203, "latitude": 31.232199746200223, "status": "Built", "data_source": "Bimkom", "type": "Distributed" }, "geometry": { "type": "Point", "coordinates": [ 34.927805872000079, 31.232199746000049 ] } },
{ "type": "Feature", "properties": { "OBJECTID": 141, "longitude": 34.927239223394686, "latitude": 31.219443945862277, "status": "Built", "data_source": "Bimkom", "type": "Distributed" }, "geometry": { "type": "Point", "coordinates": [ 34.927239223000072, 31.219443946000069 ] } },
{ "type": "Feature", "properties": { "OBJECTID": 142, "longitude": 34.919508751239924, "latitude": 31.218029613879064, "status": "Built", "data_source": "Bimkom", "type": "Distributed" }, "geometry": { "type": "Point", "coordinates": [ 34.919508751000023, 31.218029614000045 ] } },
{ "type": "Feature", "properties": { "OBJECTID": 143, "longitude": 34.966217255107793, "latitude": 31.202936063520085, "status": "Built", "data_source": "Bimkom", "type": "Distributed" }, "geometry": { "type": "Point", "coordinates": [ 34.966217255000061, 31.202936064000028 ] } },
{ "type": "Feature", "properties": { "OBJECTID": 144, "longitude": 34.928088682721615, "latitude": 31.218240156382969, "status": "Built", "data_source": "Bimkom", "type": "Distributed" }, "geometry": { "type": "Point", "coordinates": [ 34.928088683000055, 31.218240156000036 ] } },
{ "type": "Feature", "properties": { "OBJECTID": 145, "longitude": 34.947222989656375, "latitude": 31.209475246972413, "status": "Built", "data_source": "Bimkom", "type": "Distributed" }, "geometry": { "type": "Point", "coordinates": [ 34.947222990000057, 31.209475247000057 ] } },
{ "type": "Feature", "properties": { "OBJECTID": 146, "longitude": 34.883701169512115, "latitude": 31.326083946245962, "status": "Built", "data_source": "Bimkom", "type": "Distributed" }, "geometry": { "type": "Point", "coordinates": [ 34.883701170000052, 31.32608394600004 ] } },
{ "type": "Feature", "properties": { "OBJECTID": 147, "longitude": 34.994543755825184, "latitude": 31.067416291104287, "status": "Built", "data_source": "Bimkom", "type": "Distributed" }, "geometry": { "type": "Point", "coordinates": [ 34.994543756000041, 31.067416291000029 ] } },
{ "type": "Feature", "properties": { "OBJECTID": 148, "longitude": 34.994389381164908, "latitude": 31.067646229317248, "status": "Built", "data_source": "Bimkom", "type": "Distributed" }, "geometry": { "type": "Point", "coordinates": [ 34.994389381000076, 31.067646229000047 ] } },
{ "type": "Feature", "properties": { "OBJECTID": 149, "longitude": 34.970206158507978, "latitude": 31.118623565895362, "status": "Built", "data_source": "Bimkom", "type": "Distributed" }, "geometry": { "type": "Point", "coordinates": [ 34.970206159000043, 31.118623566000053 ] } },
{ "type": "Feature", "properties": { "OBJECTID": 150, "longitude": 34.849426482321007, "latitude": 31.301495161406848, "status": "Built", "data_source": "Bimkom", "type": "Distributed" }, "geometry": { "type": "Point", "coordinates": [ 34.849426482000069, 31.301495161000048 ] } },
{ "type": "Feature", "properties": { "OBJECTID": 151, "longitude": 35.007622553540784, "latitude": 31.108695049630214, "status": "Built", "data_source": "Bimkom", "type": "Distributed" }, "geometry": { "type": "Point", "coordinates": [ 35.007622554000079, 31.108695050000051 ] } },
{ "type": "Feature", "properties": { "OBJECTID": 152, "longitude": 35.008430531726766, "latitude": 31.108228969040937, "status": "Built", "data_source": "Bimkom", "type": "Distributed" }, "geometry": { "type": "Point", "coordinates": [ 35.008430532000034, 31.108228969000038 ] } },
{ "type": "Feature", "properties": { "OBJECTID": 153, "longitude": 35.020437888915588, "latitude": 31.117891995359191, "status": "Built", "data_source": "Bimkom", "type": "Distributed" }, "geometry": { "type": "Point", "coordinates": [ 35.02043788900005, 31.117891995000036 ] } },
{ "type": "Feature", "properties": { "OBJECTID": 154, "longitude": 35.021882756394554, "latitude": 31.10852632327693, "status": "Built", "data_source": "Bimkom", "type": "Distributed" }, "geometry": { "type": "Point", "coordinates": [ 35.021882756000025, 31.108526323000035 ] } },
{ "type": "Feature", "properties": { "OBJECTID": 155, "longitude": 35.0096551463945, "latitude": 31.244806866297015, "status": "Built", "data_source": "Bimkom", "type": "Distributed" }, "geometry": { "type": "Point", "coordinates": [ 35.009655146000057, 31.244806866000033 ] } },
{ "type": "Feature", "properties": { "OBJECTID": 156, "longitude": 34.913213784787175, "latitude": 31.207302315002483, "status": "Built", "data_source": "Bimkom", "type": "Distributed" }, "geometry": { "type": "Point", "coordinates": [ 34.913213785000039, 31.207302315000049 ] } },
{ "type": "Feature", "properties": { "OBJECTID": 157, "longitude": 34.829394415900772, "latitude": 31.30490056132837, "status": "Built", "data_source": "Bimkom", "type": "Distributed" }, "geometry": { "type": "Point", "coordinates": [ 34.829394416000071, 31.304900561000068 ] } },
{ "type": "Feature", "properties": { "OBJECTID": 158, "longitude": 34.926994169495508, "latitude": 31.205389325935652, "status": "Built", "data_source": "Bimkom", "type": "Distributed" }, "geometry": { "type": "Point", "coordinates": [ 34.926994169000068, 31.205389326000045 ] } },
{ "type": "Feature", "properties": { "OBJECTID": 159, "longitude": 34.979072999538367, "latitude": 31.212342426700676, "status": "Built", "data_source": "Bimkom", "type": "Distributed" }, "geometry": { "type": "Point", "coordinates": [ 34.979073, 31.212342427000067 ] } },
{ "type": "Feature", "properties": { "OBJECTID": 160, "longitude": 34.852263522789734, "latitude": 31.297646872360861, "status": "Built", "data_source": "Bimkom", "type": "Distributed" }, "geometry": { "type": "Point", "coordinates": [ 34.852263523000033, 31.29764687200003 ] } },
{ "type": "Feature", "properties": { "OBJECTID": 161, "longitude": 35.019713258961211, "latitude": 31.229501973042865, "status": "Built", "data_source": "Bimkom", "type": "Distributed" }, "geometry": { "type": "Point", "coordinates": [ 35.019713259000071, 31.229501973000026 ] } },
{ "type": "Feature", "properties": { "OBJECTID": 162, "longitude": 35.024364016755392, "latitude": 31.24044363715069, "status": "Built", "data_source": "Bimkom", "type": "Distributed" }, "geometry": { "type": "Point", "coordinates": [ 35.024364017000039, 31.240443637000055 ] } },
{ "type": "Feature", "properties": { "OBJECTID": 163, "longitude": 34.945502318929734, "latitude": 31.204392344015968, "status": "Built", "data_source": "Bimkom", "type": "Distributed" }, "geometry": { "type": "Point", "coordinates": [ 34.94550231900007, 31.204392344000041 ] } },
{ "type": "Feature", "properties": { "OBJECTID": 164, "longitude": 34.937152234492707, "latitude": 31.273394244424075, "status": "Built", "data_source": "Bimkom", "type": "Distributed" }, "geometry": { "type": "Point", "coordinates": [ 34.937152234000052, 31.273394244000031 ] } },
{ "type": "Feature", "properties": { "OBJECTID": 165, "longitude": 34.93019885977963, "latitude": 31.207363178263904, "status": "Built", "data_source": "Bimkom", "type": "Distributed" }, "geometry": { "type": "Point", "coordinates": [ 34.930198860000075, 31.207363178000037 ] } },
{ "type": "Feature", "properties": { "OBJECTID": 166, "longitude": 34.944182677246538, "latitude": 31.184173798556518, "status": "Built", "data_source": "Bimkom", "type": "Distributed" }, "geometry": { "type": "Point", "coordinates": [ 34.944182677000072, 31.184173799000064 ] } },
{ "type": "Feature", "properties": { "OBJECTID": 167, "longitude": 34.897933636515646, "latitude": 31.213064169520766, "status": "Built", "data_source": "Bimkom", "type": "Distributed" }, "geometry": { "type": "Point", "coordinates": [ 34.897933637000051, 31.213064170000052 ] } },
{ "type": "Feature", "properties": { "OBJECTID": 168, "longitude": 34.922694288978917, "latitude": 31.213546609538128, "status": "Built", "data_source": "Bimkom", "type": "Distributed" }, "geometry": { "type": "Point", "coordinates": [ 34.922694289000049, 31.213546610000037 ] } },
{ "type": "Feature", "properties": { "OBJECTID": 169, "longitude": 34.939160063515274, "latitude": 31.234569088663939, "status": "Built", "data_source": "Bimkom", "type": "Distributed" }, "geometry": { "type": "Point", "coordinates": [ 34.939160064000077, 31.234569089000047 ] } },
{ "type": "Feature", "properties": { "OBJECTID": 170, "longitude": 34.946824898789721, "latitude": 31.236973134741799, "status": "Built", "data_source": "Bimkom", "type": "Distributed" }, "geometry": { "type": "Point", "coordinates": [ 34.946824899000035, 31.236973135000028 ] } },
{ "type": "Feature", "properties": { "OBJECTID": 171, "longitude": 34.986403100855597, "latitude": 31.26313970054537, "status": "Built", "data_source": "Bimkom", "type": "Distributed" }, "geometry": { "type": "Point", "coordinates": [ 34.986403101000064, 31.263139701000057 ] } },
{ "type": "Feature", "properties": { "OBJECTID": 172, "longitude": 35.015491137137353, "latitude": 31.128621735357036, "status": "Built", "data_source": "Bimkom", "type": "Distributed" }, "geometry": { "type": "Point", "coordinates": [ 35.015491137000026, 31.128621735000024 ] } },
{ "type": "Feature", "properties": { "OBJECTID": 173, "longitude": 34.957944664000024, "latitude": 30.988046437000037, "status": "Request", "data_source": "Bimkom", "type": "Village Request" }, "geometry": { "type": "Point", "coordinates": [ 34.957944664000024, 30.988046437000037 ] } },
{ "type": "Feature", "properties": { "OBJECTID": 174, "longitude": 35.02574889400006, "latitude": 31.259005481000031, "status": "Built", "data_source": "Bimkom", "type": "Distributed" }, "geometry": { "type": "Point", "coordinates": [ 35.02574889400006, 31.259005481000031 ] } },
{ "type": "Feature", "properties": { "OBJECTID": 176, "longitude": 34.926457776000063, "latitude": 31.199818253000046, "status": "Request", "data_source": "Bimkom", "type": "Village Request" }, "geometry": { "type": "Point", "coordinates": [ 34.926457776000063, 31.199818253000046 ] } },
{ "type": "Feature", "properties": { "OBJECTID": 177, "longitude": 34.927639020000072, "latitude": 31.205041323000046, "status": "Built", "data_source": "Bimkom", "type": "Distributed" }, "geometry": { "type": "Point", "coordinates": [ 34.927639020000072, 31.205041323000046 ] } },
{ "type": "Feature", "properties": { "OBJECTID": 178, "longitude": 34.9218912000001, "latitude": 31.205839542000035, "status": "Built", "data_source": "Bimkom", "type": "Distributed" }, "geometry": { "type": "Point", "coordinates": [ 34.921891200000061, 31.205839542000035 ] } },
{ "type": "Feature", "properties": { "OBJECTID": 179, "longitude": 34.915466579000054, "latitude": 31.207360831000074, "status": "Request", "data_source": "Bimkom", "type": "Village Request" }, "geometry": { "type": "Point", "coordinates": [ 34.915466579000054, 31.207360831000074 ] } },
{ "type": "Feature", "properties": { "OBJECTID": 180, "longitude": 34.739269074000049, "latitude": 31.34797181600004, "status": "Request", "data_source": "Bimkom", "type": "Village Request" }, "geometry": { "type": "Point", "coordinates": [ 34.739269074000049, 31.34797181600004 ] } },
{ "type": "Feature", "properties": { "OBJECTID": 181, "longitude": 35.0585657, "latitude": 31.2637862, "status": "Request", "data_source": "Bimkom", "type": "Village Request" }, "geometry": { "type": "Point", "coordinates": [ 35.058565700000031, 31.263786200000027 ] } },
{ "type": "Feature", "properties": { "OBJECTID": 182, "longitude": 34.931803793000029, "latitude": 31.189480318000051, "status": "Request", "data_source": "Bimkom", "type": "Village Request" }, "geometry": { "type": "Point", "coordinates": [ 34.931803793000029, 31.189480318000051 ] } },
{ "type": "Feature", "properties": { "OBJECTID": 183, "longitude": 35.186936297000045, "latitude": 31.209761811000078, "status": "Request", "data_source": "Bimkom", "type": "Village Request" }, "geometry": { "type": "Point", "coordinates": [ 35.186936297000045, 31.209761811000078 ] } },
{ "type": "Feature", "properties": { "OBJECTID": 184, "longitude": 34.98243903000008, "latitude": 31.177290858000049, "status": "Request", "data_source": "Bimkom", "type": "Village Request" }, "geometry": { "type": "Point", "coordinates": [ 34.98243903000008, 31.177290858000049 ] } },
{ "type": "Feature", "properties": { "OBJECTID": 185, "longitude": 35.092036577000044, "latitude": 31.258084373000031, "status": "Request", "data_source": "Bimkom", "type": "Village Request" }, "geometry": { "type": "Point", "coordinates": [ 35.092036577000044, 31.258084373000031 ] } },
{ "type": "Feature", "properties": { "OBJECTID": 186, "longitude": 34.8751895, "latitude": 31.3048411, "status": "Request", "data_source": "Bimkom", "type": "Village Request" }, "geometry": { "type": "Point", "coordinates": [ 34.875189500000033, 31.304841100000033 ] } },
{ "type": "Feature", "properties": { "OBJECTID": 187, "longitude": 35.06343, "latitude": 31.23071, "status": "Request", "data_source": "Bimkom", "type": "Village Request" }, "geometry": { "type": "Point", "coordinates": [ 35.06343, 31.23071 ] } },
{ "type": "Feature", "properties": { "OBJECTID": 189, "longitude": 34.974239340000054, "latitude": 31.128107070000056, "status": "Request", "data_source": "Bimkom", "type": "Village Request" }, "geometry": { "type": "Point", "coordinates": [ 34.974239340000054, 31.128107070000056 ] } },
{ "type": "Feature", "properties": { "OBJECTID": 190, "longitude": 34.949162204000061, "latitude": 31.140160028000025, "status": "Request", "data_source": "Bimkom", "type": "Village Request" }, "geometry": { "type": "Point", "coordinates": [ 34.949162204000061, 31.140160028000025 ] } },
{ "type": "Feature", "properties": { "OBJECTID": 191, "longitude": 34.919657521000033, "latitude": 31.203232540000045, "status": "Request", "data_source": "Bimkom", "type": "Village Request" }, "geometry": { "type": "Point", "coordinates": [ 34.919657521000033, 31.203232540000045 ] } },
{ "type": "Feature", "properties": { "OBJECTID": 193, "longitude": 35.041622429000029, "latitude": 31.236216713000033, "status": "Request", "data_source": "Bimkom", "type": "Village Request" }, "geometry": { "type": "Point", "coordinates": [ 35.041622429000029, 31.236216713000033 ] } },
{ "type": "Feature", "properties": { "OBJECTID": 194, "longitude": 34.961493011000073, "latitude": 31.110767023000051, "status": "Built", "data_source": "Bimkom", "type": "Distributed" }, "geometry": { "type": "Point", "coordinates": [ 34.961493011000073, 31.110767023000051 ] } },
{ "type": "Feature", "properties": { "OBJECTID": 195, "longitude": 35.01808019200007, "latitude": 31.106970236000052, "status": "Request", "data_source": "Bimkom", "type": "Village Request" }, "geometry": { "type": "Point", "coordinates": [ 35.01808019200007, 31.106970236000052 ] } },
{ "type": "Feature", "properties": { "OBJECTID": 196, "longitude": 34.956137452000064, "latitude": 31.184043054000028, "status": "Request", "data_source": "Bimkom", "type": "Village Request" }, "geometry": { "type": "Point", "coordinates": [ 34.956137452000064, 31.184043054000028 ] } },
{ "type": "Feature", "properties": { "OBJECTID": 197, "longitude": 35.064615379000031, "latitude": 31.05981560400005, "status": "Request", "data_source": "Bimkom", "type": "Village Request" }, "geometry": { "type": "Point", "coordinates": [ 35.064615379000031, 31.05981560400005 ] } },
{ "type": "Feature", "properties": { "OBJECTID": 198, "longitude": 34.904915885000037, "latitude": 31.290758323000034, "status": "Request", "data_source": "Bimkom", "type": "Village Request" }, "geometry": { "type": "Point", "coordinates": [ 34.904915885000037, 31.290758323000034 ] } },
{ "type": "Feature", "properties": { "OBJECTID": 199, "longitude": 35.061983849000057, "latitude": 31.066120474000058, "status": "Built", "data_source": "Bimkom", "type": "Distributed" }, "geometry": { "type": "Point", "coordinates": [ 35.061983849000057, 31.066120474000058 ] } },
{ "type": "Feature", "properties": { "OBJECTID": 200, "longitude": 34.881042518000072, "latitude": 31.329213568000057, "status": "Request", "data_source": "Bimkom", "type": "Village Request" }, "geometry": { "type": "Point", "coordinates": [ 34.881042518000072, 31.329213568000057 ] } },
{ "type": "Feature", "properties": { "OBJECTID": 201, "longitude": 35.058246914000051, "latitude": 31.263121996000052, "status": "Request", "data_source": "Bimkom", "type": "Village Request" }, "geometry": { "type": "Point", "coordinates": [ 35.058246914000051, 31.263121996000052 ] } },
{ "type": "Feature", "properties": { "OBJECTID": 202, "longitude": 35.009787729000038, "latitude": 31.228955355000039, "status": "Request", "data_source": "Bimkom", "type": "Village Request" }, "geometry": { "type": "Point", "coordinates": [ 35.009787729000038, 31.228955355000039 ] } },
{ "type": "Feature", "properties": { "OBJECTID": 205, "longitude": 34.746776415000056, "latitude": 31.362141820000033, "status": "Request", "data_source": "Bimkom", "type": "Village Request" }, "geometry": { "type": "Point", "coordinates": [ 34.746776415000056, 31.362141820000033 ] } },
{ "type": "Feature", "properties": { "OBJECTID": 206, "longitude": 34.847976704000075, "latitude": 31.304854288000058, "status": "Request", "data_source": "Bimkom", "type": "Village Request" }, "geometry": { "type": "Point", "coordinates": [ 34.847976704000075, 31.304854288000058 ] } },
{ "type": "Feature", "properties": { "OBJECTID": 207, "longitude": 34.746505580000075, "latitude": 31.362244536000048, "status": "Request", "data_source": "Bimkom", "type": "Village Request" }, "geometry": { "type": "Point", "coordinates": [ 34.746505580000075, 31.362244536000048 ] } },
{ "type": "Feature", "properties": { "OBJECTID": 208, "longitude": 34.846453500000102, "latitude": 31.058679, "status": "Request", "data_source": "Bimkom", "type": "Village Request" }, "geometry": { "type": "Point", "coordinates": [ 34.846453500000052, 31.058679 ] } },
{ "type": "Feature", "properties": { "OBJECTID": 209, "longitude": 34.746208612000032, "latitude": 31.362289789000044, "status": "Request", "data_source": "Bimkom", "type": "Village Request" }, "geometry": { "type": "Point", "coordinates": [ 34.746208612000032, 31.362289789000044 ] } },
{ "type": "Feature", "properties": { "OBJECTID": 210, "longitude": 34.746660073000044, "latitude": 31.361978137000051, "status": "Request", "data_source": "Bimkom", "type": "Village Request" }, "geometry": { "type": "Point", "coordinates": [ 34.746660073000044, 31.361978137000051 ] } },
{ "type": "Feature", "properties": { "OBJECTID": 211, "longitude": 35.119954415000052, "latitude": 31.31377266100003, "status": "Request", "data_source": "Bimkom", "type": "Village Request" }, "geometry": { "type": "Point", "coordinates": [ 35.119954415000052, 31.31377266100003 ] } },
{ "type": "Feature", "properties": { "OBJECTID": 212, "longitude": 35.015096408000034, "latitude": 31.241628966000064, "status": "Request", "data_source": "Bimkom", "type": "Village Request" }, "geometry": { "type": "Point", "coordinates": [ 35.015096408000034, 31.241628966000064 ] } },
{ "type": "Feature", "properties": { "OBJECTID": 213, "longitude": 35.016599400000104, "latitude": 31.2418128, "status": "Request", "data_source": "Bimkom", "type": "Village Request" }, "geometry": { "type": "Point", "coordinates": [ 35.016599400000075, 31.241812800000048 ] } },
{ "type": "Feature", "properties": { "OBJECTID": 214, "longitude": 35.110140600000101, "latitude": 31.2340205, "status": "Request", "data_source": "Bimkom", "type": "Village Request" }, "geometry": { "type": "Point", "coordinates": [ 35.110140600000079, 31.234020500000042 ] } },
{ "type": "Feature", "properties": { "OBJECTID": 215, "longitude": 34.863130642000044, "latitude": 31.261526666000066, "status": "Request", "data_source": "Bimkom", "type": "Village Request" }, "geometry": { "type": "Point", "coordinates": [ 34.863130642000044, 31.261526666000066 ] } },
{ "type": "Feature", "properties": { "OBJECTID": 216, "longitude": 35.122540653000044, "latitude": 31.310982571000068, "status": "Request", "data_source": "Bimkom", "type": "Village Request" }, "geometry": { "type": "Point", "coordinates": [ 35.122540653000044, 31.310982571000068 ] } },
{ "type": "Feature", "properties": { "OBJECTID": 217, "longitude": 35.008714557000076, "latitude": 31.233261861000074, "status": "Request", "data_source": "Bimkom", "type": "Village Request" }, "geometry": { "type": "Point", "coordinates": [ 35.008714557000076, 31.233261861000074 ] } },
{ "type": "Feature", "properties": { "OBJECTID": 218, "longitude": 35.02688166300004, "latitude": 31.237695998000049, "status": "Request", "data_source": "Bimkom", "type": "Village Request" }, "geometry": { "type": "Point", "coordinates": [ 35.02688166300004, 31.237695998000049 ] } },
{ "type": "Feature", "properties": { "OBJECTID": 219, "longitude": 34.960960357000033, "latitude": 31.110951773000068, "status": "Built", "data_source": "Bimkom", "type": "Distributed" }, "geometry": { "type": "Point", "coordinates": [ 34.960960357000033, 31.110951773000068 ] } },
{ "type": "Feature", "properties": { "OBJECTID": 220, "longitude": 34.99508938200006, "latitude": 31.235392865000051, "status": "Request", "data_source": "Bimkom", "type": "Village Request" }, "geometry": { "type": "Point", "coordinates": [ 34.99508938200006, 31.235392865000051 ] } },
{ "type": "Feature", "properties": { "OBJECTID": 221, "longitude": 34.992533172000037, "latitude": 31.230967861000067, "status": "Built", "data_source": "Bimkom", "type": "Distributed" }, "geometry": { "type": "Point", "coordinates": [ 34.992533172000037, 31.230967861000067 ] } },
{ "type": "Feature", "properties": { "OBJECTID": 222, "longitude": 35.019536299000038, "latitude": 31.237727654000025, "status": "Request", "data_source": "Bimkom", "type": "Village Request" }, "geometry": { "type": "Point", "coordinates": [ 35.019536299000038, 31.237727654000025 ] } },
{ "type": "Feature", "properties": { "OBJECTID": 223, "longitude": 35.011198997000065, "latitude": 31.241107998000075, "status": "Request", "data_source": "Bimkom", "type": "Village Request" }, "geometry": { "type": "Point", "coordinates": [ 35.011198997000065, 31.241107998000075 ] } },
{ "type": "Feature", "properties": { "OBJECTID": 224, "longitude": 34.95893116700006, "latitude": 31.123465825000039, "status": "Request", "data_source": "Bimkom", "type": "Village Request" }, "geometry": { "type": "Point", "coordinates": [ 34.95893116700006, 31.123465825000039 ] } },
{ "type": "Feature", "properties": { "OBJECTID": 225, "longitude": 35.04840816400008, "latitude": 31.287086716000033, "status": "Request", "data_source": "Bimkom", "type": "Village Request" }, "geometry": { "type": "Point", "coordinates": [ 35.04840816400008, 31.287086716000033 ] } },
{ "type": "Feature", "properties": { "OBJECTID": 227, "longitude": 34.722416313000053, "latitude": 31.321843824000041, "status": "Request", "data_source": "Bimkom", "type": "Village Request" }, "geometry": { "type": "Point", "coordinates": [ 34.722416313000053, 31.321843824000041 ] } },
{ "type": "Feature", "properties": { "OBJECTID": 228, "longitude": 34.988541259000044, "latitude": 31.215289580000046, "status": "Request", "data_source": "Bimkom", "type": "Village Request" }, "geometry": { "type": "Point", "coordinates": [ 34.988541259000044, 31.215289580000046 ] } },
{ "type": "Feature", "properties": { "OBJECTID": 229, "longitude": 34.992786460000048, "latitude": 31.23164257600007, "status": "Request", "data_source": "Bimkom", "type": "Village Request" }, "geometry": { "type": "Point", "coordinates": [ 34.992786460000048, 31.23164257600007 ] } },
{ "type": "Feature", "properties": { "OBJECTID": 230, "longitude": 35.01964736900004, "latitude": 31.237822780000045, "status": "Request", "data_source": "Bimkom", "type": "Village Request" }, "geometry": { "type": "Point", "coordinates": [ 35.01964736900004, 31.237822780000045 ] } },
{ "type": "Feature", "properties": { "OBJECTID": 231, "longitude": 35.011071814000047, "latitude": 31.241515912000068, "status": "Request", "data_source": "Bimkom", "type": "Village Request" }, "geometry": { "type": "Point", "coordinates": [ 35.011071814000047, 31.241515912000068 ] } },
{ "type": "Feature", "properties": { "OBJECTID": 232, "longitude": 35.030943474000026, "latitude": 31.24419348300006, "status": "Request", "data_source": "Bimkom", "type": "Village Request" }, "geometry": { "type": "Point", "coordinates": [ 35.030943474000026, 31.24419348300006 ] } },
{ "type": "Feature", "properties": { "OBJECTID": 233, "longitude": 35.031361548000064, "latitude": 31.241248982000059, "status": "Request", "data_source": "Bimkom", "type": "Village Request" }, "geometry": { "type": "Point", "coordinates": [ 35.031361548000064, 31.241248982000059 ] } },
{ "type": "Feature", "properties": { "OBJECTID": 234, "longitude": 35.02560251500006, "latitude": 31.243243243000052, "status": "Request", "data_source": "Bimkom", "type": "Village Request" }, "geometry": { "type": "Point", "coordinates": [ 35.02560251500006, 31.243243243000052 ] } },
{ "type": "Feature", "properties": { "OBJECTID": 235, "longitude": 35.030726139000024, "latitude": 31.24229039100004, "status": "Request", "data_source": "Bimkom", "type": "Village Request" }, "geometry": { "type": "Point", "coordinates": [ 35.030726139000024, 31.24229039100004 ] } },
{ "type": "Feature", "properties": { "OBJECTID": 236, "longitude": 35.030463569000062, "latitude": 31.240850292000061, "status": "Request", "data_source": "Bimkom", "type": "Village Request" }, "geometry": { "type": "Point", "coordinates": [ 35.030463569000062, 31.240850292000061 ] } },
{ "type": "Feature", "properties": { "OBJECTID": 237, "longitude": 35.029643888000066, "latitude": 31.242400727000074, "status": "Request", "data_source": "Bimkom", "type": "Village Request" }, "geometry": { "type": "Point", "coordinates": [ 35.029643888000066, 31.242400727000074 ] } },
{ "type": "Feature", "properties": { "OBJECTID": 238, "longitude": 35.029212858000051, "latitude": 31.242199739000057, "status": "Request", "data_source": "Bimkom", "type": "Village Request" }, "geometry": { "type": "Point", "coordinates": [ 35.029212858000051, 31.242199739000057 ] } },
{ "type": "Feature", "properties": { "OBJECTID": 239, "longitude": 34.95274444100005, "latitude": 31.139716351000061, "status": "Request", "data_source": "Bimkom", "type": "Village Request" }, "geometry": { "type": "Point", "coordinates": [ 34.95274444100005, 31.139716351000061 ] } },
{ "type": "Feature", "properties": { "OBJECTID": 240, "longitude": 34.746855483000047, "latitude": 31.362588093000056, "status": "Request", "data_source": "Bimkom", "type": "Village Request" }, "geometry": { "type": "Point", "coordinates": [ 34.746855483000047, 31.362588093000056 ] } },
{ "type": "Feature", "properties": { "OBJECTID": 241, "longitude": 35.056638200000101, "latitude": 31.2623541, "status": "Request", "data_source": "Bimkom", "type": "Village Request" }, "geometry": { "type": "Point", "coordinates": [ 35.056638200000066, 31.262354100000039 ] } },
{ "type": "Feature", "properties": { "OBJECTID": 242, "longitude": 35.022536960000025, "latitude": 31.236474302000033, "status": "Request", "data_source": "Bimkom", "type": "Village Request" }, "geometry": { "type": "Point", "coordinates": [ 35.022536960000025, 31.236474302000033 ] } },
{ "type": "Feature", "properties": { "OBJECTID": 243, "longitude": 34.954825, "latitude": 31.1342517, "status": "Request", "data_source": "Bimkom", "type": "Village Request" }, "geometry": { "type": "Point", "coordinates": [ 34.954825, 31.13425170000005 ] } },
{ "type": "Feature", "properties": { "OBJECTID": 244, "longitude": 35.051792546000058, "latitude": 31.266816916000039, "status": "Request", "data_source": "Bimkom", "type": "Village Request" }, "geometry": { "type": "Point", "coordinates": [ 35.051792546000058, 31.266816916000039 ] } },
{ "type": "Feature", "properties": { "OBJECTID": 245, "longitude": 35.020683182000028, "latitude": 31.270196175000024, "status": "Request", "data_source": "Bimkom", "type": "Village Request" }, "geometry": { "type": "Point", "coordinates": [ 35.020683182000028, 31.270196175000024 ] } },
{ "type": "Feature", "properties": { "OBJECTID": 246, "longitude": 35.124148862000027, "latitude": 31.302542662000064, "status": "Request", "data_source": "Bimkom", "type": "Village Request" }, "geometry": { "type": "Point", "coordinates": [ 35.124148862000027, 31.302542662000064 ] } },
{ "type": "Feature", "properties": { "OBJECTID": 247, "longitude": 34.960113066000076, "latitude": 31.125404739000032, "status": "Request", "data_source": "Bimkom", "type": "Village Request" }, "geometry": { "type": "Point", "coordinates": [ 34.960113066000076, 31.125404739000032 ] } },
{ "type": "Feature", "properties": { "OBJECTID": 248, "longitude": 34.9203535, "latitude": 31.2203129000001, "status": "Request", "data_source": "Bimkom", "type": "Village Request" }, "geometry": { "type": "Point", "coordinates": [ 34.920353500000033, 31.220312900000067 ] } },
{ "type": "Feature", "properties": { "OBJECTID": 251, "longitude": 34.936755075000065, "latitude": 31.290365276000045, "status": "Request", "data_source": "Bimkom", "type": "Village Request" }, "geometry": { "type": "Point", "coordinates": [ 34.936755075000065, 31.290365276000045 ] } },
{ "type": "Feature", "properties": { "OBJECTID": 252, "longitude": 34.993012520000036, "latitude": 31.23170798600006, "status": "Request", "data_source": "Bimkom", "type": "Village Request" }, "geometry": { "type": "Point", "coordinates": [ 34.993012520000036, 31.23170798600006 ] } },
{ "type": "Feature", "properties": { "OBJECTID": 253, "longitude": 34.73867, "latitude": 31.34479, "status": "Request", "data_source": "Bimkom", "type": "Village Request" }, "geometry": { "type": "Point", "coordinates": [ 34.73867, 31.34479 ] } },
{ "type": "Feature", "properties": { "OBJECTID": 254, "longitude": 34.993349604000059, "latitude": 31.230448005000028, "status": "Request", "data_source": "Bimkom", "type": "Village Request" }, "geometry": { "type": "Point", "coordinates": [ 34.993349604000059, 31.230448005000028 ] } },
{ "type": "Feature", "properties": { "OBJECTID": 255, "longitude": 34.92213582800008, "latitude": 31.186807558000055, "status": "Request", "data_source": "Bimkom", "type": "Village Request" }, "geometry": { "type": "Point", "coordinates": [ 34.92213582800008, 31.186807558000055 ] } },
{ "type": "Feature", "properties": { "OBJECTID": 256, "longitude": 35.03469616600006, "latitude": 31.271570543000053, "status": "Request", "data_source": "Bimkom", "type": "Village Request" }, "geometry": { "type": "Point", "coordinates": [ 35.03469616600006, 31.271570543000053 ] } },
{ "type": "Feature", "properties": { "OBJECTID": 258, "longitude": 35.028630636000059, "latitude": 31.244727856000054, "status": "Request", "data_source": "Bimkom", "type": "Village Request" }, "geometry": { "type": "Point", "coordinates": [ 35.028630636000059, 31.244727856000054 ] } },
{ "type": "Feature", "properties": { "OBJECTID": 259, "longitude": 34.848724574000073, "latitude": 31.29877110700005, "status": "Request", "data_source": "Bimkom", "type": "Village Request" }, "geometry": { "type": "Point", "coordinates": [ 34.848724574000073, 31.29877110700005 ] } },
{ "type": "Feature", "properties": { "OBJECTID": 260, "longitude": 35.085123965000037, "latitude": 31.250277298000071, "status": "Request", "data_source": "Bimkom", "type": "Village Request" }, "geometry": { "type": "Point", "coordinates": [ 35.085123965000037, 31.250277298000071 ] } },
{ "type": "Feature", "properties": { "OBJECTID": 261, "longitude": 34.97522, "latitude": 31.26204, "status": "Request", "data_source": "Bimkom", "type": "Village Request" }, "geometry": { "type": "Point", "coordinates": [ 34.97522, 31.26204 ] } },
{ "type": "Feature", "properties": { "OBJECTID": 262, "longitude": 34.86257, "latitude": 31.32329, "status": "Request", "data_source": "Bimkom", "type": "Village Request" }, "geometry": { "type": "Point", "coordinates": [ 34.86257, 31.32329 ] } },
{ "type": "Feature", "properties": { "OBJECTID": 263, "longitude": 34.853123203000052, "latitude": 31.32466585700007, "status": "Request", "data_source": "Bimkom", "type": "Village Request" }, "geometry": { "type": "Point", "coordinates": [ 34.853123203000052, 31.32466585700007 ] } },
{ "type": "Feature", "properties": { "OBJECTID": 266, "longitude": 34.81525158900007, "latitude": 31.204156340000054, "status": "Request", "data_source": "Bimkom", "type": "Village Request" }, "geometry": { "type": "Point", "coordinates": [ 34.81525158900007, 31.204156340000054 ] } },
{ "type": "Feature", "properties": { "OBJECTID": 267, "longitude": 34.957362829000033, "latitude": 31.200203645000045, "status": "Request", "data_source": "Bimkom", "type": "Village Request" }, "geometry": { "type": "Point", "coordinates": [ 34.957362829000033, 31.200203645000045 ] } },
{ "type": "Feature", "properties": { "OBJECTID": 269, "longitude": 35.007734479000078, "latitude": 31.232836774000077, "status": "Request", "data_source": "Bimkom", "type": "Village Request" }, "geometry": { "type": "Point", "coordinates": [ 35.007734479000078, 31.232836774000077 ] } },
{ "type": "Feature", "properties": { "OBJECTID": 270, "longitude": 35.16264, "latitude": 31.2238566, "status": "Request", "data_source": "Bimkom", "type": "Village Request" }, "geometry": { "type": "Point", "coordinates": [ 35.16264, 31.223856600000033 ] } },
{ "type": "Feature", "properties": { "OBJECTID": 271, "longitude": 34.899699704000056, "latitude": 31.242042745000049, "status": "Request", "data_source": "Bimkom", "type": "Village Request" }, "geometry": { "type": "Point", "coordinates": [ 34.899699704000056, 31.242042745000049 ] } },
{ "type": "Feature", "properties": { "OBJECTID": 272, "longitude": 34.883138307000024, "latitude": 31.27666798100006, "status": "Request", "data_source": "Bimkom", "type": "Village Request" }, "geometry": { "type": "Point", "coordinates": [ 34.883138307000024, 31.27666798100006 ] } },
{ "type": "Feature", "properties": { "OBJECTID": 273, "longitude": 34.930281749000073, "latitude": 31.20842542400004, "status": "Request", "data_source": "Bimkom", "type": "Village Request" }, "geometry": { "type": "Point", "coordinates": [ 34.930281749000073, 31.20842542400004 ] } },
{ "type": "Feature", "properties": { "OBJECTID": 275, "longitude": 35.146739860000025, "latitude": 31.292601365000053, "status": "Request", "data_source": "Bimkom", "type": "Village Request" }, "geometry": { "type": "Point", "coordinates": [ 35.146739860000025, 31.292601365000053 ] } },
{ "type": "Feature", "properties": { "OBJECTID": 276, "longitude": 35.136506082000039, "latitude": 31.256754522000051, "status": "Request", "data_source": "Bimkom", "type": "Village Request" }, "geometry": { "type": "Point", "coordinates": [ 35.136506082000039, 31.256754522000051 ] } },
{ "type": "Feature", "properties": { "OBJECTID": 277, "longitude": 34.958227178000072, "latitude": 31.198575910000045, "status": "Request", "data_source": "Bimkom", "type": "Village Request" }, "geometry": { "type": "Point", "coordinates": [ 34.958227178000072, 31.198575910000045 ] } },
{ "type": "Feature", "properties": { "OBJECTID": 278, "longitude": 34.8317051000001, "latitude": 31.3099445, "status": "Request", "data_source": "Bimkom", "type": "Village Request" }, "geometry": { "type": "Point", "coordinates": [ 34.831705100000079, 31.309944500000029 ] } },
{ "type": "Feature", "properties": { "OBJECTID": 279, "longitude": 34.910537063000049, "latitude": 31.238597064000032, "status": "Request", "data_source": "Bimkom", "type": "Village Request" }, "geometry": { "type": "Point", "coordinates": [ 34.910537063000049, 31.238597064000032 ] } },
{ "type": "Feature", "properties": { "OBJECTID": 280, "longitude": 34.855487718000063, "latitude": 31.292882774000077, "status": "Built", "data_source": "Bimkom", "type": "Distributed" }, "geometry": { "type": "Point", "coordinates": [ 34.855487718000063, 31.292882774000077 ] } },
{ "type": "Feature", "properties": { "OBJECTID": 281, "longitude": 34.979222593000031, "latitude": 31.213956259000042, "status": "Request", "data_source": "Bimkom", "type": "Village Request" }, "geometry": { "type": "Point", "coordinates": [ 34.979222593000031, 31.213956259000042 ] } },
{ "type": "Feature", "properties": { "OBJECTID": 282, "longitude": 34.97945276400003, "latitude": 31.188089888000036, "status": "Request", "data_source": "Bimkom", "type": "Village Request" }, "geometry": { "type": "Point", "coordinates": [ 34.97945276400003, 31.188089888000036 ] } },
{ "type": "Feature", "properties": { "OBJECTID": 283, "longitude": 34.979769345000079, "latitude": 31.187691255000061, "status": "Request", "data_source": "Bimkom", "type": "Village Request" }, "geometry": { "type": "Point", "coordinates": [ 34.979769345000079, 31.187691255000061 ] } },
{ "type": "Feature", "properties": { "OBJECTID": 285, "longitude": 35.262504, "latitude": 31.2442218, "status": "Request", "data_source": "Bimkom", "type": "Village Request" }, "geometry": { "type": "Point", "coordinates": [ 35.262504, 31.244221800000048 ] } },
{ "type": "Feature", "properties": { "OBJECTID": 286, "longitude": 35.048229463000041, "latitude": 31.275551431000054, "status": "Request", "data_source": "Bimkom", "type": "Village Request" }, "geometry": { "type": "Point", "coordinates": [ 35.048229463000041, 31.275551431000054 ] } },
{ "type": "Feature", "properties": { "OBJECTID": 287, "longitude": 35.089022422000028, "latitude": 31.238837342000068, "status": "Request", "data_source": "Bimkom", "type": "Village Request" }, "geometry": { "type": "Point", "coordinates": [ 35.089022422000028, 31.238837342000068 ] } },
{ "type": "Feature", "properties": { "OBJECTID": 288, "longitude": 34.872606094000048, "latitude": 31.324360293000041, "status": "Request", "data_source": "Bimkom", "type": "Village Request" }, "geometry": { "type": "Point", "coordinates": [ 34.872606094000048, 31.324360293000041 ] } },
{ "type": "Feature", "properties": { "OBJECTID": 289, "longitude": 34.978578010000035, "latitude": 31.206672210000079, "status": "Request", "data_source": "Bimkom", "type": "Village Request" }, "geometry": { "type": "Point", "coordinates": [ 34.978578010000035, 31.206672210000079 ] } },
{ "type": "Feature", "properties": { "OBJECTID": 290, "longitude": 34.696504824000044, "latitude": 31.043720406000034, "status": "Request", "data_source": "Bimkom", "type": "Village Request" }, "geometry": { "type": "Point", "coordinates": [ 34.696504824000044, 31.043720406000034 ] } },
{ "type": "Feature", "properties": { "OBJECTID": 291, "longitude": 34.816319856000064, "latitude": 31.115894027000024, "status": "Request", "data_source": "Bimkom", "type": "Village Request" }, "geometry": { "type": "Point", "coordinates": [ 34.816319856000064, 31.115894027000024 ] } },
{ "type": "Feature", "properties": { "OBJECTID": 292, "longitude": 34.987014561000024, "latitude": 31.080563483000049, "status": "Request", "data_source": "Bimkom", "type": "Village Request" }, "geometry": { "type": "Point", "coordinates": [ 34.987014561000024, 31.080563483000049 ] } },
{ "type": "Feature", "properties": { "OBJECTID": 293, "longitude": 34.9641533000001, "latitude": 31.01282, "status": "Request", "data_source": "Bimkom", "type": "Village Request" }, "geometry": { "type": "Point", "coordinates": [ 34.964153300000078, 31.01282 ] } },
{ "type": "Feature", "properties": { "OBJECTID": 294, "longitude": 34.821721342000046, "latitude": 31.161220858000036, "status": "Built", "data_source": "Bimkom", "type": "Distributed" }, "geometry": { "type": "Point", "coordinates": [ 34.821721342000046, 31.161220858000036 ] } },
{ "type": "Feature", "properties": { "OBJECTID": 296, "longitude": 34.918522897000059, "latitude": 31.144138333000058, "status": "Request", "data_source": "Bimkom", "type": "Village Request" }, "geometry": { "type": "Point", "coordinates": [ 34.918522897000059, 31.144138333000058 ] } },
{ "type": "Feature", "properties": { "OBJECTID": 297, "longitude": 35.118316188000051, "latitude": 31.313660661000029, "status": "Request", "data_source": "Bimkom", "type": "Village Request" }, "geometry": { "type": "Point", "coordinates": [ 35.118316188000051, 31.313660661000029 ] } },
{ "type": "Feature", "properties": { "OBJECTID": 298, "longitude": 34.819937801000037, "latitude": 31.159404170000073, "status": "Request", "data_source": "Bimkom", "type": "Village Request" }, "geometry": { "type": "Point", "coordinates": [ 34.819937801000037, 31.159404170000073 ] } },
{ "type": "Feature", "properties": { "OBJECTID": 299, "longitude": 35.1105454, "latitude": 31.250129700000102, "status": "Request", "data_source": "Bimkom", "type": "Village Request" }, "geometry": { "type": "Point", "coordinates": [ 35.110545400000035, 31.250129700000059 ] } },
{ "type": "Feature", "properties": { "OBJECTID": 300, "longitude": 35.126896703000057, "latitude": 31.238018010000076, "status": "Request", "data_source": "Bimkom", "type": "Village Request" }, "geometry": { "type": "Point", "coordinates": [ 35.126896703000057, 31.238018010000076 ] } },
{ "type": "Feature", "properties": { "OBJECTID": 302, "longitude": 35.13496153300008, "latitude": 31.220706621000033, "status": "Request", "data_source": "Bimkom", "type": "Village Request" }, "geometry": { "type": "Point", "coordinates": [ 35.13496153300008, 31.220706621000033 ] } },
{ "type": "Feature", "properties": { "OBJECTID": 303, "longitude": 35.136820881000062, "latitude": 31.235479045000034, "status": "Request", "data_source": "Bimkom", "type": "Village Request" }, "geometry": { "type": "Point", "coordinates": [ 35.136820881000062, 31.235479045000034 ] } },
{ "type": "Feature", "properties": { "OBJECTID": 304, "longitude": 34.839362597000047, "latitude": 31.312661724000066, "status": "Request", "data_source": "Bimkom", "type": "Village Request" }, "geometry": { "type": "Point", "coordinates": [ 34.839362597000047, 31.312661724000066 ] } },
{ "type": "Feature", "properties": { "OBJECTID": 305, "longitude": 35.121619053000074, "latitude": 31.243255357000066, "status": "Request", "data_source": "Bimkom", "type": "Village Request" }, "geometry": { "type": "Point", "coordinates": [ 35.121619053000074, 31.243255357000066 ] } },
{ "type": "Feature", "properties": { "OBJECTID": 306, "longitude": 35.153631119000067, "latitude": 31.245090983000068, "status": "Request", "data_source": "Bimkom", "type": "Village Request" }, "geometry": { "type": "Point", "coordinates": [ 35.153631119000067, 31.245090983000068 ] } },
{ "type": "Feature", "properties": { "OBJECTID": 307, "longitude": 35.126949937000063, "latitude": 31.23796651400005, "status": "Request", "data_source": "Bimkom", "type": "Village Request" }, "geometry": { "type": "Point", "coordinates": [ 35.126949937000063, 31.23796651400005 ] } },
{ "type": "Feature", "properties": { "OBJECTID": 308, "longitude": 35.1230372000001, "latitude": 31.2468872000001, "status": "Request", "data_source": "Bimkom", "type": "Village Request" }, "geometry": { "type": "Point", "coordinates": [ 35.123037200000056, 31.24688720000006 ] } },
{ "type": "Feature", "properties": { "OBJECTID": 310, "longitude": 35.134991788000036, "latitude": 31.220705699000064, "status": "Request", "data_source": "Bimkom", "type": "Village Request" }, "geometry": { "type": "Point", "coordinates": [ 35.134991788000036, 31.220705699000064 ] } },
{ "type": "Feature", "properties": { "OBJECTID": 311, "longitude": 35.14073888300004, "latitude": 31.234260941000059, "status": "Request", "data_source": "Bimkom", "type": "Village Request" }, "geometry": { "type": "Point", "coordinates": [ 35.14073888300004, 31.234260941000059 ] } },
{ "type": "Feature", "properties": { "OBJECTID": 312, "longitude": 35.024276637000071, "latitude": 31.10754031700003, "status": "Request", "data_source": "Bimkom", "type": "Village Request" }, "geometry": { "type": "Point", "coordinates": [ 35.024276637000071, 31.10754031700003 ] } },
{ "type": "Feature", "properties": { "OBJECTID": 313, "longitude": 35.1218449, "latitude": 31.2401709000001, "status": "Request", "data_source": "Bimkom", "type": "Village Request" }, "geometry": { "type": "Point", "coordinates": [ 35.121844900000042, 31.240170900000066 ] } },
{ "type": "Feature", "properties": { "OBJECTID": 314, "longitude": 35.161442128000033, "latitude": 31.225375361000033, "status": "Request", "data_source": "Bimkom", "type": "Village Request" }, "geometry": { "type": "Point", "coordinates": [ 35.161442128000033, 31.225375361000033 ] } },
{ "type": "Feature", "properties": { "OBJECTID": 315, "longitude": 35.122185257000069, "latitude": 31.243633771000077, "status": "Request", "data_source": "Bimkom", "type": "Village Request" }, "geometry": { "type": "Point", "coordinates": [ 35.122185257000069, 31.243633771000077 ] } },
{ "type": "Feature", "properties": { "OBJECTID": 316, "longitude": 35.1166403, "latitude": 31.2403831, "status": "Request", "data_source": "Bimkom", "type": "Village Request" }, "geometry": { "type": "Point", "coordinates": [ 35.116640300000029, 31.240383100000031 ] } },
{ "type": "Feature", "properties": { "OBJECTID": 317, "longitude": 35.023151299000062, "latitude": 31.110256633000063, "status": "Request", "data_source": "Bimkom", "type": "Village Request" }, "geometry": { "type": "Point", "coordinates": [ 35.023151299000062, 31.110256633000063 ] } },
{ "type": "Feature", "properties": { "OBJECTID": 318, "longitude": 35.1215566000001, "latitude": 31.240195100000101, "status": "Request", "data_source": "Bimkom", "type": "Village Request" }, "geometry": { "type": "Point", "coordinates": [ 35.121556600000076, 31.240195100000051 ] } },
{ "type": "Feature", "properties": { "OBJECTID": 321, "longitude": 35.15230112900008, "latitude": 31.24674569900003, "status": "Request", "data_source": "Bimkom", "type": "Village Request" }, "geometry": { "type": "Point", "coordinates": [ 35.15230112900008, 31.24674569900003 ] } },
{ "type": "Feature", "properties": { "OBJECTID": 322, "longitude": 35.128637753000078, "latitude": 31.243510065000066, "status": "Request", "data_source": "Bimkom", "type": "Village Request" }, "geometry": { "type": "Point", "coordinates": [ 35.128637753000078, 31.243510065000066 ] } },
{ "type": "Feature", "properties": { "OBJECTID": 323, "longitude": 34.9334973000001, "latitude": 31.183442500000101, "status": "Request", "data_source": "Bimkom", "type": "Village Request" }, "geometry": { "type": "Point", "coordinates": [ 34.933497300000056, 31.183442500000069 ] } },
{ "type": "Feature", "properties": { "OBJECTID": 324, "longitude": 35.122896496000067, "latitude": 31.228112373000044, "status": "Request", "data_source": "Bimkom", "type": "Village Request" }, "geometry": { "type": "Point", "coordinates": [ 35.122896496000067, 31.228112373000044 ] } },
{ "type": "Feature", "properties": { "OBJECTID": 325, "longitude": 35.12375, "latitude": 31.2351767000001, "status": "Request", "data_source": "Bimkom", "type": "Village Request" }, "geometry": { "type": "Point", "coordinates": [ 35.12375, 31.235176700000068 ] } },
{ "type": "Feature", "properties": { "OBJECTID": 328, "longitude": 34.943091916000071, "latitude": 31.206780416000072, "status": "Built", "data_source": "Bimkom", "type": "Distributed" }, "geometry": { "type": "Point", "coordinates": [ 34.943091916000071, 31.206780416000072 ] } },
{ "type": "Feature", "properties": { "OBJECTID": 330, "longitude": 34.969053940000038, "latitude": 31.126522515000033, "status": "Request", "data_source": "Bimkom", "type": "Village Request" }, "geometry": { "type": "Point", "coordinates": [ 34.969053940000038, 31.126522515000033 ] } },
{ "type": "Feature", "properties": { "OBJECTID": 331, "longitude": 35.002974556000026, "latitude": 31.230763429000035, "status": "Built", "data_source": "Bimkom", "type": "Distributed" }, "geometry": { "type": "Point", "coordinates": [ 35.002974556000026, 31.230763429000035 ] } },
{ "type": "Feature", "properties": { "OBJECTID": 332, "longitude": 35.0012433000001, "latitude": 31.230246700000102, "status": "Request", "data_source": "Bimkom", "type": "Village Request" }, "geometry": { "type": "Point", "coordinates": [ 35.001243300000056, 31.230246700000066 ] } },
{ "type": "Feature", "properties": { "OBJECTID": 333, "longitude": 35.131680741000025, "latitude": 31.229666088000045, "status": "Request", "data_source": "Bimkom", "type": "Village Request" }, "geometry": { "type": "Point", "coordinates": [ 35.131680741000025, 31.229666088000045 ] } },
{ "type": "Feature", "properties": { "OBJECTID": 334, "longitude": 34.74748788900007, "latitude": 31.363184310000065, "status": "Request", "data_source": "Bimkom", "type": "Village Request" }, "geometry": { "type": "Point", "coordinates": [ 34.74748788900007, 31.363184310000065 ] } },
{ "type": "Feature", "properties": { "OBJECTID": 335, "longitude": 35.024981466000042, "latitude": 31.107544089000044, "status": "Request", "data_source": "Bimkom", "type": "Village Request" }, "geometry": { "type": "Point", "coordinates": [ 35.024981466000042, 31.107544089000044 ] } },
{ "type": "Feature", "properties": { "OBJECTID": 336, "longitude": 35.124731490000045, "latitude": 31.248924437000028, "status": "Request", "data_source": "Bimkom", "type": "Village Request" }, "geometry": { "type": "Point", "coordinates": [ 35.124731490000045, 31.248924437000028 ] } },
{ "type": "Feature", "properties": { "OBJECTID": 337, "longitude": 35.127947401000029, "latitude": 31.234189384000047, "status": "Request", "data_source": "Bimkom", "type": "Village Request" }, "geometry": { "type": "Point", "coordinates": [ 35.127947401000029, 31.234189384000047 ] } },
{ "type": "Feature", "properties": { "OBJECTID": 338, "longitude": 34.951507375000062, "latitude": 31.111231248000024, "status": "Request", "data_source": "Bimkom", "type": "Village Request" }, "geometry": { "type": "Point", "coordinates": [ 34.951507375000062, 31.111231248000024 ] } },
{ "type": "Feature", "properties": { "OBJECTID": 339, "longitude": 34.9226849, "latitude": 31.1887725, "status": "Request", "data_source": "Bimkom", "type": "Village Request" }, "geometry": { "type": "Point", "coordinates": [ 34.922684900000036, 31.188772500000027 ] } },
{ "type": "Feature", "properties": { "OBJECTID": 340, "longitude": 34.951312078000058, "latitude": 31.110470520000035, "status": "Request", "data_source": "Bimkom", "type": "Village Request" }, "geometry": { "type": "Point", "coordinates": [ 34.951312078000058, 31.110470520000035 ] } },
{ "type": "Feature", "properties": { "OBJECTID": 341, "longitude": 35.154580715000066, "latitude": 31.242338492000044, "status": "Request", "data_source": "Bimkom", "type": "Village Request" }, "geometry": { "type": "Point", "coordinates": [ 35.154580715000066, 31.242338492000044 ] } },
{ "type": "Feature", "properties": { "OBJECTID": 343, "longitude": 34.831359612000028, "latitude": 31.094770704000041, "status": "Request", "data_source": "Bimkom", "type": "Village Request" }, "geometry": { "type": "Point", "coordinates": [ 34.831359612000028, 31.094770704000041 ] } },
{ "type": "Feature", "properties": { "OBJECTID": 344, "longitude": 35.039067224000064, "latitude": 31.276966437000056, "status": "Request", "data_source": "Bimkom", "type": "Village Request" }, "geometry": { "type": "Point", "coordinates": [ 35.039067224000064, 31.276966437000056 ] } },
{ "type": "Feature", "properties": { "OBJECTID": 345, "longitude": 34.968122380000068, "latitude": 31.122003545000041, "status": "Request", "data_source": "Bimkom", "type": "Village Request" }, "geometry": { "type": "Point", "coordinates": [ 34.968122380000068, 31.122003545000041 ] } },
{ "type": "Feature", "properties": { "OBJECTID": 346, "longitude": 35.136117435000074, "latitude": 31.235354449000056, "status": "Request", "data_source": "Bimkom", "type": "Village Request" }, "geometry": { "type": "Point", "coordinates": [ 35.136117435000074, 31.235354449000056 ] } },
{ "type": "Feature", "properties": { "OBJECTID": 347, "longitude": 35.136117435000074, "latitude": 31.235354449000056, "status": "Request", "data_source": "Bimkom", "type": "Village Request" }, "geometry": { "type": "Point", "coordinates": [ 35.136117435000074, 31.235354449000056 ] } },
{ "type": "Feature", "properties": { "OBJECTID": 348, "longitude": 35.080040857000029, "latitude": 31.262254690000077, "status": "Request", "data_source": "Bimkom", "type": "Village Request" }, "geometry": { "type": "Point", "coordinates": [ 35.080040857000029, 31.262254690000077 ] } },
{ "type": "Feature", "properties": { "OBJECTID": 349, "longitude": 35.080858963000026, "latitude": 31.263171982000074, "status": "Request", "data_source": "Bimkom", "type": "Village Request" }, "geometry": { "type": "Point", "coordinates": [ 35.080858963000026, 31.263171982000074 ] } },
{ "type": "Feature", "properties": { "OBJECTID": 350, "longitude": 34.963892678000036, "latitude": 31.177888076000045, "status": "Request", "data_source": "Bimkom", "type": "Village Request" }, "geometry": { "type": "Point", "coordinates": [ 34.963892678000036, 31.177888076000045 ] } },
{ "type": "Feature", "properties": { "OBJECTID": 351, "longitude": 34.954408240000078, "latitude": 31.137624811000023, "status": "Request", "data_source": "Bimkom", "type": "Village Request" }, "geometry": { "type": "Point", "coordinates": [ 34.954408240000078, 31.137624811000023 ] } },
{ "type": "Feature", "properties": { "OBJECTID": 352, "longitude": 34.986349626000049, "latitude": 31.077473980000036, "status": "Request", "data_source": "Bimkom", "type": "Village Request" }, "geometry": { "type": "Point", "coordinates": [ 34.986349626000049, 31.077473980000036 ] } },
{ "type": "Feature", "properties": { "OBJECTID": 353, "longitude": 34.98957702000007, "latitude": 31.160501554000064, "status": "Request", "data_source": "Bimkom", "type": "Village Request" }, "geometry": { "type": "Point", "coordinates": [ 34.98957702000007, 31.160501554000064 ] } },
{ "type": "Feature", "properties": { "OBJECTID": 354, "longitude": 35.015581130000044, "latitude": 31.114942625000026, "status": "Request", "data_source": "Bimkom", "type": "Village Request" }, "geometry": { "type": "Point", "coordinates": [ 35.015581130000044, 31.114942625000026 ] } },
{ "type": "Feature", "properties": { "OBJECTID": 355, "longitude": 35.05297272100006, "latitude": 31.231174682000074, "status": "Request", "data_source": "Bimkom", "type": "Village Request" }, "geometry": { "type": "Point", "coordinates": [ 35.05297272100006, 31.231174682000074 ] } },
{ "type": "Feature", "properties": { "OBJECTID": 356, "longitude": 35.053026365000051, "latitude": 31.231142573000056, "status": "Request", "data_source": "Bimkom", "type": "Village Request" }, "geometry": { "type": "Point", "coordinates": [ 35.053026365000051, 31.231142573000056 ] } },
{ "type": "Feature", "properties": { "OBJECTID": 357, "longitude": 35.051030801000024, "latitude": 31.23452773300005, "status": "Request", "data_source": "Bimkom", "type": "Village Request" }, "geometry": { "type": "Point", "coordinates": [ 35.051030801000024, 31.23452773300005 ] } },
{ "type": "Feature", "properties": { "OBJECTID": 358, "longitude": 35.08095, "latitude": 31.24529, "status": "Request", "data_source": "Bimkom", "type": "Village Request" }, "geometry": { "type": "Point", "coordinates": [ 35.08095, 31.24529 ] } },
{ "type": "Feature", "properties": { "OBJECTID": 359, "longitude": 34.893846458000041, "latitude": 31.265633962000038, "status": "Request", "data_source": "Bimkom", "type": "Village Request" }, "geometry": { "type": "Point", "coordinates": [ 34.893846458000041, 31.265633962000038 ] } },
{ "type": "Feature", "properties": { "OBJECTID": 360, "longitude": 34.894830114000058, "latitude": 31.301156602000049, "status": "Request", "data_source": "Bimkom", "type": "Village Request" }, "geometry": { "type": "Point", "coordinates": [ 34.894830114000058, 31.301156602000049 ] } },
{ "type": "Feature", "properties": { "OBJECTID": 361, "longitude": 34.891914831000065, "latitude": 31.267478096000048, "status": "Request", "data_source": "Bimkom", "type": "Village Request" }, "geometry": { "type": "Point", "coordinates": [ 34.891914831000065, 31.267478096000048 ] } },
{ "type": "Feature", "properties": { "OBJECTID": 362, "longitude": 35.011179914000024, "latitude": 31.120022303000042, "status": "Request", "data_source": "Bimkom", "type": "Village Request" }, "geometry": { "type": "Point", "coordinates": [ 35.011179914000024, 31.120022303000042 ] } },
{ "type": "Feature", "properties": { "OBJECTID": 363, "longitude": 35.024804725000024, "latitude": 31.225076406000028, "status": "Request", "data_source": "Bimkom", "type": "Village Request" }, "geometry": { "type": "Point", "coordinates": [ 35.024804725000024, 31.225076406000028 ] } },
{ "type": "Feature", "properties": { "OBJECTID": 364, "longitude": 35.011665029000028, "latitude": 31.112504221000052, "status": "Request", "data_source": "Bimkom", "type": "Village Request" }, "geometry": { "type": "Point", "coordinates": [ 35.011665029000028, 31.112504221000052 ] } },
{ "type": "Feature", "properties": { "OBJECTID": 365, "longitude": 35.0115163, "latitude": 31.1122521, "status": "Request", "data_source": "Bimkom", "type": "Village Request" }, "geometry": { "type": "Point", "coordinates": [ 35.011516300000039, 31.112252100000035 ] } },
{ "type": "Feature", "properties": { "OBJECTID": 366, "longitude": 35.011651995000079, "latitude": 31.111581565000051, "status": "Request", "data_source": "Bimkom", "type": "Village Request" }, "geometry": { "type": "Point", "coordinates": [ 35.011651995000079, 31.111581565000051 ] } },
{ "type": "Feature", "properties": { "OBJECTID": 368, "longitude": 34.82625807900007, "latitude": 31.18146435400007, "status": "Request", "data_source": "Bimkom", "type": "Village Request" }, "geometry": { "type": "Point", "coordinates": [ 34.82625807900007, 31.18146435400007 ] } },
{ "type": "Feature", "properties": { "OBJECTID": 369, "longitude": 35.011074764000057, "latitude": 31.118681593000076, "status": "Request", "data_source": "Bimkom", "type": "Village Request" }, "geometry": { "type": "Point", "coordinates": [ 35.011074764000057, 31.118681593000076 ] } },
{ "type": "Feature", "properties": { "OBJECTID": 370, "longitude": 35.0096868000001, "latitude": 31.1385303000001, "status": "Request", "data_source": "Bimkom", "type": "Village Request" }, "geometry": { "type": "Point", "coordinates": [ 35.009686800000054, 31.13853030000007 ] } },
{ "type": "Feature", "properties": { "OBJECTID": 371, "longitude": 35.00944862700004, "latitude": 31.137935141000071, "status": "Request", "data_source": "Bimkom", "type": "Village Request" }, "geometry": { "type": "Point", "coordinates": [ 35.00944862700004, 31.137935141000071 ] } },
{ "type": "Feature", "properties": { "OBJECTID": 372, "longitude": 35.017467760000045, "latitude": 31.107923129000028, "status": "Request", "data_source": "Bimkom", "type": "Village Request" }, "geometry": { "type": "Point", "coordinates": [ 35.017467760000045, 31.107923129000028 ] } },
{ "type": "Feature", "properties": { "OBJECTID": 373, "longitude": 35.009731600000102, "latitude": 31.1385343000001, "status": "Request", "data_source": "Bimkom", "type": "Village Request" }, "geometry": { "type": "Point", "coordinates": [ 35.009731600000066, 31.13853430000006 ] } },
{ "type": "Feature", "properties": { "OBJECTID": 375, "longitude": 35.138469049000037, "latitude": 31.234544603000074, "status": "Request", "data_source": "Bimkom", "type": "Village Request" }, "geometry": { "type": "Point", "coordinates": [ 35.138469049000037, 31.234544603000074 ] } },
{ "type": "Feature", "properties": { "OBJECTID": 376, "longitude": 35.13219311000006, "latitude": 31.229158233000078, "status": "Request", "data_source": "Bimkom", "type": "Village Request" }, "geometry": { "type": "Point", "coordinates": [ 35.13219311000006, 31.229158233000078 ] } },
{ "type": "Feature", "properties": { "OBJECTID": 377, "longitude": 35.137955978000036, "latitude": 31.234478618000026, "status": "Request", "data_source": "Bimkom", "type": "Village Request" }, "geometry": { "type": "Point", "coordinates": [ 35.137955978000036, 31.234478618000026 ] } },
{ "type": "Feature", "properties": { "OBJECTID": 378, "longitude": 35.13836776900007, "latitude": 31.233224942000049, "status": "Request", "data_source": "Bimkom", "type": "Village Request" }, "geometry": { "type": "Point", "coordinates": [ 35.13836776900007, 31.233224942000049 ] } },
{ "type": "Feature", "properties": { "OBJECTID": 379, "longitude": 35.089832655000066, "latitude": 31.189189189000047, "status": "Request", "data_source": "Bimkom", "type": "Village Request" }, "geometry": { "type": "Point", "coordinates": [ 35.089832655000066, 31.189189189000047 ] } },
{ "type": "Feature", "properties": { "OBJECTID": 380, "longitude": 35.157100917000037, "latitude": 31.230836761000035, "status": "Request", "data_source": "Bimkom", "type": "Village Request" }, "geometry": { "type": "Point", "coordinates": [ 35.157100917000037, 31.230836761000035 ] } },
{ "type": "Feature", "properties": { "OBJECTID": 381, "longitude": 35.157551749000049, "latitude": 31.230768156000067, "status": "Request", "data_source": "Bimkom", "type": "Village Request" }, "geometry": { "type": "Point", "coordinates": [ 35.157551749000049, 31.230768156000067 ] } },
{ "type": "Feature", "properties": { "OBJECTID": 382, "longitude": 35.140374119000057, "latitude": 31.239569750000044, "status": "Request", "data_source": "Bimkom", "type": "Village Request" }, "geometry": { "type": "Point", "coordinates": [ 35.140374119000057, 31.239569750000044 ] } },
{ "type": "Feature", "properties": { "OBJECTID": 383, "longitude": 35.146935116000066, "latitude": 31.230881392000072, "status": "Request", "data_source": "Bimkom", "type": "Village Request" }, "geometry": { "type": "Point", "coordinates": [ 35.146935116000066, 31.230881392000072 ] } },
{ "type": "Feature", "properties": { "OBJECTID": 384, "longitude": 35.146880729000031, "latitude": 31.226215758000023, "status": "Request", "data_source": "Bimkom", "type": "Village Request" }, "geometry": { "type": "Point", "coordinates": [ 35.146880729000031, 31.226215758000023 ] } },
{ "type": "Feature", "properties": { "OBJECTID": 385, "longitude": 35.146836576000055, "latitude": 31.224403332000065, "status": "Request", "data_source": "Bimkom", "type": "Village Request" }, "geometry": { "type": "Point", "coordinates": [ 35.146836576000055, 31.224403332000065 ] } },
{ "type": "Feature", "properties": { "OBJECTID": 386, "longitude": 35.092363153000065, "latitude": 31.215188325000042, "status": "Request", "data_source": "Bimkom", "type": "Village Request" }, "geometry": { "type": "Point", "coordinates": [ 35.092363153000065, 31.215188325000042 ] } },
{ "type": "Feature", "properties": { "OBJECTID": 388, "longitude": 35.1451126000001, "latitude": 31.2330421, "status": "Request", "data_source": "Bimkom", "type": "Village Request" }, "geometry": { "type": "Point", "coordinates": [ 35.145112600000061, 31.233042100000034 ] } },
{ "type": "Feature", "properties": { "OBJECTID": 389, "longitude": 35.145113100000103, "latitude": 31.2330398, "status": "Request", "data_source": "Bimkom", "type": "Village Request" }, "geometry": { "type": "Point", "coordinates": [ 35.14511310000006, 31.233039800000029 ] } },
{ "type": "Feature", "properties": { "OBJECTID": 390, "longitude": 35.139067178000062, "latitude": 31.243675393000046, "status": "Request", "data_source": "Bimkom", "type": "Village Request" }, "geometry": { "type": "Point", "coordinates": [ 35.139067178000062, 31.243675393000046 ] } },
{ "type": "Feature", "properties": { "OBJECTID": 391, "longitude": 35.1450821, "latitude": 31.233385300000101, "status": "Request", "data_source": "Bimkom", "type": "Village Request" }, "geometry": { "type": "Point", "coordinates": [ 35.145082100000025, 31.233385300000066 ] } },
{ "type": "Feature", "properties": { "OBJECTID": 392, "longitude": 35.138464106000072, "latitude": 31.233681513000079, "status": "Request", "data_source": "Bimkom", "type": "Village Request" }, "geometry": { "type": "Point", "coordinates": [ 35.138464106000072, 31.233681513000079 ] } },
{ "type": "Feature", "properties": { "OBJECTID": 393, "longitude": 34.921031326000048, "latitude": 31.190393530000051, "status": "Request", "data_source": "Bimkom", "type": "Village Request" }, "geometry": { "type": "Point", "coordinates": [ 34.921031326000048, 31.190393530000051 ] } },
{ "type": "Feature", "properties": { "OBJECTID": 770, "longitude": 34.938985635111862, "latitude": 31.298734629974248, "status": "Planned", "data_source": "Eshkol", "type": "Meguniot" }, "geometry": { "type": "Point", "coordinates": [ 34.938985635000051, 31.29873463000007 ] } },
{ "type": "Feature", "properties": { "OBJECTID": 776, "longitude": 34.928307988026184, "latitude": 31.298098713419556, "status": "Planned", "data_source": "Eshkol", "type": "Meguniot" }, "geometry": { "type": "Point", "coordinates": [ 34.928307988000029, 31.298098713000059 ] } },
{ "type": "Feature", "properties": { "OBJECTID": 777, "longitude": 34.924992739847362, "latitude": 31.293435278897817, "status": "Planned", "data_source": "Eshkol", "type": "Meguniot" }, "geometry": { "type": "Point", "coordinates": [ 34.92499274000005, 31.29343527900005 ] } },
{ "type": "Feature", "properties": { "OBJECTID": 778, "longitude": 34.923603979019212, "latitude": 31.293818131574344, "status": "Planned", "data_source": "Eshkol", "type": "Meguniot" }, "geometry": { "type": "Point", "coordinates": [ 34.923603979000063, 31.293818132000069 ] } },
{ "type": "Feature", "properties": { "OBJECTID": 779, "longitude": 34.940824945802554, "latitude": 31.29249482923256, "status": "Planned", "data_source": "Eshkol", "type": "Meguniot" }, "geometry": { "type": "Point", "coordinates": [ 34.940824946000077, 31.292494829000077 ] } },
{ "type": "Feature", "properties": { "OBJECTID": 780, "longitude": 34.943352594011543, "latitude": 31.292109441873489, "status": "Planned", "data_source": "Eshkol", "type": "Meguniot" }, "geometry": { "type": "Point", "coordinates": [ 34.943352594000032, 31.292109442000026 ] } },
{ "type": "Feature", "properties": { "OBJECTID": 781, "longitude": 34.946275051217221, "latitude": 31.295408808085423, "status": "Planned", "data_source": "Eshkol", "type": "Meguniot" }, "geometry": { "type": "Point", "coordinates": [ 34.946275051000043, 31.295408808000047 ] } },
{ "type": "Feature", "properties": { "OBJECTID": 782, "longitude": 34.9332533150938, "latitude": 31.295837715809373, "status": "Planned", "data_source": "Eshkol", "type": "Meguniot" }, "geometry": { "type": "Point", "coordinates": [ 34.933253315000059, 31.295837716000051 ] } },
{ "type": "Feature", "properties": { "OBJECTID": 783, "longitude": 34.941473480726074, "latitude": 31.287857156577186, "status": "Planned", "data_source": "Eshkol", "type": "Meguniot" }, "geometry": { "type": "Point", "coordinates": [ 34.94147348100006, 31.287857157000076 ] } },
{ "type": "Feature", "properties": { "OBJECTID": 784, "longitude": 34.939747764484991, "latitude": 31.289828524302614, "status": "Planned", "data_source": "Eshkol", "type": "Meguniot" }, "geometry": { "type": "Point", "coordinates": [ 34.93974776400006, 31.289828524000029 ] } },
{ "type": "Feature", "properties": { "OBJECTID": 785, "longitude": 34.926970742528184, "latitude": 31.293987617995747, "status": "Planned", "data_source": "Eshkol", "type": "Meguniot" }, "geometry": { "type": "Point", "coordinates": [ 34.926970743000027, 31.293987618000074 ] } },
{ "type": "Feature", "properties": { "OBJECTID": 786, "longitude": 34.928153180693869, "latitude": 31.292174774561076, "status": "Planned", "data_source": "Eshkol", "type": "Meguniot" }, "geometry": { "type": "Point", "coordinates": [ 34.928153181000027, 31.292174775000035 ] } },
{ "type": "Feature", "properties": { "OBJECTID": 791, "longitude": 34.925644363863462, "latitude": 31.298290535402032, "status": "Planned", "data_source": "Eshkol", "type": "Meguniot" }, "geometry": { "type": "Point", "coordinates": [ 34.92564436400005, 31.298290535000035 ] } },
{ "type": "Feature", "properties": { "OBJECTID": 792, "longitude": 34.942395852194863, "latitude": 31.301152811469819, "status": "Planned", "data_source": "Eshkol", "type": "Meguniot" }, "geometry": { "type": "Point", "coordinates": [ 34.942395852000061, 31.301152811000065 ] } },
{ "type": "Feature", "properties": { "OBJECTID": 793, "longitude": 34.942374179767803, "latitude": 31.3011513350374, "status": "Planned", "data_source": "Eshkol", "type": "Meguniot" }, "geometry": { "type": "Point", "coordinates": [ 34.942374180000058, 31.301151335000043 ] } },
{ "type": "Feature", "properties": { "OBJECTID": 794, "longitude": 34.942425867435261, "latitude": 31.301152872690828, "status": "Planned", "data_source": "Eshkol", "type": "Meguniot" }, "geometry": { "type": "Point", "coordinates": [ 34.942425867000054, 31.301152873000035 ] } },
{ "type": "Feature", "properties": { "OBJECTID": 795, "longitude": 34.950054505284413, "latitude": 31.299826176810175, "status": "Planned", "data_source": "Eshkol", "type": "Meguniot" }, "geometry": { "type": "Point", "coordinates": [ 34.950054505000026, 31.299826177000057 ] } },
{ "type": "Feature", "properties": { "OBJECTID": 796, "longitude": 34.945591169285208, "latitude": 31.300550814407679, "status": "Planned", "data_source": "Eshkol", "type": "Meguniot" }, "geometry": { "type": "Point", "coordinates": [ 34.945591169000068, 31.300550814000076 ] } },
{ "type": "Feature", "properties": { "OBJECTID": 797, "longitude": 34.951332022249019, "latitude": 31.303132461100716, "status": "Planned", "data_source": "Eshkol", "type": "Meguniot" }, "geometry": { "type": "Point", "coordinates": [ 34.951332022000031, 31.303132461000075 ] } },
{ "type": "Feature", "properties": { "OBJECTID": 798, "longitude": 34.951345415742999, "latitude": 31.303112442671537, "status": "Planned", "data_source": "Eshkol", "type": "Meguniot" }, "geometry": { "type": "Point", "coordinates": [ 34.951345416000038, 31.303112443000032 ] } },
{ "type": "Feature", "properties": { "OBJECTID": 799, "longitude": 34.945631137104577, "latitude": 31.300569507529087, "status": "Planned", "data_source": "Eshkol", "type": "Meguniot" }, "geometry": { "type": "Point", "coordinates": [ 34.945631137000078, 31.300569508000024 ] } },
{ "type": "Feature", "properties": { "OBJECTID": 800, "longitude": 34.940891257066255, "latitude": 31.297219227680372, "status": "Planned", "data_source": "Eshkol", "type": "Meguniot" }, "geometry": { "type": "Point", "coordinates": [ 34.940891257000033, 31.297219228000074 ] } },
{ "type": "Feature", "properties": { "OBJECTID": 801, "longitude": 34.941481185551837, "latitude": 31.295867465876505, "status": "Planned", "data_source": "Eshkol", "type": "Meguniot" }, "geometry": { "type": "Point", "coordinates": [ 34.941481186000033, 31.295867466000061 ] } },
{ "type": "Feature", "properties": { "OBJECTID": 803, "longitude": 34.937511404554222, "latitude": 31.280850898467435, "status": "Planned", "data_source": "Eshkol", "type": "Meguniot" }, "geometry": { "type": "Point", "coordinates": [ 34.937511405000066, 31.28085089800004 ] } },
{ "type": "Feature", "properties": { "OBJECTID": 804, "longitude": 34.94146257398863, "latitude": 31.282775671088444, "status": "Planned", "data_source": "Eshkol", "type": "Meguniot" }, "geometry": { "type": "Point", "coordinates": [ 34.94146257400007, 31.282775671000024 ] } },
{ "type": "Feature", "properties": { "OBJECTID": 805, "longitude": 34.941450441367635, "latitude": 31.282741997929705, "status": "Planned", "data_source": "Eshkol", "type": "Meguniot" }, "geometry": { "type": "Point", "coordinates": [ 34.941450441000029, 31.282741998000063 ] } },
{ "type": "Feature", "properties": { "OBJECTID": 806, "longitude": 34.929876062826246, "latitude": 31.308864435365113, "status": "Planned", "data_source": "Eshkol", "type": "Meguniot" }, "geometry": { "type": "Point", "coordinates": [ 34.929876063000052, 31.308864435000032 ] } },
{ "type": "Feature", "properties": { "OBJECTID": 807, "longitude": 34.931212459780021, "latitude": 31.307859299720946, "status": "Planned", "data_source": "Eshkol", "type": "Meguniot" }, "geometry": { "type": "Point", "coordinates": [ 34.93121246000004, 31.307859300000075 ] } },
{ "type": "Feature", "properties": { "OBJECTID": 809, "longitude": 34.750265150701097, "latitude": 31.34284893057043, "status": "Planned", "data_source": "Eshkol", "type": "Meguniot" }, "geometry": { "type": "Point", "coordinates": [ 34.750265151000065, 31.342848931000049 ] } },
{ "type": "Feature", "properties": { "OBJECTID": 811, "longitude": 34.885438902957283, "latitude": 31.277009750180614, "status": "Planned", "data_source": "Eshkol", "type": "Meguniot" }, "geometry": { "type": "Point", "coordinates": [ 34.885438903000079, 31.277009750000047 ] } },
{ "type": "Feature", "properties": { "OBJECTID": 812, "longitude": 34.885438902957283, "latitude": 31.277009750180614, "status": "Planned", "data_source": "Eshkol", "type": "Meguniot" }, "geometry": { "type": "Point", "coordinates": [ 34.885438903000079, 31.277009750000047 ] } },
{ "type": "Feature", "properties": { "OBJECTID": 813, "longitude": 34.874028404640789, "latitude": 31.281509655590568, "status": "Planned", "data_source": "Eshkol", "type": "Meguniot" }, "geometry": { "type": "Point", "coordinates": [ 34.874028405000047, 31.281509656000026 ] } },
{ "type": "Feature", "properties": { "OBJECTID": 815, "longitude": 34.970176999079811, "latitude": 31.260842328896196, "status": "Planned", "data_source": "Eshkol", "type": "Meguniot" }, "geometry": { "type": "Point", "coordinates": [ 34.970176999000046, 31.26084232900007 ] } },
{ "type": "Feature", "properties": { "OBJECTID": 818, "longitude": 34.958959632587828, "latitude": 31.25690669693741, "status": "Planned", "data_source": "Eshkol", "type": "Meguniot" }, "geometry": { "type": "Point", "coordinates": [ 34.958959633000063, 31.256906697000034 ] } },
{ "type": "Feature", "properties": { "OBJECTID": 819, "longitude": 34.958998620877331, "latitude": 31.256868589880522, "status": "Planned", "data_source": "Eshkol", "type": "Meguniot" }, "geometry": { "type": "Point", "coordinates": [ 34.958998621000035, 31.256868590000067 ] } },
{ "type": "Feature", "properties": { "OBJECTID": 820, "longitude": 35.037442889088979, "latitude": 31.266138453882064, "status": "Planned", "data_source": "Eshkol", "type": "Meguniot" }, "geometry": { "type": "Point", "coordinates": [ 35.037442889000033, 31.266138454000043 ] } },
{ "type": "Feature", "properties": { "OBJECTID": 821, "longitude": 35.037453675984246, "latitude": 31.266165672250985, "status": "Planned", "data_source": "Eshkol", "type": "Meguniot" }, "geometry": { "type": "Point", "coordinates": [ 35.037453676000041, 31.266165672000056 ] } },
{ "type": "Feature", "properties": { "OBJECTID": 822, "longitude": 35.125168180293542, "latitude": 31.296266258757932, "status": "Planned", "data_source": "Eshkol", "type": "Meguniot" }, "geometry": { "type": "Point", "coordinates": [ 35.12516818000006, 31.296266259000049 ] } },
{ "type": "Feature", "properties": { "OBJECTID": 828, "longitude": 34.702301692746865, "latitude": 31.025811843833704, "status": "Planned", "data_source": "Eshkol", "type": "Meguniot" }, "geometry": { "type": "Point", "coordinates": [ 34.702301693000038, 31.025811844000032 ] } },
{ "type": "Feature", "properties": { "OBJECTID": 829, "longitude": 34.712532009293668, "latitude": 31.017927545777884, "status": "Planned", "data_source": "Eshkol", "type": "Meguniot" }, "geometry": { "type": "Point", "coordinates": [ 34.712532009000029, 31.017927546000067 ] } },
{ "type": "Feature", "properties": { "OBJECTID": 830, "longitude": 34.715853189772268, "latitude": 31.01681143882977, "status": "Planned", "data_source": "Eshkol", "type": "Meguniot" }, "geometry": { "type": "Point", "coordinates": [ 34.715853190000075, 31.016811439000037 ] } },
{ "type": "Feature", "properties": { "OBJECTID": 831, "longitude": 34.705972186651366, "latitude": 31.032924260428768, "status": "Planned", "data_source": "Eshkol", "type": "Meguniot" }, "geometry": { "type": "Point", "coordinates": [ 34.705972187000043, 31.032924260000073 ] } },
{ "type": "Feature", "properties": { "OBJECTID": 832, "longitude": 34.707016407645256, "latitude": 31.023458017481424, "status": "Planned", "data_source": "Eshkol", "type": "Meguniot" }, "geometry": { "type": "Point", "coordinates": [ 34.707016408000072, 31.023458017000053 ] } },
{ "type": "Feature", "properties": { "OBJECTID": 833, "longitude": 34.715430417260244, "latitude": 31.026737115497578, "status": "Planned", "data_source": "Eshkol", "type": "Meguniot" }, "geometry": { "type": "Point", "coordinates": [ 34.71543041700005, 31.02673711500006 ] } },
{ "type": "Feature", "properties": { "OBJECTID": 834, "longitude": 34.722668148839631, "latitude": 31.014119233017368, "status": "Planned", "data_source": "Eshkol", "type": "Meguniot" }, "geometry": { "type": "Point", "coordinates": [ 34.722668149000071, 31.014119233000031 ] } },
{ "type": "Feature", "properties": { "OBJECTID": 835, "longitude": 34.988780459339502, "latitude": 31.07613377979013, "status": "Planned", "data_source": "Eshkol", "type": "Meguniot" }, "geometry": { "type": "Point", "coordinates": [ 34.988780459000054, 31.076133780000077 ] } },
{ "type": "Feature", "properties": { "OBJECTID": 836, "longitude": 34.987713195791777, "latitude": 31.08005541567967, "status": "Planned", "data_source": "Eshkol", "type": "Meguniot" }, "geometry": { "type": "Point", "coordinates": [ 34.987713196000072, 31.08005541600005 ] } },
{ "type": "Feature", "properties": { "OBJECTID": 837, "longitude": 34.983840249203674, "latitude": 31.078145764608525, "status": "Planned", "data_source": "Eshkol", "type": "Meguniot" }, "geometry": { "type": "Point", "coordinates": [ 34.983840249000025, 31.078145765000045 ] } },
{ "type": "Feature", "properties": { "OBJECTID": 838, "longitude": 34.98109993526004, "latitude": 31.075913265792046, "status": "Planned", "data_source": "Eshkol", "type": "Meguniot" }, "geometry": { "type": "Point", "coordinates": [ 34.981099935000032, 31.075913266000043 ] } },
{ "type": "Feature", "properties": { "OBJECTID": 839, "longitude": 34.978721174696894, "latitude": 31.081540770803681, "status": "Planned", "data_source": "Eshkol", "type": "Meguniot" }, "geometry": { "type": "Point", "coordinates": [ 34.978721175000032, 31.08154077100005 ] } },
{ "type": "Feature", "properties": { "OBJECTID": 840, "longitude": 34.976746266075537, "latitude": 31.082381556769111, "status": "Planned", "data_source": "Eshkol", "type": "Meguniot" }, "geometry": { "type": "Point", "coordinates": [ 34.976746266000077, 31.082381557000076 ] } },
{ "type": "Feature", "properties": { "OBJECTID": 841, "longitude": 34.977285090947497, "latitude": 31.084953023224319, "status": "Planned", "data_source": "Eshkol", "type": "Meguniot" }, "geometry": { "type": "Point", "coordinates": [ 34.977285091000056, 31.084953023000025 ] } },
{ "type": "Feature", "properties": { "OBJECTID": 842, "longitude": 34.979746987339745, "latitude": 31.090251401468638, "status": "Planned", "data_source": "Eshkol", "type": "Meguniot" }, "geometry": { "type": "Point", "coordinates": [ 34.979746987000055, 31.090251401000046 ] } },
{ "type": "Feature", "properties": { "OBJECTID": 843, "longitude": 34.981721085719904, "latitude": 31.091700980578491, "status": "Planned", "data_source": "Eshkol", "type": "Meguniot" }, "geometry": { "type": "Point", "coordinates": [ 34.98172108600005, 31.091700981000031 ] } },
{ "type": "Feature", "properties": { "OBJECTID": 844, "longitude": 34.982314913959407, "latitude": 31.094188577542067, "status": "Planned", "data_source": "Eshkol", "type": "Meguniot" }, "geometry": { "type": "Point", "coordinates": [ 34.982314914000028, 31.094188578000058 ] } },
{ "type": "Feature", "properties": { "OBJECTID": 845, "longitude": 34.980281693497872, "latitude": 31.094158001367184, "status": "Planned", "data_source": "Eshkol", "type": "Meguniot" }, "geometry": { "type": "Point", "coordinates": [ 34.980281693000052, 31.094158001000039 ] } },
{ "type": "Feature", "properties": { "OBJECTID": 846, "longitude": 34.959610497550308, "latitude": 31.123893171891076, "status": "Planned", "data_source": "Eshkol", "type": "Meguniot" }, "geometry": { "type": "Point", "coordinates": [ 34.959610498000075, 31.123893172000066 ] } },
{ "type": "Feature", "properties": { "OBJECTID": 847, "longitude": 34.960404715145508, "latitude": 31.126206897414853, "status": "Planned", "data_source": "Eshkol", "type": "Meguniot" }, "geometry": { "type": "Point", "coordinates": [ 34.960404715000038, 31.126206897000031 ] } },
{ "type": "Feature", "properties": { "OBJECTID": 848, "longitude": 34.966433422460433, "latitude": 31.137398805205965, "status": "Planned", "data_source": "Eshkol", "type": "Meguniot" }, "geometry": { "type": "Point", "coordinates": [ 34.96643342200008, 31.137398805000032 ] } },
{ "type": "Feature", "properties": { "OBJECTID": 850, "longitude": 34.954501875946185, "latitude": 31.136979365766987, "status": "Planned", "data_source": "Eshkol", "type": "Meguniot" }, "geometry": { "type": "Point", "coordinates": [ 34.954501876000052, 31.136979366000048 ] } },
{ "type": "Feature", "properties": { "OBJECTID": 851, "longitude": 34.949628154539873, "latitude": 31.140126564599846, "status": "Planned", "data_source": "Eshkol", "type": "Meguniot" }, "geometry": { "type": "Point", "coordinates": [ 34.949628155000028, 31.14012656500006 ] } },
{ "type": "Feature", "properties": { "OBJECTID": 856, "longitude": 34.976391256669473, "latitude": 31.143252285257262, "status": "Planned", "data_source": "Eshkol", "type": "Meguniot" }, "geometry": { "type": "Point", "coordinates": [ 34.976391257000046, 31.143252285000074 ] } },
{ "type": "Feature", "properties": { "OBJECTID": 857, "longitude": 34.912987352802823, "latitude": 31.191097748477727, "status": "Planned", "data_source": "Eshkol", "type": "Meguniot" }, "geometry": { "type": "Point", "coordinates": [ 34.912987353000062, 31.191097748000061 ] } },
{ "type": "Feature", "properties": { "OBJECTID": 858, "longitude": 34.909729342303798, "latitude": 31.190927910199861, "status": "Planned", "data_source": "Eshkol", "type": "Meguniot" }, "geometry": { "type": "Point", "coordinates": [ 34.909729342000048, 31.190927910000028 ] } },
{ "type": "Feature", "properties": { "OBJECTID": 859, "longitude": 34.90891788943587, "latitude": 31.185334154093223, "status": "Planned", "data_source": "Eshkol", "type": "Meguniot" }, "geometry": { "type": "Point", "coordinates": [ 34.908917889000065, 31.185334154000032 ] } },
{ "type": "Feature", "properties": { "OBJECTID": 860, "longitude": 34.916501249976747, "latitude": 31.185847394746805, "status": "Planned", "data_source": "Eshkol", "type": "Meguniot" }, "geometry": { "type": "Point", "coordinates": [ 34.916501250000067, 31.185847395000053 ] } },
{ "type": "Feature", "properties": { "OBJECTID": 862, "longitude": 34.92133283938422, "latitude": 31.187880552213944, "status": "Planned", "data_source": "Eshkol", "type": "Meguniot" }, "geometry": { "type": "Point", "coordinates": [ 34.921332839000058, 31.187880552000024 ] } },
{ "type": "Feature", "properties": { "OBJECTID": 863, "longitude": 34.935250483197876, "latitude": 31.185175448891318, "status": "Planned", "data_source": "Eshkol", "type": "Meguniot" }, "geometry": { "type": "Point", "coordinates": [ 34.935250483000061, 31.185175449000042 ] } },
{ "type": "Feature", "properties": { "OBJECTID": 864, "longitude": 34.935756452891056, "latitude": 31.1815905456241, "status": "Planned", "data_source": "Eshkol", "type": "Meguniot" }, "geometry": { "type": "Point", "coordinates": [ 34.935756453000067, 31.181590546000052 ] } },
{ "type": "Feature", "properties": { "OBJECTID": 865, "longitude": 34.939729441344817, "latitude": 31.180081800828432, "status": "Planned", "data_source": "Eshkol", "type": "Meguniot" }, "geometry": { "type": "Point", "coordinates": [ 34.939729441000054, 31.180081801000028 ] } },
{ "type": "Feature", "properties": { "OBJECTID": 866, "longitude": 34.93965385354943, "latitude": 31.184453706365737, "status": "Planned", "data_source": "Eshkol", "type": "Meguniot" }, "geometry": { "type": "Point", "coordinates": [ 34.939653854000028, 31.184453706000056 ] } },
{ "type": "Feature", "properties": { "OBJECTID": 867, "longitude": 34.877240450154424, "latitude": 31.24178949597469, "status": "Planned", "data_source": "Eshkol", "type": "Meguniot" }, "geometry": { "type": "Point", "coordinates": [ 34.877240450000045, 31.241789496000024 ] } },
{ "type": "Feature", "properties": { "OBJECTID": 907, "longitude": 34.862646852586558, "latitude": 31.26000615404331, "status": "Planned", "data_source": "Eshkol", "type": "Meguniot" }, "geometry": { "type": "Point", "coordinates": [ 34.862646853000058, 31.260006154000052 ] } },
{ "type": "Feature", "properties": { "OBJECTID": 908, "longitude": 34.861148945248161, "latitude": 31.259043600989429, "status": "Planned", "data_source": "Eshkol", "type": "Meguniot" }, "geometry": { "type": "Point", "coordinates": [ 34.861148945000025, 31.25904360100003 ] } },
{ "type": "Feature", "properties": { "OBJECTID": 909, "longitude": 34.859355247173731, "latitude": 31.258599405052809, "status": "Planned", "data_source": "Eshkol", "type": "Meguniot" }, "geometry": { "type": "Point", "coordinates": [ 34.859355247000053, 31.258599405000041 ] } },
{ "type": "Feature", "properties": { "OBJECTID": 911, "longitude": 34.863458138496213, "latitude": 31.261962800517999, "status": "Planned", "data_source": "Eshkol", "type": "Meguniot" }, "geometry": { "type": "Point", "coordinates": [ 34.863458138000055, 31.261962801000038 ] } },
{ "type": "Feature", "properties": { "OBJECTID": 912, "longitude": 34.866875385176776, "latitude": 31.257789616652673, "status": "Planned", "data_source": "Eshkol", "type": "Meguniot" }, "geometry": { "type": "Point", "coordinates": [ 34.866875385000071, 31.257789617000071 ] } },
{ "type": "Feature", "properties": { "OBJECTID": 913, "longitude": 34.868502376280055, "latitude": 31.257884069127282, "status": "Planned", "data_source": "Eshkol", "type": "Meguniot" }, "geometry": { "type": "Point", "coordinates": [ 34.868502376000038, 31.257884069000056 ] } },
{ "type": "Feature", "properties": { "OBJECTID": 917, "longitude": 34.87826602930744, "latitude": 31.328780816148221, "status": "Planned", "data_source": "Eshkol", "type": "Meguniot" }, "geometry": { "type": "Point", "coordinates": [ 34.878266029000031, 31.328780816000062 ] } },
{ "type": "Feature", "properties": { "OBJECTID": 918, "longitude": 34.879000383587552, "latitude": 31.327823060283251, "status": "Planned", "data_source": "Eshkol", "type": "Meguniot" }, "geometry": { "type": "Point", "coordinates": [ 34.879000384000051, 31.327823060000071 ] } },
{ "type": "Feature", "properties": { "OBJECTID": 919, "longitude": 34.877982414518129, "latitude": 31.327421476470604, "status": "Planned", "data_source": "Eshkol", "type": "Meguniot" }, "geometry": { "type": "Point", "coordinates": [ 34.877982415000076, 31.32742147600004 ] } },
{ "type": "Feature", "properties": { "OBJECTID": 920, "longitude": 34.876874915644336, "latitude": 31.325600068734794, "status": "Planned", "data_source": "Eshkol", "type": "Meguniot" }, "geometry": { "type": "Point", "coordinates": [ 34.876874916000077, 31.325600069000075 ] } },
{ "type": "Feature", "properties": { "OBJECTID": 921, "longitude": 34.872588029285033, "latitude": 31.325589061049811, "status": "Planned", "data_source": "Eshkol", "type": "Meguniot" }, "geometry": { "type": "Point", "coordinates": [ 34.872588029000042, 31.325589061000073 ] } },
{ "type": "Feature", "properties": { "OBJECTID": 922, "longitude": 34.868304864806554, "latitude": 31.32454980512518, "status": "Planned", "data_source": "Eshkol", "type": "Meguniot" }, "geometry": { "type": "Point", "coordinates": [ 34.868304865000027, 31.324549805000061 ] } },
{ "type": "Feature", "properties": { "OBJECTID": 923, "longitude": 34.866843468342694, "latitude": 31.324494063379927, "status": "Planned", "data_source": "Eshkol", "type": "Meguniot" }, "geometry": { "type": "Point", "coordinates": [ 34.86684346800007, 31.324494063000031 ] } },
{ "type": "Feature", "properties": { "OBJECTID": 924, "longitude": 34.863656786995904, "latitude": 31.324821873026774, "status": "Planned", "data_source": "Eshkol", "type": "Meguniot" }, "geometry": { "type": "Point", "coordinates": [ 34.863656787000025, 31.324821873000076 ] } },
{ "type": "Feature", "properties": { "OBJECTID": 925, "longitude": 34.862449198543345, "latitude": 31.325227131840052, "status": "Planned", "data_source": "Eshkol", "type": "Meguniot" }, "geometry": { "type": "Point", "coordinates": [ 34.862449199000025, 31.325227132000066 ] } },
{ "type": "Feature", "properties": { "OBJECTID": 926, "longitude": 34.860982420399885, "latitude": 31.325281389211266, "status": "Planned", "data_source": "Eshkol", "type": "Meguniot" }, "geometry": { "type": "Point", "coordinates": [ 34.860982420000028, 31.325281389000054 ] } },
{ "type": "Feature", "properties": { "OBJECTID": 927, "longitude": 34.860251942657115, "latitude": 31.325492622835718, "status": "Planned", "data_source": "Eshkol", "type": "Meguniot" }, "geometry": { "type": "Point", "coordinates": [ 34.860251943000037, 31.325492623000059 ] } },
{ "type": "Feature", "properties": { "OBJECTID": 928, "longitude": 34.859594518882687, "latitude": 31.325227072845063, "status": "Planned", "data_source": "Eshkol", "type": "Meguniot" }, "geometry": { "type": "Point", "coordinates": [ 34.859594519000041, 31.325227073000065 ] } },
{ "type": "Feature", "properties": { "OBJECTID": 929, "longitude": 34.868511358895326, "latitude": 31.325553748356143, "status": "Planned", "data_source": "Eshkol", "type": "Meguniot" }, "geometry": { "type": "Point", "coordinates": [ 34.868511359000024, 31.325553748000061 ] } },
{ "type": "Feature", "properties": { "OBJECTID": 930, "longitude": 34.859151289741384, "latitude": 31.323761288535898, "status": "Planned", "data_source": "Eshkol", "type": "Meguniot" }, "geometry": { "type": "Point", "coordinates": [ 34.859151290000057, 31.323761289000061 ] } },
{ "type": "Feature", "properties": { "OBJECTID": 931, "longitude": 34.863156505687826, "latitude": 31.319799486938646, "status": "Planned", "data_source": "Eshkol", "type": "Meguniot" }, "geometry": { "type": "Point", "coordinates": [ 34.863156506000053, 31.319799487000068 ] } },
{ "type": "Feature", "properties": { "OBJECTID": 932, "longitude": 34.862355260014517, "latitude": 31.322818273541916, "status": "Planned", "data_source": "Eshkol", "type": "Meguniot" }, "geometry": { "type": "Point", "coordinates": [ 34.862355260000072, 31.322818274000042 ] } },
{ "type": "Feature", "properties": { "OBJECTID": 933, "longitude": 34.863676434832641, "latitude": 31.317717071725323, "status": "Planned", "data_source": "Eshkol", "type": "Meguniot" }, "geometry": { "type": "Point", "coordinates": [ 34.863676435000059, 31.31771707200005 ] } },
{ "type": "Feature", "properties": { "OBJECTID": 934, "longitude": 34.864323332728162, "latitude": 31.316541869158947, "status": "Planned", "data_source": "Eshkol", "type": "Meguniot" }, "geometry": { "type": "Point", "coordinates": [ 34.864323333000073, 31.316541869000048 ] } },
{ "type": "Feature", "properties": { "OBJECTID": 935, "longitude": 34.865692841402613, "latitude": 31.317884718428363, "status": "Planned", "data_source": "Eshkol", "type": "Meguniot" }, "geometry": { "type": "Point", "coordinates": [ 34.865692841000055, 31.317884718000073 ] } },
{ "type": "Feature", "properties": { "OBJECTID": 936, "longitude": 34.856052780576306, "latitude": 31.318041135805835, "status": "Planned", "data_source": "Eshkol", "type": "Meguniot" }, "geometry": { "type": "Point", "coordinates": [ 34.856052781000074, 31.318041136000033 ] } },
{ "type": "Feature", "properties": { "OBJECTID": 937, "longitude": 34.861809246818105, "latitude": 31.316756692567903, "status": "Planned", "data_source": "Eshkol", "type": "Meguniot" }, "geometry": { "type": "Point", "coordinates": [ 34.861809247000053, 31.316756693000059 ] } },
{ "type": "Feature", "properties": { "OBJECTID": 938, "longitude": 34.8595402440721, "latitude": 31.331267652865826, "status": "Planned", "data_source": "Eshkol", "type": "Meguniot" }, "geometry": { "type": "Point", "coordinates": [ 34.859540244000073, 31.331267653000054 ] } },
{ "type": "Feature", "properties": { "OBJECTID": 939, "longitude": 34.858496394451265, "latitude": 31.318951334801188, "status": "Planned", "data_source": "Eshkol", "type": "Meguniot" }, "geometry": { "type": "Point", "coordinates": [ 34.858496394000042, 31.318951335000065 ] } },
{ "type": "Feature", "properties": { "OBJECTID": 940, "longitude": 34.872444583553197, "latitude": 31.324376573566738, "status": "Planned", "data_source": "Eshkol", "type": "Meguniot" }, "geometry": { "type": "Point", "coordinates": [ 34.87244458400005, 31.324376574000041 ] } },
{ "type": "Feature", "properties": { "OBJECTID": 941, "longitude": 34.875006408552103, "latitude": 31.322837914968805, "status": "Planned", "data_source": "Eshkol", "type": "Meguniot" }, "geometry": { "type": "Point", "coordinates": [ 34.875006409000036, 31.322837915000036 ] } },
{ "type": "Feature", "properties": { "OBJECTID": 942, "longitude": 34.878090072467636, "latitude": 31.321811187745539, "status": "Planned", "data_source": "Eshkol", "type": "Meguniot" }, "geometry": { "type": "Point", "coordinates": [ 34.878090072000077, 31.321811188000027 ] } },
{ "type": "Feature", "properties": { "OBJECTID": 943, "longitude": 34.858628482087994, "latitude": 31.310452731358687, "status": "Planned", "data_source": "Eshkol", "type": "Meguniot" }, "geometry": { "type": "Point", "coordinates": [ 34.858628482000029, 31.310452731000055 ] } },
{ "type": "Feature", "properties": { "OBJECTID": 944, "longitude": 34.877874952304289, "latitude": 31.328815807790981, "status": "Planned", "data_source": "Eshkol", "type": "Meguniot" }, "geometry": { "type": "Point", "coordinates": [ 34.87787495200007, 31.328815808000058 ] } },
{ "type": "Feature", "properties": { "OBJECTID": 945, "longitude": 34.871881500605433, "latitude": 31.325042000626954, "status": "Planned", "data_source": "Eshkol", "type": "Meguniot" }, "geometry": { "type": "Point", "coordinates": [ 34.871881501000075, 31.325042001000043 ] } },
{ "type": "Feature", "properties": { "OBJECTID": 946, "longitude": 34.882903616763279, "latitude": 31.320738469843512, "status": "Planned", "data_source": "Eshkol", "type": "Meguniot" }, "geometry": { "type": "Point", "coordinates": [ 34.882903617000068, 31.320738470000038 ] } },
{ "type": "Feature", "properties": { "OBJECTID": 947, "longitude": 34.874727205736129, "latitude": 31.330602539105772, "status": "Planned", "data_source": "Eshkol", "type": "Meguniot" }, "geometry": { "type": "Point", "coordinates": [ 34.874727206000045, 31.33060253900004 ] } },
{ "type": "Feature", "properties": { "OBJECTID": 948, "longitude": 34.877144780984885, "latitude": 31.32663455033498, "status": "Planned", "data_source": "Eshkol", "type": "Meguniot" }, "geometry": { "type": "Point", "coordinates": [ 34.877144781000027, 31.326634550000051 ] } },
{ "type": "Feature", "properties": { "OBJECTID": 949, "longitude": 34.877056293077082, "latitude": 31.326588383868351, "status": "Planned", "data_source": "Eshkol", "type": "Meguniot" }, "geometry": { "type": "Point", "coordinates": [ 34.877056293000066, 31.326588384000047 ] } },
{ "type": "Feature", "properties": { "OBJECTID": 950, "longitude": 34.872372163237422, "latitude": 31.327415054374864, "status": "Planned", "data_source": "Eshkol", "type": "Meguniot" }, "geometry": { "type": "Point", "coordinates": [ 34.87237216300008, 31.327415054000028 ] } },
{ "type": "Feature", "properties": { "OBJECTID": 951, "longitude": 34.867059444007509, "latitude": 31.327007949316581, "status": "Planned", "data_source": "Eshkol", "type": "Meguniot" }, "geometry": { "type": "Point", "coordinates": [ 34.867059444000063, 31.327007949000063 ] } },
{ "type": "Feature", "properties": { "OBJECTID": 952, "longitude": 34.867562267315336, "latitude": 31.326258477683467, "status": "Planned", "data_source": "Eshkol", "type": "Meguniot" }, "geometry": { "type": "Point", "coordinates": [ 34.867562267000039, 31.326258478000057 ] } },
{ "type": "Feature", "properties": { "OBJECTID": 953, "longitude": 34.861149533905831, "latitude": 31.325848257470334, "status": "Planned", "data_source": "Eshkol", "type": "Meguniot" }, "geometry": { "type": "Point", "coordinates": [ 34.861149534000049, 31.325848257000075 ] } },
{ "type": "Feature", "properties": { "OBJECTID": 954, "longitude": 34.861192908773589, "latitude": 31.325838362367303, "status": "Planned", "data_source": "Eshkol", "type": "Meguniot" }, "geometry": { "type": "Point", "coordinates": [ 34.861192909000067, 31.32583836200007 ] } },
{ "type": "Feature", "properties": { "OBJECTID": 955, "longitude": 34.861235382079052, "latitude": 31.325820964660814, "status": "Planned", "data_source": "Eshkol", "type": "Meguniot" }, "geometry": { "type": "Point", "coordinates": [ 34.861235382000075, 31.325820965000048 ] } },
{ "type": "Feature", "properties": { "OBJECTID": 956, "longitude": 34.859488838807223, "latitude": 31.334386542965216, "status": "Planned", "data_source": "Eshkol", "type": "Meguniot" }, "geometry": { "type": "Point", "coordinates": [ 34.859488839000051, 31.334386543000051 ] } },
{ "type": "Feature", "properties": { "OBJECTID": 957, "longitude": 34.858923857376674, "latitude": 31.321838253755736, "status": "Planned", "data_source": "Eshkol", "type": "Meguniot" }, "geometry": { "type": "Point", "coordinates": [ 34.858923857000036, 31.321838254000056 ] } },
{ "type": "Feature", "properties": { "OBJECTID": 958, "longitude": 34.85585647592886, "latitude": 31.316410938548071, "status": "Planned", "data_source": "Eshkol", "type": "Meguniot" }, "geometry": { "type": "Point", "coordinates": [ 34.855856476000042, 31.316410939000036 ] } },
{ "type": "Feature", "properties": { "OBJECTID": 959, "longitude": 34.862864276971656, "latitude": 31.32494368800235, "status": "Planned", "data_source": "Eshkol", "type": "Meguniot" }, "geometry": { "type": "Point", "coordinates": [ 34.862864277000028, 31.324943688000076 ] } },
{ "type": "Feature", "properties": { "OBJECTID": 960, "longitude": 34.871592896154716, "latitude": 31.328210107590543, "status": "Planned", "data_source": "Eshkol", "type": "Meguniot" }, "geometry": { "type": "Point", "coordinates": [ 34.871592896000038, 31.328210108000064 ] } },
{ "type": "Feature", "properties": { "OBJECTID": 961, "longitude": 34.876915208139359, "latitude": 31.326829187977463, "status": "Planned", "data_source": "Eshkol", "type": "Meguniot" }, "geometry": { "type": "Point", "coordinates": [ 34.876915208000071, 31.326829188000033 ] } },
{ "type": "Feature", "properties": { "OBJECTID": 962, "longitude": 34.871771963816904, "latitude": 31.325431042787962, "status": "Planned", "data_source": "Eshkol", "type": "Meguniot" }, "geometry": { "type": "Point", "coordinates": [ 34.871771964000061, 31.325431043000037 ] } },
{ "type": "Feature", "properties": { "OBJECTID": 963, "longitude": 34.865138304926965, "latitude": 31.326573132842721, "status": "Planned", "data_source": "Eshkol", "type": "Meguniot" }, "geometry": { "type": "Point", "coordinates": [ 34.865138305000073, 31.326573133000068 ] } },
{ "type": "Feature", "properties": { "OBJECTID": 964, "longitude": 34.855992837504552, "latitude": 31.322174437517578, "status": "Planned", "data_source": "Eshkol", "type": "Meguniot" }, "geometry": { "type": "Point", "coordinates": [ 34.855992838000077, 31.322174438000047 ] } },
{ "type": "Feature", "properties": { "OBJECTID": 965, "longitude": 34.858381041430363, "latitude": 31.33275112947803, "status": "Planned", "data_source": "Eshkol", "type": "Meguniot" }, "geometry": { "type": "Point", "coordinates": [ 34.85838104100003, 31.33275112900003 ] } },
{ "type": "Feature", "properties": { "OBJECTID": 966, "longitude": 34.867436827497635, "latitude": 31.324297384881916, "status": "Planned", "data_source": "Eshkol", "type": "Meguniot" }, "geometry": { "type": "Point", "coordinates": [ 34.867436827000063, 31.324297385000079 ] } },
{ "type": "Feature", "properties": { "OBJECTID": 982, "longitude": 35.035677623971722, "latitude": 31.162771092935788, "status": "Planned", "data_source": "Eshkol", "type": "Meguniot" }, "geometry": { "type": "Point", "coordinates": [ 35.035677624000073, 31.16277109300006 ] } },
{ "type": "Feature", "properties": { "OBJECTID": 983, "longitude": 35.039347290084635, "latitude": 31.163515427895138, "status": "Planned", "data_source": "Eshkol", "type": "Meguniot" }, "geometry": { "type": "Point", "coordinates": [ 35.03934729000008, 31.163515428000039 ] } },
{ "type": "Feature", "properties": { "OBJECTID": 984, "longitude": 35.040415331507141, "latitude": 31.164554007192226, "status": "Planned", "data_source": "Eshkol", "type": "Meguniot" }, "geometry": { "type": "Point", "coordinates": [ 35.040415332000066, 31.164554007000049 ] } },
{ "type": "Feature", "properties": { "OBJECTID": 985, "longitude": 35.038661154938147, "latitude": 31.16695604180493, "status": "Planned", "data_source": "Eshkol", "type": "Meguniot" }, "geometry": { "type": "Point", "coordinates": [ 35.038661155000057, 31.166956042000038 ] } },
{ "type": "Feature", "properties": { "OBJECTID": 986, "longitude": 35.040307818547682, "latitude": 31.166078124765161, "status": "Planned", "data_source": "Eshkol", "type": "Meguniot" }, "geometry": { "type": "Point", "coordinates": [ 35.040307819000077, 31.16607812500007 ] } },
{ "type": "Feature", "properties": { "OBJECTID": 987, "longitude": 35.037128194671894, "latitude": 31.160969132924595, "status": "Planned", "data_source": "Eshkol", "type": "Meguniot" }, "geometry": { "type": "Point", "coordinates": [ 35.037128195000037, 31.160969133000037 ] } },
{ "type": "Feature", "properties": { "OBJECTID": 990, "longitude": 35.030762701571952, "latitude": 31.154737414174551, "status": "Planned", "data_source": "Eshkol", "type": "Meguniot" }, "geometry": { "type": "Point", "coordinates": [ 35.030762702000061, 31.154737414000067 ] } },
{ "type": "Feature", "properties": { "OBJECTID": 1004, "longitude": 35.00973404892347, "latitude": 31.160407520674475, "status": "Planned", "data_source": "Eshkol", "type": "Meguniot" }, "geometry": { "type": "Point", "coordinates": [ 35.009734049000031, 31.160407521000025 ] } },
{ "type": "Feature", "properties": { "OBJECTID": 1005, "longitude": 35.010763317661045, "latitude": 31.159705570273474, "status": "Planned", "data_source": "Eshkol", "type": "Meguniot" }, "geometry": { "type": "Point", "coordinates": [ 35.010763318000045, 31.159705570000028 ] } },
{ "type": "Feature", "properties": { "OBJECTID": 1006, "longitude": 35.007970626664054, "latitude": 31.161090306496792, "status": "Planned", "data_source": "Eshkol", "type": "Meguniot" }, "geometry": { "type": "Point", "coordinates": [ 35.007970627000077, 31.161090306000062 ] } },
{ "type": "Feature", "properties": { "OBJECTID": 1007, "longitude": 35.006812478371742, "latitude": 31.158175314519131, "status": "Planned", "data_source": "Eshkol", "type": "Meguniot" }, "geometry": { "type": "Point", "coordinates": [ 35.006812478000029, 31.158175315000051 ] } },
{ "type": "Feature", "properties": { "OBJECTID": 1008, "longitude": 35.006553465884934, "latitude": 31.156641642551815, "status": "Planned", "data_source": "Eshkol", "type": "Meguniot" }, "geometry": { "type": "Point", "coordinates": [ 35.006553466000071, 31.156641643000057 ] } },
{ "type": "Feature", "properties": { "OBJECTID": 1009, "longitude": 35.007890022165107, "latitude": 31.154406911429227, "status": "Planned", "data_source": "Eshkol", "type": "Meguniot" }, "geometry": { "type": "Point", "coordinates": [ 35.007890022000026, 31.154406911000024 ] } },
{ "type": "Feature", "properties": { "OBJECTID": 1011, "longitude": 35.005162389956133, "latitude": 31.154826626268903, "status": "Planned", "data_source": "Eshkol", "type": "Meguniot" }, "geometry": { "type": "Point", "coordinates": [ 35.005162390000066, 31.154826626000045 ] } },
{ "type": "Feature", "properties": { "OBJECTID": 1012, "longitude": 35.006402449232837, "latitude": 31.15361093780847, "status": "Planned", "data_source": "Eshkol", "type": "Meguniot" }, "geometry": { "type": "Point", "coordinates": [ 35.006402449000063, 31.153610938000043 ] } },
{ "type": "Feature", "properties": { "OBJECTID": 1035, "longitude": 34.745849589978846, "latitude": 31.36272997918957, "status": "Planned", "data_source": "Eshkol", "type": "Meguniot" }, "geometry": { "type": "Point", "coordinates": [ 34.745849590000034, 31.362729979000051 ] } },
{ "type": "Feature", "properties": { "OBJECTID": 1036, "longitude": 34.746635690895381, "latitude": 31.362772004010957, "status": "Planned", "data_source": "Eshkol", "type": "Meguniot" }, "geometry": { "type": "Point", "coordinates": [ 34.746635691000051, 31.362772004000078 ] } },
{ "type": "Feature", "properties": { "OBJECTID": 1037, "longitude": 34.747116894327675, "latitude": 31.362500342012268, "status": "Planned", "data_source": "Eshkol", "type": "Meguniot" }, "geometry": { "type": "Point", "coordinates": [ 34.747116894000044, 31.362500342000033 ] } },
{ "type": "Feature", "properties": { "OBJECTID": 1038, "longitude": 34.74796589801263, "latitude": 31.36352861530716, "status": "Planned", "data_source": "Eshkol", "type": "Meguniot" }, "geometry": { "type": "Point", "coordinates": [ 34.747965898000075, 31.363528615000064 ] } },
{ "type": "Feature", "properties": { "OBJECTID": 1039, "longitude": 34.750226395525658, "latitude": 31.359171881384004, "status": "Planned", "data_source": "Eshkol", "type": "Meguniot" }, "geometry": { "type": "Point", "coordinates": [ 34.750226396000073, 31.359171881000066 ] } },
{ "type": "Feature", "properties": { "OBJECTID": 1041, "longitude": 34.758313518769711, "latitude": 31.365022046427118, "status": "Planned", "data_source": "Eshkol", "type": "Meguniot" }, "geometry": { "type": "Point", "coordinates": [ 34.758313519000069, 31.365022046000036 ] } },
{ "type": "Feature", "properties": { "OBJECTID": 1042, "longitude": 34.756747357695716, "latitude": 31.365608417317109, "status": "Planned", "data_source": "Eshkol", "type": "Meguniot" }, "geometry": { "type": "Point", "coordinates": [ 34.756747358000041, 31.365608417000033 ] } },
{ "type": "Feature", "properties": { "OBJECTID": 1043, "longitude": 34.755233230715973, "latitude": 31.365729389203093, "status": "Planned", "data_source": "Eshkol", "type": "Meguniot" }, "geometry": { "type": "Point", "coordinates": [ 34.755233231000034, 31.365729389000023 ] } },
{ "type": "Feature", "properties": { "OBJECTID": 1057, "longitude": 34.740869637878724, "latitude": 31.36224744730994, "status": "Planned", "data_source": "Eshkol", "type": "Meguniot" }, "geometry": { "type": "Point", "coordinates": [ 34.740869638000049, 31.362247447000072 ] } },
{ "type": "Feature", "properties": { "OBJECTID": 1058, "longitude": 34.741064289448339, "latitude": 31.361856750754871, "status": "Planned", "data_source": "Eshkol", "type": "Meguniot" }, "geometry": { "type": "Point", "coordinates": [ 34.741064289000064, 31.361856751000062 ] } },
{ "type": "Feature", "properties": { "OBJECTID": 1059, "longitude": 34.738932287063967, "latitude": 31.360856375364612, "status": "Planned", "data_source": "Eshkol", "type": "Meguniot" }, "geometry": { "type": "Point", "coordinates": [ 34.738932287000068, 31.360856375000026 ] } },
{ "type": "Feature", "properties": { "OBJECTID": 1060, "longitude": 34.739620231968331, "latitude": 31.359340249602933, "status": "Planned", "data_source": "Eshkol", "type": "Meguniot" }, "geometry": { "type": "Point", "coordinates": [ 34.73962023200005, 31.359340250000059 ] } },
{ "type": "Feature", "properties": { "OBJECTID": 1061, "longitude": 34.740291581964435, "latitude": 31.359099871171875, "status": "Planned", "data_source": "Eshkol", "type": "Meguniot" }, "geometry": { "type": "Point", "coordinates": [ 34.740291582000054, 31.359099871000069 ] } },
{ "type": "Feature", "properties": { "OBJECTID": 1074, "longitude": 35.06065366707341, "latitude": 31.257899822088511, "status": "Planned", "data_source": "Eshkol", "type": "Meguniot" }, "geometry": { "type": "Point", "coordinates": [ 35.060653667000054, 31.25789982200007 ] } },
{ "type": "Feature", "properties": { "OBJECTID": 1075, "longitude": 35.0597641997634, "latitude": 31.255968730012793, "status": "Planned", "data_source": "Eshkol", "type": "Meguniot" }, "geometry": { "type": "Point", "coordinates": [ 35.059764200000075, 31.255968730000063 ] } },
{ "type": "Feature", "properties": { "OBJECTID": 1076, "longitude": 35.060066397257287, "latitude": 31.253748726132688, "status": "Planned", "data_source": "Eshkol", "type": "Meguniot" }, "geometry": { "type": "Point", "coordinates": [ 35.060066397000071, 31.253748726000026 ] } },
{ "type": "Feature", "properties": { "OBJECTID": 1077, "longitude": 35.060003800076288, "latitude": 31.251988013546786, "status": "Planned", "data_source": "Eshkol", "type": "Meguniot" }, "geometry": { "type": "Point", "coordinates": [ 35.060003800000061, 31.251988014000062 ] } },
{ "type": "Feature", "properties": { "OBJECTID": 1078, "longitude": 35.061061549739314, "latitude": 31.252114097787278, "status": "Planned", "data_source": "Eshkol", "type": "Meguniot" }, "geometry": { "type": "Point", "coordinates": [ 35.061061550000034, 31.25211409800005 ] } },
{ "type": "Feature", "properties": { "OBJECTID": 1079, "longitude": 35.067348993222211, "latitude": 31.252653712422262, "status": "Planned", "data_source": "Eshkol", "type": "Meguniot" }, "geometry": { "type": "Point", "coordinates": [ 35.067348993000053, 31.25265371200004 ] } },
{ "type": "Feature", "properties": { "OBJECTID": 1080, "longitude": 35.066773600240857, "latitude": 31.251322548995457, "status": "Planned", "data_source": "Eshkol", "type": "Meguniot" }, "geometry": { "type": "Point", "coordinates": [ 35.066773600000033, 31.251322549000065 ] } },
{ "type": "Feature", "properties": { "OBJECTID": 1081, "longitude": 35.064751769363312, "latitude": 31.249482642776528, "status": "Planned", "data_source": "Eshkol", "type": "Meguniot" }, "geometry": { "type": "Point", "coordinates": [ 35.064751769000054, 31.249482643000078 ] } },
{ "type": "Feature", "properties": { "OBJECTID": 1082, "longitude": 35.067192515069308, "latitude": 31.24772762742996, "status": "Planned", "data_source": "Eshkol", "type": "Meguniot" }, "geometry": { "type": "Point", "coordinates": [ 35.067192515000045, 31.247727627000074 ] } },
{ "type": "Feature", "properties": { "OBJECTID": 1083, "longitude": 35.06519887351881, "latitude": 31.244159651174996, "status": "Planned", "data_source": "Eshkol", "type": "Meguniot" }, "geometry": { "type": "Point", "coordinates": [ 35.065198874000032, 31.244159651000075 ] } },
{ "type": "Feature", "properties": { "OBJECTID": 1084, "longitude": 35.06364734164638, "latitude": 31.242750974465455, "status": "Planned", "data_source": "Eshkol", "type": "Meguniot" }, "geometry": { "type": "Point", "coordinates": [ 35.063647342000024, 31.242750974000046 ] } },
{ "type": "Feature", "properties": { "OBJECTID": 1085, "longitude": 35.059569965408521, "latitude": 31.241986282018271, "status": "Planned", "data_source": "Eshkol", "type": "Meguniot" }, "geometry": { "type": "Point", "coordinates": [ 35.059569965000037, 31.241986282000028 ] } },
{ "type": "Feature", "properties": { "OBJECTID": 1086, "longitude": 35.069057040613032, "latitude": 31.247263585925378, "status": "Planned", "data_source": "Eshkol", "type": "Meguniot" }, "geometry": { "type": "Point", "coordinates": [ 35.069057041000065, 31.247263586000031 ] } },
{ "type": "Feature", "properties": { "OBJECTID": 1087, "longitude": 35.06890052585063, "latitude": 31.246118055010228, "status": "Planned", "data_source": "Eshkol", "type": "Meguniot" }, "geometry": { "type": "Point", "coordinates": [ 35.06890052600005, 31.246118055000068 ] } },
{ "type": "Feature", "properties": { "OBJECTID": 1088, "longitude": 35.067090614002346, "latitude": 31.242637448181068, "status": "Planned", "data_source": "Eshkol", "type": "Meguniot" }, "geometry": { "type": "Point", "coordinates": [ 35.067090614000051, 31.242637448000039 ] } },
{ "type": "Feature", "properties": { "OBJECTID": 1089, "longitude": 35.068388605718013, "latitude": 31.240894240550542, "status": "Planned", "data_source": "Eshkol", "type": "Meguniot" }, "geometry": { "type": "Point", "coordinates": [ 35.068388606000042, 31.240894241000035 ] } },
{ "type": "Feature", "properties": { "OBJECTID": 1090, "longitude": 35.069369489019508, "latitude": 31.238267682943174, "status": "Planned", "data_source": "Eshkol", "type": "Meguniot" }, "geometry": { "type": "Point", "coordinates": [ 35.069369489000053, 31.238267683000061 ] } },
{ "type": "Feature", "properties": { "OBJECTID": 1091, "longitude": 35.066466528296388, "latitude": 31.237640589904363, "status": "Planned", "data_source": "Eshkol", "type": "Meguniot" }, "geometry": { "type": "Point", "coordinates": [ 35.066466528000035, 31.237640590000069 ] } },
{ "type": "Feature", "properties": { "OBJECTID": 1092, "longitude": 35.06506734187105, "latitude": 31.237153765974892, "status": "Planned", "data_source": "Eshkol", "type": "Meguniot" }, "geometry": { "type": "Point", "coordinates": [ 35.065067342000077, 31.237153766000063 ] } },
{ "type": "Feature", "properties": { "OBJECTID": 1093, "longitude": 35.066586681766552, "latitude": 31.238093536513464, "status": "Planned", "data_source": "Eshkol", "type": "Meguniot" }, "geometry": { "type": "Point", "coordinates": [ 35.066586682000036, 31.238093537000054 ] } },
{ "type": "Feature", "properties": { "OBJECTID": 1094, "longitude": 35.063351537061429, "latitude": 31.236951332032074, "status": "Planned", "data_source": "Eshkol", "type": "Meguniot" }, "geometry": { "type": "Point", "coordinates": [ 35.063351537000074, 31.236951332000046 ] } },
{ "type": "Feature", "properties": { "OBJECTID": 1095, "longitude": 35.060002449842209, "latitude": 31.236636754638145, "status": "Planned", "data_source": "Eshkol", "type": "Meguniot" }, "geometry": { "type": "Point", "coordinates": [ 35.06000245000007, 31.236636755000063 ] } },
{ "type": "Feature", "properties": { "OBJECTID": 1096, "longitude": 35.061645573644114, "latitude": 31.232003977405171, "status": "Planned", "data_source": "Eshkol", "type": "Meguniot" }, "geometry": { "type": "Point", "coordinates": [ 35.061645574000067, 31.232003977000034 ] } },
{ "type": "Feature", "properties": { "OBJECTID": 1097, "longitude": 35.067327295766681, "latitude": 31.233055932429842, "status": "Planned", "data_source": "Eshkol", "type": "Meguniot" }, "geometry": { "type": "Point", "coordinates": [ 35.06732729600003, 31.23305593200007 ] } },
{ "type": "Feature", "properties": { "OBJECTID": 1099, "longitude": 35.072893329176964, "latitude": 31.241105972483865, "status": "Planned", "data_source": "Eshkol", "type": "Meguniot" }, "geometry": { "type": "Point", "coordinates": [ 35.072893329000067, 31.241105972000071 ] } },
{ "type": "Feature", "properties": { "OBJECTID": 1100, "longitude": 35.07729324976583, "latitude": 31.245307498365936, "status": "Planned", "data_source": "Eshkol", "type": "Meguniot" }, "geometry": { "type": "Point", "coordinates": [ 35.077293250000025, 31.245307498000045 ] } },
{ "type": "Feature", "properties": { "OBJECTID": 1101, "longitude": 35.074473694017989, "latitude": 31.247749959635275, "status": "Planned", "data_source": "Eshkol", "type": "Meguniot" }, "geometry": { "type": "Point", "coordinates": [ 35.074473694000062, 31.247749960000078 ] } },
{ "type": "Feature", "properties": { "OBJECTID": 1102, "longitude": 35.076970314564349, "latitude": 31.247770289826516, "status": "Planned", "data_source": "Eshkol", "type": "Meguniot" }, "geometry": { "type": "Point", "coordinates": [ 35.07697031500004, 31.247770290000062 ] } },
{ "type": "Feature", "properties": { "OBJECTID": 1103, "longitude": 35.075813727362515, "latitude": 31.248665584918133, "status": "Planned", "data_source": "Eshkol", "type": "Meguniot" }, "geometry": { "type": "Point", "coordinates": [ 35.075813727000025, 31.248665585000026 ] } },
{ "type": "Feature", "properties": { "OBJECTID": 1104, "longitude": 35.079222075971032, "latitude": 31.245202250145002, "status": "Planned", "data_source": "Eshkol", "type": "Meguniot" }, "geometry": { "type": "Point", "coordinates": [ 35.079222076000065, 31.245202250000034 ] } },
{ "type": "Feature", "properties": { "OBJECTID": 1105, "longitude": 35.069927240042318, "latitude": 31.254129616624454, "status": "Planned", "data_source": "Eshkol", "type": "Meguniot" }, "geometry": { "type": "Point", "coordinates": [ 35.069927240000027, 31.254129617000046 ] } },
{ "type": "Feature", "properties": { "OBJECTID": 1106, "longitude": 35.080514086060326, "latitude": 31.24208339948844, "status": "Planned", "data_source": "Eshkol", "type": "Meguniot" }, "geometry": { "type": "Point", "coordinates": [ 35.080514086000051, 31.242083399000023 ] } },
{ "type": "Feature", "properties": { "OBJECTID": 1107, "longitude": 35.081671048345036, "latitude": 31.241089771448419, "status": "Planned", "data_source": "Eshkol", "type": "Meguniot" }, "geometry": { "type": "Point", "coordinates": [ 35.081671048000032, 31.241089771000077 ] } },
{ "type": "Feature", "properties": { "OBJECTID": 1108, "longitude": 35.082178253693662, "latitude": 31.236351961783676, "status": "Planned", "data_source": "Eshkol", "type": "Meguniot" }, "geometry": { "type": "Point", "coordinates": [ 35.082178254000041, 31.236351962000072 ] } },
{ "type": "Feature", "properties": { "OBJECTID": 1109, "longitude": 35.080821363343517, "latitude": 31.234326689250771, "status": "Planned", "data_source": "Eshkol", "type": "Meguniot" }, "geometry": { "type": "Point", "coordinates": [ 35.080821363000041, 31.234326689000056 ] } },
{ "type": "Feature", "properties": { "OBJECTID": 1110, "longitude": 35.081790645150569, "latitude": 31.230042662654732, "status": "Planned", "data_source": "Eshkol", "type": "Meguniot" }, "geometry": { "type": "Point", "coordinates": [ 35.081790645000069, 31.230042663000063 ] } },
{ "type": "Feature", "properties": { "OBJECTID": 1111, "longitude": 35.090438826305387, "latitude": 31.231990585725555, "status": "Planned", "data_source": "Eshkol", "type": "Meguniot" }, "geometry": { "type": "Point", "coordinates": [ 35.090438826000025, 31.231990586000052 ] } },
{ "type": "Feature", "properties": { "OBJECTID": 1112, "longitude": 35.096799618047221, "latitude": 31.231851757262113, "status": "Planned", "data_source": "Eshkol", "type": "Meguniot" }, "geometry": { "type": "Point", "coordinates": [ 35.096799618000034, 31.231851757000072 ] } },
{ "type": "Feature", "properties": { "OBJECTID": 1113, "longitude": 35.100092546400766, "latitude": 31.234438837945167, "status": "Planned", "data_source": "Eshkol", "type": "Meguniot" }, "geometry": { "type": "Point", "coordinates": [ 35.100092546000042, 31.234438838000074 ] } },
{ "type": "Feature", "properties": { "OBJECTID": 1115, "longitude": 35.090392569948911, "latitude": 31.242833798521708, "status": "Planned", "data_source": "Eshkol", "type": "Meguniot" }, "geometry": { "type": "Point", "coordinates": [ 35.090392570000063, 31.242833799000039 ] } },
{ "type": "Feature", "properties": { "OBJECTID": 1117, "longitude": 35.11469555798687, "latitude": 31.242143615055618, "status": "Planned", "data_source": "Eshkol", "type": "Meguniot" }, "geometry": { "type": "Point", "coordinates": [ 35.114695558000051, 31.242143615000032 ] } },
{ "type": "Feature", "properties": { "OBJECTID": 1118, "longitude": 35.117728588673756, "latitude": 31.243592481037403, "status": "Planned", "data_source": "Eshkol", "type": "Meguniot" }, "geometry": { "type": "Point", "coordinates": [ 35.117728589000023, 31.243592481000064 ] } },
{ "type": "Feature", "properties": { "OBJECTID": 1119, "longitude": 35.121306441746746, "latitude": 31.245597095836057, "status": "Planned", "data_source": "Eshkol", "type": "Meguniot" }, "geometry": { "type": "Point", "coordinates": [ 35.121306442000048, 31.24559709600004 ] } },
{ "type": "Feature", "properties": { "OBJECTID": 1120, "longitude": 35.123635182310792, "latitude": 31.247627889662894, "status": "Planned", "data_source": "Eshkol", "type": "Meguniot" }, "geometry": { "type": "Point", "coordinates": [ 35.123635182000044, 31.247627890000047 ] } },
{ "type": "Feature", "properties": { "OBJECTID": 1121, "longitude": 35.116216465871119, "latitude": 31.251334059198403, "status": "Planned", "data_source": "Eshkol", "type": "Meguniot" }, "geometry": { "type": "Point", "coordinates": [ 35.116216466000026, 31.251334059000044 ] } },
{ "type": "Feature", "properties": { "OBJECTID": 1122, "longitude": 35.115918752661649, "latitude": 31.248191018619725, "status": "Planned", "data_source": "Eshkol", "type": "Meguniot" }, "geometry": { "type": "Point", "coordinates": [ 35.115918753000074, 31.248191019000046 ] } },
{ "type": "Feature", "properties": { "OBJECTID": 1123, "longitude": 35.107956459699835, "latitude": 31.251754979353958, "status": "Planned", "data_source": "Eshkol", "type": "Meguniot" }, "geometry": { "type": "Point", "coordinates": [ 35.107956460000025, 31.251754979000054 ] } },
{ "type": "Feature", "properties": { "OBJECTID": 1124, "longitude": 35.104937896450366, "latitude": 31.251715870007118, "status": "Planned", "data_source": "Eshkol", "type": "Meguniot" }, "geometry": { "type": "Point", "coordinates": [ 35.104937896000024, 31.251715870000055 ] } },
{ "type": "Feature", "properties": { "OBJECTID": 1125, "longitude": 35.099504749635422, "latitude": 31.247086795790253, "status": "Planned", "data_source": "Eshkol", "type": "Meguniot" }, "geometry": { "type": "Point", "coordinates": [ 35.099504750000051, 31.247086796000076 ] } },
{ "type": "Feature", "properties": { "OBJECTID": 1126, "longitude": 34.937084065337977, "latitude": 31.287954716661162, "status": "Planned", "data_source": "Eshkol", "type": "Meguniot" }, "geometry": { "type": "Point", "coordinates": [ 34.937084065000079, 31.287954717000048 ] } },
{ "type": "Feature", "properties": { "OBJECTID": 1127, "longitude": 34.938840933741027, "latitude": 31.294902099853648, "status": "Planned", "data_source": "Eshkol", "type": "Meguniot" }, "geometry": { "type": "Point", "coordinates": [ 34.938840934000041, 31.294902100000058 ] } },
{ "type": "Feature", "properties": { "OBJECTID": 1152, "longitude": 34.841721487025957, "latitude": 31.196959409072058, "status": "Planned", "data_source": "Eshkol", "type": "Meguniot" }, "geometry": { "type": "Point", "coordinates": [ 34.841721487000029, 31.196959409000044 ] } },
{ "type": "Feature", "properties": { "OBJECTID": 1153, "longitude": 34.844010868161526, "latitude": 31.196406653783395, "status": "Planned", "data_source": "Eshkol", "type": "Meguniot" }, "geometry": { "type": "Point", "coordinates": [ 34.844010868000055, 31.196406654000043 ] } },
{ "type": "Feature", "properties": { "OBJECTID": 1156, "longitude": 34.841155513326733, "latitude": 31.188560982806319, "status": "Planned", "data_source": "Eshkol", "type": "Meguniot" }, "geometry": { "type": "Point", "coordinates": [ 34.841155513000047, 31.188560983000059 ] } },
{ "type": "Feature", "properties": { "OBJECTID": 1157, "longitude": 34.842053784248193, "latitude": 31.186849874665935, "status": "Planned", "data_source": "Eshkol", "type": "Meguniot" }, "geometry": { "type": "Point", "coordinates": [ 34.842053784000029, 31.186849875000064 ] } },
{ "type": "Feature", "properties": { "OBJECTID": 1160, "longitude": 34.925239302858515, "latitude": 31.295024376128623, "status": "Planned", "data_source": "Eshkol", "type": "Meguniot" }, "geometry": { "type": "Point", "coordinates": [ 34.925239303000069, 31.295024376000072 ] } },
{ "type": "Feature", "properties": { "OBJECTID": 1161, "longitude": 34.925091969490246, "latitude": 31.294552075813225, "status": "Planned", "data_source": "Eshkol", "type": "Meguniot" }, "geometry": { "type": "Point", "coordinates": [ 34.92509196900005, 31.294552076000059 ] } },
{ "type": "Feature", "properties": { "OBJECTID": 1162, "longitude": 34.946095630330028, "latitude": 31.299339153653456, "status": "Planned", "data_source": "Eshkol", "type": "Meguniot" }, "geometry": { "type": "Point", "coordinates": [ 34.946095630000059, 31.299339154000052 ] } },
{ "type": "Feature", "properties": { "OBJECTID": 1163, "longitude": 34.951698785014713, "latitude": 31.30312420023564, "status": "Planned", "data_source": "Eshkol", "type": "Meguniot" }, "geometry": { "type": "Point", "coordinates": [ 34.951698785000076, 31.30312420000007 ] } },
{ "type": "Feature", "properties": { "OBJECTID": 1164, "longitude": 34.734038304532731, "latitude": 31.34565860477759, "status": "Planned", "data_source": "Eshkol", "type": "Meguniot" }, "geometry": { "type": "Point", "coordinates": [ 34.73403830500007, 31.34565860500004 ] } },
{ "type": "Feature", "properties": { "OBJECTID": 1165, "longitude": 34.737907069975321, "latitude": 31.345330008099769, "status": "Planned", "data_source": "Eshkol", "type": "Meguniot" }, "geometry": { "type": "Point", "coordinates": [ 34.737907070000063, 31.345330008000076 ] } },
{ "type": "Feature", "properties": { "OBJECTID": 1166, "longitude": 34.73857502492838, "latitude": 31.346261379244787, "status": "Planned", "data_source": "Eshkol", "type": "Meguniot" }, "geometry": { "type": "Point", "coordinates": [ 34.738575025000046, 31.346261379000055 ] } },
{ "type": "Feature", "properties": { "OBJECTID": 1167, "longitude": 34.749993020244226, "latitude": 31.342902193470561, "status": "Planned", "data_source": "Eshkol", "type": "Meguniot" }, "geometry": { "type": "Point", "coordinates": [ 34.749993020000034, 31.342902193000043 ] } },
{ "type": "Feature", "properties": { "OBJECTID": 1168, "longitude": 34.883123153764679, "latitude": 31.290101435142752, "status": "Planned", "data_source": "Eshkol", "type": "Meguniot" }, "geometry": { "type": "Point", "coordinates": [ 34.883123154000032, 31.290101435000054 ] } },
{ "type": "Feature", "properties": { "OBJECTID": 1169, "longitude": 34.880777767009647, "latitude": 31.291078622902305, "status": "Planned", "data_source": "Eshkol", "type": "Meguniot" }, "geometry": { "type": "Point", "coordinates": [ 34.880777767000041, 31.291078623000033 ] } },
{ "type": "Feature", "properties": { "OBJECTID": 1170, "longitude": 34.876377520099297, "latitude": 31.284916481904972, "status": "Planned", "data_source": "Eshkol", "type": "Meguniot" }, "geometry": { "type": "Point", "coordinates": [ 34.876377520000062, 31.284916482000028 ] } },
{ "type": "Feature", "properties": { "OBJECTID": 1171, "longitude": 34.872135521914871, "latitude": 31.281703823120871, "status": "Planned", "data_source": "Eshkol", "type": "Meguniot" }, "geometry": { "type": "Point", "coordinates": [ 34.872135522000065, 31.281703823000043 ] } },
{ "type": "Feature", "properties": { "OBJECTID": 1172, "longitude": 34.873942774425615, "latitude": 31.281419874501214, "status": "Planned", "data_source": "Eshkol", "type": "Meguniot" }, "geometry": { "type": "Point", "coordinates": [ 34.873942774000056, 31.28141987500004 ] } },
{ "type": "Feature", "properties": { "OBJECTID": 1174, "longitude": 34.885477659274244, "latitude": 31.277038707343841, "status": "Planned", "data_source": "Eshkol", "type": "Meguniot" }, "geometry": { "type": "Point", "coordinates": [ 34.88547765900006, 31.277038707000031 ] } },
{ "type": "Feature", "properties": { "OBJECTID": 1175, "longitude": 34.884617765414468, "latitude": 31.273573253222374, "status": "Planned", "data_source": "Eshkol", "type": "Meguniot" }, "geometry": { "type": "Point", "coordinates": [ 34.88461776500003, 31.273573253000052 ] } },
{ "type": "Feature", "properties": { "OBJECTID": 1176, "longitude": 34.884617765414468, "latitude": 31.273573253222374, "status": "Planned", "data_source": "Eshkol", "type": "Meguniot" }, "geometry": { "type": "Point", "coordinates": [ 34.88461776500003, 31.273573253000052 ] } },
{ "type": "Feature", "properties": { "OBJECTID": 1177, "longitude": 34.884424738724917, "latitude": 31.271651713258844, "status": "Planned", "data_source": "Eshkol", "type": "Meguniot" }, "geometry": { "type": "Point", "coordinates": [ 34.884424739000053, 31.27165171300004 ] } },
{ "type": "Feature", "properties": { "OBJECTID": 1178, "longitude": 34.880133486189735, "latitude": 31.261440394215818, "status": "Planned", "data_source": "Eshkol", "type": "Meguniot" }, "geometry": { "type": "Point", "coordinates": [ 34.880133486000034, 31.261440394000033 ] } },
{ "type": "Feature", "properties": { "OBJECTID": 1179, "longitude": 35.037026532751391, "latitude": 31.266394301491889, "status": "Planned", "data_source": "Eshkol", "type": "Meguniot" }, "geometry": { "type": "Point", "coordinates": [ 35.037026533000073, 31.266394301000048 ] } },
{ "type": "Feature", "properties": { "OBJECTID": 1180, "longitude": 35.032091677778482, "latitude": 31.265495055280262, "status": "Planned", "data_source": "Eshkol", "type": "Meguniot" }, "geometry": { "type": "Point", "coordinates": [ 35.032091678000029, 31.265495055000031 ] } },
{ "type": "Feature", "properties": { "OBJECTID": 1182, "longitude": 35.059433116474551, "latitude": 31.293983895382475, "status": "Planned", "data_source": "Eshkol", "type": "Meguniot" }, "geometry": { "type": "Point", "coordinates": [ 35.059433116000037, 31.293983895000054 ] } },
{ "type": "Feature", "properties": { "OBJECTID": 1183, "longitude": 35.064480193417168, "latitude": 31.297263417080998, "status": "Planned", "data_source": "Eshkol", "type": "Meguniot" }, "geometry": { "type": "Point", "coordinates": [ 35.064480193000065, 31.297263417000067 ] } },
{ "type": "Feature", "properties": { "OBJECTID": 1184, "longitude": 35.07598897841747, "latitude": 31.299367862305385, "status": "Planned", "data_source": "Eshkol", "type": "Meguniot" }, "geometry": { "type": "Point", "coordinates": [ 35.075988978000055, 31.299367862000054 ] } },
{ "type": "Feature", "properties": { "OBJECTID": 1185, "longitude": 34.920150288443061, "latitude": 31.270617332229978, "status": "Planned", "data_source": "Eshkol", "type": "Meguniot" }, "geometry": { "type": "Point", "coordinates": [ 34.920150288000059, 31.270617332000029 ] } },
{ "type": "Feature", "properties": { "OBJECTID": 1186, "longitude": 34.913841005364162, "latitude": 31.283861246292513, "status": "Planned", "data_source": "Eshkol", "type": "Meguniot" }, "geometry": { "type": "Point", "coordinates": [ 34.913841005000052, 31.283861246000072 ] } },
{ "type": "Feature", "properties": { "OBJECTID": 1187, "longitude": 35.125242630268559, "latitude": 31.296413315765268, "status": "Planned", "data_source": "Eshkol", "type": "Meguniot" }, "geometry": { "type": "Point", "coordinates": [ 35.125242630000059, 31.296413316000042 ] } },
{ "type": "Feature", "properties": { "OBJECTID": 1188, "longitude": 34.952210177385922, "latitude": 31.265768838119559, "status": "Planned", "data_source": "Eshkol", "type": "Meguniot" }, "geometry": { "type": "Point", "coordinates": [ 34.95221017700004, 31.265768838000042 ] } },
{ "type": "Feature", "properties": { "OBJECTID": 1189, "longitude": 34.955086674874416, "latitude": 31.261703637261999, "status": "Planned", "data_source": "Eshkol", "type": "Meguniot" }, "geometry": { "type": "Point", "coordinates": [ 34.955086675000075, 31.261703637000039 ] } },
{ "type": "Feature", "properties": { "OBJECTID": 1190, "longitude": 34.957475282944699, "latitude": 31.255894125507766, "status": "Planned", "data_source": "Eshkol", "type": "Meguniot" }, "geometry": { "type": "Point", "coordinates": [ 34.957475283000065, 31.255894126000044 ] } },
{ "type": "Feature", "properties": { "OBJECTID": 1191, "longitude": 34.956536380183415, "latitude": 31.250749888876907, "status": "Planned", "data_source": "Eshkol", "type": "Meguniot" }, "geometry": { "type": "Point", "coordinates": [ 34.956536380000045, 31.250749889000076 ] } },
{ "type": "Feature", "properties": { "OBJECTID": 1192, "longitude": 34.958973929574455, "latitude": 31.248807971703354, "status": "Planned", "data_source": "Eshkol", "type": "Meguniot" }, "geometry": { "type": "Point", "coordinates": [ 34.95897393000007, 31.248807972000066 ] } },
{ "type": "Feature", "properties": { "OBJECTID": 1194, "longitude": 34.967490726737097, "latitude": 31.251818294914283, "status": "Planned", "data_source": "Eshkol", "type": "Meguniot" }, "geometry": { "type": "Point", "coordinates": [ 34.96749072700004, 31.251818295000078 ] } },
{ "type": "Feature", "properties": { "OBJECTID": 1196, "longitude": 34.987727114407498, "latitude": 31.249085121078366, "status": "Planned", "data_source": "Eshkol", "type": "Meguniot" }, "geometry": { "type": "Point", "coordinates": [ 34.987727114000052, 31.249085121000064 ] } },
{ "type": "Feature", "properties": { "OBJECTID": 1199, "longitude": 35.106547858414096, "latitude": 31.295462452937258, "status": "Built", "data_source": "Eshkol", "type": "Meguniot" }, "geometry": { "type": "Point", "coordinates": [ 35.106547858000056, 31.295462453000027 ] } },
{ "type": "Feature", "properties": { "OBJECTID": 1200, "longitude": 35.108524616823928, "latitude": 31.293317400331635, "status": "Built", "data_source": "Eshkol", "type": "Meguniot" }, "geometry": { "type": "Point", "coordinates": [ 35.108524617000057, 31.293317400000035 ] } },
{ "type": "Feature", "properties": { "OBJECTID": 1201, "longitude": 34.821079601041518, "latitude": 31.151037108914121, "status": "Built", "data_source": "Eshkol", "type": "Meguniot" }, "geometry": { "type": "Point", "coordinates": [ 34.821079601000065, 31.151037109000072 ] } },
{ "type": "Feature", "properties": { "OBJECTID": 1202, "longitude": 34.825103228366487, "latitude": 31.172956625730361, "status": "Built", "data_source": "Eshkol", "type": "Meguniot" }, "geometry": { "type": "Point", "coordinates": [ 34.825103228000046, 31.17295662600003 ] } },
{ "type": "Feature", "properties": { "OBJECTID": 1203, "longitude": 34.919921381650447, "latitude": 31.220885453038399, "status": "Built", "data_source": "Eshkol", "type": "Meguniot" }, "geometry": { "type": "Point", "coordinates": [ 34.919921382000041, 31.220885453000051 ] } },
{ "type": "Feature", "properties": { "OBJECTID": 1204, "longitude": 35.090826116106065, "latitude": 31.215323474723991, "status": "Built", "data_source": "Eshkol", "type": "Meguniot" }, "geometry": { "type": "Point", "coordinates": [ 35.090826116000073, 31.215323475000048 ] } },
{ "type": "Feature", "properties": { "OBJECTID": 1205, "longitude": 35.127860136413211, "latitude": 31.241641751449645, "status": "Built", "data_source": "Eshkol", "type": "Meguniot" }, "geometry": { "type": "Point", "coordinates": [ 35.127860136000038, 31.241641751000031 ] } },
{ "type": "Feature", "properties": { "OBJECTID": 1206, "longitude": 35.089689595307007, "latitude": 31.235308974520287, "status": "Built", "data_source": "Eshkol", "type": "Meguniot" }, "geometry": { "type": "Point", "coordinates": [ 35.089689595000038, 31.235308975000066 ] } },
{ "type": "Feature", "properties": { "OBJECTID": 1207, "longitude": 34.914102507293201, "latitude": 31.215569194586148, "status": "Built", "data_source": "Eshkol", "type": "Meguniot" }, "geometry": { "type": "Point", "coordinates": [ 34.914102507000052, 31.215569195000057 ] } },
{ "type": "Feature", "properties": { "OBJECTID": 1208, "longitude": 35.049252634163309, "latitude": 31.038411326025059, "status": "Built", "data_source": "Eshkol", "type": "Meguniot" }, "geometry": { "type": "Point", "coordinates": [ 35.049252634000027, 31.038411326000073 ] } },
{ "type": "Feature", "properties": { "OBJECTID": 1209, "longitude": 35.006727313799082, "latitude": 31.264736854834425, "status": "Built", "data_source": "Eshkol", "type": "Meguniot" }, "geometry": { "type": "Point", "coordinates": [ 35.006727314000045, 31.264736855000024 ] } },
{ "type": "Feature", "properties": { "OBJECTID": 1210, "longitude": 35.007941316019746, "latitude": 31.241298004886975, "status": "Built", "data_source": "Eshkol", "type": "Meguniot" }, "geometry": { "type": "Point", "coordinates": [ 35.007941316000029, 31.241298005000033 ] } },
{ "type": "Feature", "properties": { "OBJECTID": 1211, "longitude": 35.01123462598057, "latitude": 31.242664884804888, "status": "Built", "data_source": "Eshkol", "type": "Meguniot" }, "geometry": { "type": "Point", "coordinates": [ 35.011234626000032, 31.242664885000067 ] } },
{ "type": "Feature", "properties": { "OBJECTID": 1212, "longitude": 34.966215209394228, "latitude": 31.266444929396435, "status": "Built", "data_source": "Eshkol", "type": "Meguniot" }, "geometry": { "type": "Point", "coordinates": [ 34.96621520900004, 31.266444929000045 ] } },
{ "type": "Feature", "properties": { "OBJECTID": 1213, "longitude": 34.967475953834978, "latitude": 31.27034350826635, "status": "Built", "data_source": "Eshkol", "type": "Meguniot" }, "geometry": { "type": "Point", "coordinates": [ 34.967475954000065, 31.270343508000053 ] } },
{ "type": "Feature", "properties": { "OBJECTID": 1214, "longitude": 35.144540883372237, "latitude": 31.290380963085259, "status": "Built", "data_source": "Eshkol", "type": "Meguniot" }, "geometry": { "type": "Point", "coordinates": [ 35.144540883000047, 31.290380963000075 ] } },
{ "type": "Feature", "properties": { "OBJECTID": 1215, "longitude": 35.109035360321158, "latitude": 31.307622040365512, "status": "Built", "data_source": "Eshkol", "type": "Meguniot" }, "geometry": { "type": "Point", "coordinates": [ 35.109035360000064, 31.307622040000069 ] } },
{ "type": "Feature", "properties": { "OBJECTID": 1217, "longitude": 34.952301840141736, "latitude": 31.274733990260764, "status": "Built", "data_source": "Eshkol", "type": "Meguniot" }, "geometry": { "type": "Point", "coordinates": [ 34.952301840000075, 31.274733990000072 ] } },
{ "type": "Feature", "properties": { "OBJECTID": 1218, "longitude": 34.980090729749698, "latitude": 31.184251246896427, "status": "Built", "data_source": "Eshkol", "type": "Meguniot" }, "geometry": { "type": "Point", "coordinates": [ 34.980090730000029, 31.184251247000077 ] } },
{ "type": "Feature", "properties": { "OBJECTID": 1219, "longitude": 34.979717599187531, "latitude": 31.182329502895985, "status": "Built", "data_source": "Eshkol", "type": "Meguniot" }, "geometry": { "type": "Point", "coordinates": [ 34.979717599000026, 31.182329503000062 ] } },
{ "type": "Feature", "properties": { "OBJECTID": 1221, "longitude": 34.953892599011077, "latitude": 31.113455872907142, "status": "Built", "data_source": "Eshkol", "type": "Meguniot" }, "geometry": { "type": "Point", "coordinates": [ 34.953892599000028, 31.113455873000078 ] } },
{ "type": "Feature", "properties": { "OBJECTID": 1222, "longitude": 34.959031373473003, "latitude": 31.11671270846939, "status": "Built", "data_source": "Eshkol", "type": "Meguniot" }, "geometry": { "type": "Point", "coordinates": [ 34.959031373000073, 31.11671270800008 ] } },
{ "type": "Feature", "properties": { "OBJECTID": 1224, "longitude": 34.962586993173787, "latitude": 31.182127097844749, "status": "Built", "data_source": "Eshkol", "type": "Meguniot" }, "geometry": { "type": "Point", "coordinates": [ 34.962586993000059, 31.182127098000024 ] } },
{ "type": "Feature", "properties": { "OBJECTID": 1225, "longitude": 34.971164098547597, "latitude": 31.119576317451322, "status": "Built", "data_source": "Eshkol", "type": "Meguniot" }, "geometry": { "type": "Point", "coordinates": [ 34.971164099000077, 31.119576317000053 ] } },
{ "type": "Feature", "properties": { "OBJECTID": 1226, "longitude": 34.980756470614345, "latitude": 31.204509532753008, "status": "Built", "data_source": "Eshkol", "type": "Meguniot" }, "geometry": { "type": "Point", "coordinates": [ 34.980756471000063, 31.204509533000078 ] } },
{ "type": "Feature", "properties": { "OBJECTID": 1227, "longitude": 34.730487458873711, "latitude": 31.343354746129606, "status": "Built", "data_source": "Eshkol", "type": "Meguniot" }, "geometry": { "type": "Point", "coordinates": [ 34.730487459000074, 31.343354746000045 ] } },
{ "type": "Feature", "properties": { "OBJECTID": 1228, "longitude": 34.737912256076804, "latitude": 31.361311468332346, "status": "Built", "data_source": "Eshkol", "type": "Meguniot" }, "geometry": { "type": "Point", "coordinates": [ 34.737912256000072, 31.361311468000054 ] } },
{ "type": "Feature", "properties": { "OBJECTID": 1229, "longitude": 34.940230189606588, "latitude": 31.205307573441317, "status": "Built", "data_source": "Eshkol", "type": "Meguniot" }, "geometry": { "type": "Point", "coordinates": [ 34.940230190000079, 31.205307573000027 ] } },
{ "type": "Feature", "properties": { "OBJECTID": 1230, "longitude": 34.751661949870197, "latitude": 31.325736093131329, "status": "Built", "data_source": "Eshkol", "type": "Meguniot" }, "geometry": { "type": "Point", "coordinates": [ 34.751661950000027, 31.325736093000046 ] } },
{ "type": "Feature", "properties": { "OBJECTID": 1231, "longitude": 35.008084621216319, "latitude": 31.161757905230022, "status": "Built", "data_source": "Eshkol", "type": "Meguniot" }, "geometry": { "type": "Point", "coordinates": [ 35.00808462100008, 31.161757905000059 ] } },
{ "type": "Feature", "properties": { "OBJECTID": 1232, "longitude": 34.996902869678486, "latitude": 31.123778229660839, "status": "Built", "data_source": "Eshkol", "type": "Meguniot" }, "geometry": { "type": "Point", "coordinates": [ 34.996902870000042, 31.123778230000028 ] } },
{ "type": "Feature", "properties": { "OBJECTID": 1233, "longitude": 34.948406237941256, "latitude": 31.009208141448894, "status": "Built", "data_source": "Eshkol", "type": "Meguniot" }, "geometry": { "type": "Point", "coordinates": [ 34.948406238000075, 31.009208141000045 ] } },
{ "type": "Feature", "properties": { "OBJECTID": 1234, "longitude": 35.00043797672906, "latitude": 31.063985595779833, "status": "Built", "data_source": "Eshkol", "type": "Meguniot" }, "geometry": { "type": "Point", "coordinates": [ 35.000437977000047, 31.063985596000066 ] } },
{ "type": "Feature", "properties": { "OBJECTID": 1235, "longitude": 35.006174470337449, "latitude": 31.137168444335654, "status": "Built", "data_source": "Eshkol", "type": "Meguniot" }, "geometry": { "type": "Point", "coordinates": [ 35.006174470000076, 31.137168444000054 ] } },
{ "type": "Feature", "properties": { "OBJECTID": 1236, "longitude": 34.814397390940968, "latitude": 31.159197453867446, "status": "Built", "data_source": "Eshkol", "type": "Meguniot" }, "geometry": { "type": "Point", "coordinates": [ 34.814397391000057, 31.159197454000036 ] } },
{ "type": "Feature", "properties": { "OBJECTID": 1237, "longitude": 34.943001234224674, "latitude": 31.193543198896975, "status": "Built", "data_source": "Eshkol", "type": "Meguniot" }, "geometry": { "type": "Point", "coordinates": [ 34.943001234000064, 31.193543199000032 ] } },
{ "type": "Feature", "properties": { "OBJECTID": 1238, "longitude": 34.707254941334185, "latitude": 31.038025109872628, "status": "Built", "data_source": "Eshkol", "type": "Meguniot" }, "geometry": { "type": "Point", "coordinates": [ 34.707254941000031, 31.038025110000035 ] } },
{ "type": "Feature", "properties": { "OBJECTID": 1239, "longitude": 34.765726924057788, "latitude": 31.430457734844367, "status": "Built", "data_source": "Eshkol", "type": "Meguniot" }, "geometry": { "type": "Point", "coordinates": [ 34.765726924000035, 31.430457735000061 ] } },
{ "type": "Feature", "properties": { "OBJECTID": 1240, "longitude": 34.862735869236928, "latitude": 31.366295219030984, "status": "Built", "data_source": "Eshkol", "type": "Meguniot" }, "geometry": { "type": "Point", "coordinates": [ 34.862735869000062, 31.366295219000051 ] } },
{ "type": "Feature", "properties": { "OBJECTID": 1241, "longitude": 35.065026720296167, "latitude": 31.275600151049694, "status": "Built", "data_source": "Eshkol", "type": "Meguniot" }, "geometry": { "type": "Point", "coordinates": [ 35.065026720000048, 31.275600151000049 ] } },
{ "type": "Feature", "properties": { "OBJECTID": 1242, "longitude": 35.073652185013401, "latitude": 31.264930581456042, "status": "Built", "data_source": "Eshkol", "type": "Meguniot" }, "geometry": { "type": "Point", "coordinates": [ 35.073652185000071, 31.264930581000044 ] } },
{ "type": "Feature", "properties": { "OBJECTID": 1243, "longitude": 34.891486320849488, "latitude": 31.206352717157859, "status": "Built", "data_source": "Eshkol", "type": "Meguniot" }, "geometry": { "type": "Point", "coordinates": [ 34.891486321000059, 31.206352717000073 ] } },
{ "type": "Feature", "properties": { "OBJECTID": 1244, "longitude": 34.978883519430156, "latitude": 31.206697925952319, "status": "Built", "data_source": "Eshkol", "type": "Meguniot" }, "geometry": { "type": "Point", "coordinates": [ 34.978883519000078, 31.206697926000061 ] } },
{ "type": "Feature", "properties": { "OBJECTID": 1245, "longitude": 34.955714278135424, "latitude": 31.009637316627547, "status": "Built", "data_source": "Eshkol", "type": "Meguniot" }, "geometry": { "type": "Point", "coordinates": [ 34.955714278000073, 31.009637317000056 ] } },
{ "type": "Feature", "properties": { "OBJECTID": 1246, "longitude": 35.014799449697769, "latitude": 31.244789688789332, "status": "Built", "data_source": "Eshkol", "type": "Meguniot" }, "geometry": { "type": "Point", "coordinates": [ 35.014799450000055, 31.244789689000072 ] } },
{ "type": "Feature", "properties": { "OBJECTID": 1247, "longitude": 35.0618921923366, "latitude": 31.1741580150765, "status": "Built", "data_source": "Eshkol", "type": "Meguniot" }, "geometry": { "type": "Point", "coordinates": [ 35.061892192000073, 31.174158015000046 ] } },
{ "type": "Feature", "properties": { "OBJECTID": 1248, "longitude": 34.994434818939517, "latitude": 31.273023954911306, "status": "Built", "data_source": "Eshkol", "type": "Meguniot" }, "geometry": { "type": "Point", "coordinates": [ 34.994434819000048, 31.273023955000042 ] } },
{ "type": "Feature", "properties": { "OBJECTID": 1249, "longitude": 34.97818630508452, "latitude": 31.21306424275706, "status": "Built", "data_source": "Eshkol", "type": "Meguniot" }, "geometry": { "type": "Point", "coordinates": [ 34.978186305000065, 31.213064243000076 ] } },
{ "type": "Feature", "properties": { "OBJECTID": 1250, "longitude": 34.955434479361344, "latitude": 31.121152325141203, "status": "Built", "data_source": "Eshkol", "type": "Meguniot" }, "geometry": { "type": "Point", "coordinates": [ 34.955434479000075, 31.121152325000025 ] } },
{ "type": "Feature", "properties": { "OBJECTID": 1251, "longitude": 35.04480084530158, "latitude": 31.163801899257862, "status": "Built", "data_source": "Eshkol", "type": "Meguniot" }, "geometry": { "type": "Point", "coordinates": [ 35.044800845000054, 31.163801899000077 ] } },
{ "type": "Feature", "properties": { "OBJECTID": 1252, "longitude": 35.05242986101284, "latitude": 31.141677820832545, "status": "Built", "data_source": "Eshkol", "type": "Meguniot" }, "geometry": { "type": "Point", "coordinates": [ 35.052429861000064, 31.14167782100003 ] } },
{ "type": "Feature", "properties": { "OBJECTID": 1253, "longitude": 35.04730308122781, "latitude": 31.147471073438876, "status": "Built", "data_source": "Eshkol", "type": "Meguniot" }, "geometry": { "type": "Point", "coordinates": [ 35.047303081000052, 31.147471073000077 ] } },
{ "type": "Feature", "properties": { "OBJECTID": 1254, "longitude": 34.980160922090185, "latitude": 31.092029226315717, "status": "Built", "data_source": "Eshkol", "type": "Meguniot" }, "geometry": { "type": "Point", "coordinates": [ 34.980160922000039, 31.092029226000079 ] } },
{ "type": "Feature", "properties": { "OBJECTID": 1255, "longitude": 34.991160905016002, "latitude": 31.089441294844427, "status": "Built", "data_source": "Eshkol", "type": "Meguniot" }, "geometry": { "type": "Point", "coordinates": [ 34.991160905000072, 31.089441295000029 ] } },
{ "type": "Feature", "properties": { "OBJECTID": 1256, "longitude": 35.052199654826303, "latitude": 31.029557740802996, "status": "Built", "data_source": "Eshkol", "type": "Meguniot" }, "geometry": { "type": "Point", "coordinates": [ 35.052199655000038, 31.029557741000076 ] } },
{ "type": "Feature", "properties": { "OBJECTID": 1257, "longitude": 34.983141909928278, "latitude": 31.07652108252713, "status": "Built", "data_source": "Eshkol", "type": "Meguniot" }, "geometry": { "type": "Point", "coordinates": [ 34.983141910000029, 31.076521083000046 ] } },
{ "type": "Feature", "properties": { "OBJECTID": 1258, "longitude": 34.937661663736307, "latitude": 31.140859961223402, "status": "Built", "data_source": "Eshkol", "type": "Meguniot" }, "geometry": { "type": "Point", "coordinates": [ 34.937661664000075, 31.140859961000046 ] } },
{ "type": "Feature", "properties": { "OBJECTID": 1259, "longitude": 34.952116413623621, "latitude": 31.111215620098871, "status": "Built", "data_source": "Eshkol", "type": "Meguniot" }, "geometry": { "type": "Point", "coordinates": [ 34.952116414000045, 31.111215620000053 ] } },
{ "type": "Feature", "properties": { "OBJECTID": 1260, "longitude": 34.995178267796575, "latitude": 31.145259389463579, "status": "Built", "data_source": "Eshkol", "type": "Meguniot" }, "geometry": { "type": "Point", "coordinates": [ 34.995178268000075, 31.145259389000046 ] } },
{ "type": "Feature", "properties": { "OBJECTID": 1261, "longitude": 34.735085749305824, "latitude": 30.847458311053924, "status": "Built", "data_source": "Eshkol", "type": "Meguniot" }, "geometry": { "type": "Point", "coordinates": [ 34.735085749000064, 30.847458311000025 ] } },
{ "type": "Feature", "properties": { "OBJECTID": 1262, "longitude": 34.960859351730306, "latitude": 31.111088127155821, "status": "Built", "data_source": "Eshkol", "type": "Meguniot" }, "geometry": { "type": "Point", "coordinates": [ 34.960859352000057, 31.111088127000073 ] } },
{ "type": "Feature", "properties": { "OBJECTID": 1263, "longitude": 34.913498183515777, "latitude": 31.22443364774643, "status": "Built", "data_source": "Eshkol", "type": "Meguniot" }, "geometry": { "type": "Point", "coordinates": [ 34.913498184000048, 31.224433648000058 ] } },
{ "type": "Feature", "properties": { "OBJECTID": 1264, "longitude": 34.963928367299026, "latitude": 30.987041060143738, "status": "Built", "data_source": "Eshkol", "type": "Meguniot" }, "geometry": { "type": "Point", "coordinates": [ 34.963928367000051, 30.987041060000024 ] } },
{ "type": "Feature", "properties": { "OBJECTID": 1265, "longitude": 34.7798264347987, "latitude": 31.429034296686456, "status": "Built", "data_source": "Eshkol", "type": "Meguniot" }, "geometry": { "type": "Point", "coordinates": [ 34.779826435000075, 31.429034297000044 ] } },
{ "type": "Feature", "properties": { "OBJECTID": 1267, "longitude": 34.76943210797409, "latitude": 31.42734901987486, "status": "Built", "data_source": "Eshkol", "type": "Meguniot" }, "geometry": { "type": "Point", "coordinates": [ 34.769432108000046, 31.427349020000065 ] } },
{ "type": "Feature", "properties": { "OBJECTID": 1269, "longitude": 34.739412465307886, "latitude": 31.359548776857093, "status": "Built", "data_source": "Eshkol", "type": "Meguniot" }, "geometry": { "type": "Point", "coordinates": [ 34.739412465000044, 31.359548777000043 ] } },
{ "type": "Feature", "properties": { "OBJECTID": 1270, "longitude": 34.717581318811888, "latitude": 31.323158030382597, "status": "Built", "data_source": "Eshkol", "type": "Meguniot" }, "geometry": { "type": "Point", "coordinates": [ 34.717581319000033, 31.323158030000059 ] } },
{ "type": "Feature", "properties": { "OBJECTID": 1271, "longitude": 34.761827260454446, "latitude": 31.317546040109406, "status": "Built", "data_source": "Eshkol", "type": "Meguniot" }, "geometry": { "type": "Point", "coordinates": [ 34.761827260000075, 31.317546040000025 ] } },
{ "type": "Feature", "properties": { "OBJECTID": 1272, "longitude": 34.722017491824104, "latitude": 31.337063790719746, "status": "Built", "data_source": "Eshkol", "type": "Meguniot" }, "geometry": { "type": "Point", "coordinates": [ 34.722017492000077, 31.337063791000048 ] } },
{ "type": "Feature", "properties": { "OBJECTID": 1273, "longitude": 34.759219088114868, "latitude": 31.365030299356441, "status": "Built", "data_source": "Eshkol", "type": "Meguniot" }, "geometry": { "type": "Point", "coordinates": [ 34.759219088000066, 31.365030299000068 ] } },
{ "type": "Feature", "properties": { "OBJECTID": 1274, "longitude": 34.750512608330069, "latitude": 31.343904763036125, "status": "Built", "data_source": "Eshkol", "type": "Meguniot" }, "geometry": { "type": "Point", "coordinates": [ 34.750512608000065, 31.343904763000069 ] } },
{ "type": "Feature", "properties": { "OBJECTID": 1275, "longitude": 34.808769556198691, "latitude": 31.314028504792777, "status": "Built", "data_source": "Eshkol", "type": "Meguniot" }, "geometry": { "type": "Point", "coordinates": [ 34.808769556000072, 31.314028505000067 ] } },
{ "type": "Feature", "properties": { "OBJECTID": 1276, "longitude": 34.861982803800217, "latitude": 31.33871283875817, "status": "Built", "data_source": "Eshkol", "type": "Meguniot" }, "geometry": { "type": "Point", "coordinates": [ 34.861982804000036, 31.338712839000038 ] } },
{ "type": "Feature", "properties": { "OBJECTID": 1277, "longitude": 34.824960478782451, "latitude": 31.308115837101681, "status": "Built", "data_source": "Eshkol", "type": "Meguniot" }, "geometry": { "type": "Point", "coordinates": [ 34.824960479000026, 31.308115837000059 ] } },
{ "type": "Feature", "properties": { "OBJECTID": 1278, "longitude": 34.864420703645855, "latitude": 31.364991341880334, "status": "Built", "data_source": "Eshkol", "type": "Meguniot" }, "geometry": { "type": "Point", "coordinates": [ 34.864420704000054, 31.364991342000053 ] } },
{ "type": "Feature", "properties": { "OBJECTID": 1279, "longitude": 34.867801183574493, "latitude": 31.309993911608576, "status": "Built", "data_source": "Eshkol", "type": "Meguniot" }, "geometry": { "type": "Point", "coordinates": [ 34.867801184000029, 31.309993912000039 ] } },
{ "type": "Feature", "properties": { "OBJECTID": 1280, "longitude": 34.844036792109833, "latitude": 31.302497842697427, "status": "Built", "data_source": "Eshkol", "type": "Meguniot" }, "geometry": { "type": "Point", "coordinates": [ 34.844036792000054, 31.302497843000026 ] } },
{ "type": "Feature", "properties": { "OBJECTID": 1281, "longitude": 34.854415961602378, "latitude": 31.31347553415678, "status": "Built", "data_source": "Eshkol", "type": "Meguniot" }, "geometry": { "type": "Point", "coordinates": [ 34.854415962000076, 31.313475534000077 ] } },
{ "type": "Feature", "properties": { "OBJECTID": 1282, "longitude": 34.850648935490064, "latitude": 31.30671002809256, "status": "Built", "data_source": "Eshkol", "type": "Meguniot" }, "geometry": { "type": "Point", "coordinates": [ 34.850648935000038, 31.306710028000055 ] } },
{ "type": "Feature", "properties": { "OBJECTID": 1283, "longitude": 34.848739278723393, "latitude": 31.303349707470634, "status": "Built", "data_source": "Eshkol", "type": "Meguniot" }, "geometry": { "type": "Point", "coordinates": [ 34.848739279000029, 31.303349707000052 ] } },
{ "type": "Feature", "properties": { "OBJECTID": 1284, "longitude": 34.851518987565164, "latitude": 31.301553581408108, "status": "Built", "data_source": "Eshkol", "type": "Meguniot" }, "geometry": { "type": "Point", "coordinates": [ 34.851518988000066, 31.301553581000064 ] } },
{ "type": "Feature", "properties": { "OBJECTID": 1285, "longitude": 34.856519644574, "latitude": 31.289860600777104, "status": "Built", "data_source": "Eshkol", "type": "Meguniot" }, "geometry": { "type": "Point", "coordinates": [ 34.856519645000049, 31.289860601000044 ] } },
{ "type": "Feature", "properties": { "OBJECTID": 1286, "longitude": 34.857034047251162, "latitude": 31.292784138263507, "status": "Built", "data_source": "Eshkol", "type": "Meguniot" }, "geometry": { "type": "Point", "coordinates": [ 34.85703404700007, 31.292784138000059 ] } },
{ "type": "Feature", "properties": { "OBJECTID": 1287, "longitude": 34.89691843132826, "latitude": 31.26189643889979, "status": "Built", "data_source": "Eshkol", "type": "Meguniot" }, "geometry": { "type": "Point", "coordinates": [ 34.896918431000074, 31.261896439000054 ] } },
{ "type": "Feature", "properties": { "OBJECTID": 1288, "longitude": 34.896251969886286, "latitude": 31.292523392545473, "status": "Built", "data_source": "Eshkol", "type": "Meguniot" }, "geometry": { "type": "Point", "coordinates": [ 34.896251970000037, 31.292523393000067 ] } },
{ "type": "Feature", "properties": { "OBJECTID": 1289, "longitude": 34.890207515212815, "latitude": 31.297324894504222, "status": "Built", "data_source": "Eshkol", "type": "Meguniot" }, "geometry": { "type": "Point", "coordinates": [ 34.890207515000043, 31.297324895000031 ] } },
{ "type": "Feature", "properties": { "OBJECTID": 1290, "longitude": 34.914820381884269, "latitude": 31.275439478812469, "status": "Built", "data_source": "Eshkol", "type": "Meguniot" }, "geometry": { "type": "Point", "coordinates": [ 34.914820382000073, 31.275439479000056 ] } },
{ "type": "Feature", "properties": { "OBJECTID": 1291, "longitude": 34.997823905615547, "latitude": 31.316464773250402, "status": "Built", "data_source": "Eshkol", "type": "Meguniot" }, "geometry": { "type": "Point", "coordinates": [ 34.997823906000065, 31.316464773000064 ] } },
{ "type": "Feature", "properties": { "OBJECTID": 1292, "longitude": 34.934122067724239, "latitude": 31.282381051312374, "status": "Built", "data_source": "Eshkol", "type": "Meguniot" }, "geometry": { "type": "Point", "coordinates": [ 34.934122068000079, 31.282381051000073 ] } },
{ "type": "Feature", "properties": { "OBJECTID": 1293, "longitude": 34.931362543741209, "latitude": 31.285198171363675, "status": "Built", "data_source": "Eshkol", "type": "Meguniot" }, "geometry": { "type": "Point", "coordinates": [ 34.931362544000024, 31.285198171000047 ] } },
{ "type": "Feature", "properties": { "OBJECTID": 1294, "longitude": 34.905917545338468, "latitude": 31.291536075728803, "status": "Built", "data_source": "Eshkol", "type": "Meguniot" }, "geometry": { "type": "Point", "coordinates": [ 34.905917545000079, 31.291536076000057 ] } },
{ "type": "Feature", "properties": { "OBJECTID": 1295, "longitude": 34.906398610445038, "latitude": 31.298869627952882, "status": "Built", "data_source": "Eshkol", "type": "Meguniot" }, "geometry": { "type": "Point", "coordinates": [ 34.906398610000053, 31.298869628000034 ] } },
{ "type": "Feature", "properties": { "OBJECTID": 1296, "longitude": 34.943226611363251, "latitude": 31.278684033325877, "status": "Built", "data_source": "Eshkol", "type": "Meguniot" }, "geometry": { "type": "Point", "coordinates": [ 34.943226611000057, 31.278684033000047 ] } },
{ "type": "Feature", "properties": { "OBJECTID": 1297, "longitude": 34.956536575410134, "latitude": 31.272757820250344, "status": "Built", "data_source": "Eshkol", "type": "Meguniot" }, "geometry": { "type": "Point", "coordinates": [ 34.95653657500003, 31.272757820000038 ] } },
{ "type": "Feature", "properties": { "OBJECTID": 1298, "longitude": 34.961032532244992, "latitude": 31.272080961415597, "status": "Built", "data_source": "Eshkol", "type": "Meguniot" }, "geometry": { "type": "Point", "coordinates": [ 34.961032532000047, 31.272080961000029 ] } },
{ "type": "Feature", "properties": { "OBJECTID": 1299, "longitude": 34.951744467270466, "latitude": 31.266326938583841, "status": "Built", "data_source": "Eshkol", "type": "Meguniot" }, "geometry": { "type": "Point", "coordinates": [ 34.951744467000026, 31.266326939000066 ] } },
{ "type": "Feature", "properties": { "OBJECTID": 1300, "longitude": 35.027575623005688, "latitude": 31.259878643557037, "status": "Built", "data_source": "Eshkol", "type": "Meguniot" }, "geometry": { "type": "Point", "coordinates": [ 35.027575623000075, 31.259878644000025 ] } },
{ "type": "Feature", "properties": { "OBJECTID": 1301, "longitude": 35.046564422527752, "latitude": 31.25602513432397, "status": "Built", "data_source": "Eshkol", "type": "Meguniot" }, "geometry": { "type": "Point", "coordinates": [ 35.046564423000063, 31.256025134000026 ] } },
{ "type": "Feature", "properties": { "OBJECTID": 1302, "longitude": 35.021189138931277, "latitude": 31.272325033201678, "status": "Built", "data_source": "Eshkol", "type": "Meguniot" }, "geometry": { "type": "Point", "coordinates": [ 35.021189139000057, 31.272325033000072 ] } },
{ "type": "Feature", "properties": { "OBJECTID": 1303, "longitude": 35.030739801627092, "latitude": 31.269199650079521, "status": "Built", "data_source": "Eshkol", "type": "Meguniot" }, "geometry": { "type": "Point", "coordinates": [ 35.030739802000028, 31.269199650000076 ] } },
{ "type": "Feature", "properties": { "OBJECTID": 1304, "longitude": 35.035834321280547, "latitude": 31.274013584372781, "status": "Built", "data_source": "Eshkol", "type": "Meguniot" }, "geometry": { "type": "Point", "coordinates": [ 35.035834321000038, 31.274013584000045 ] } },
{ "type": "Feature", "properties": { "OBJECTID": 1305, "longitude": 35.094610839364485, "latitude": 31.261306157148891, "status": "Built", "data_source": "Eshkol", "type": "Meguniot" }, "geometry": { "type": "Point", "coordinates": [ 35.09461083900004, 31.261306157000035 ] } },
{ "type": "Feature", "properties": { "OBJECTID": 1306, "longitude": 35.089646541678889, "latitude": 31.26845395588041, "status": "Built", "data_source": "Eshkol", "type": "Meguniot" }, "geometry": { "type": "Point", "coordinates": [ 35.089646542000025, 31.26845395600003 ] } },
{ "type": "Feature", "properties": { "OBJECTID": 1307, "longitude": 35.095972111314865, "latitude": 31.255291579715077, "status": "Built", "data_source": "Eshkol", "type": "Meguniot" }, "geometry": { "type": "Point", "coordinates": [ 35.095972111000037, 31.255291580000062 ] } },
{ "type": "Feature", "properties": { "OBJECTID": 1308, "longitude": 35.061105381352689, "latitude": 31.255843727688223, "status": "Built", "data_source": "Eshkol", "type": "Meguniot" }, "geometry": { "type": "Point", "coordinates": [ 35.061105381000061, 31.255843728000059 ] } },
{ "type": "Feature", "properties": { "OBJECTID": 1309, "longitude": 35.116783659066606, "latitude": 31.251726840333298, "status": "Built", "data_source": "Eshkol", "type": "Meguniot" }, "geometry": { "type": "Point", "coordinates": [ 35.116783659000077, 31.25172684000006 ] } },
{ "type": "Feature", "properties": { "OBJECTID": 1310, "longitude": 35.118724455793753, "latitude": 31.253252373280098, "status": "Built", "data_source": "Eshkol", "type": "Meguniot" }, "geometry": { "type": "Point", "coordinates": [ 35.118724456000052, 31.253252373000066 ] } },
{ "type": "Feature", "properties": { "OBJECTID": 1311, "longitude": 35.126294483132696, "latitude": 31.252418408992433, "status": "Built", "data_source": "Eshkol", "type": "Meguniot" }, "geometry": { "type": "Point", "coordinates": [ 35.126294483000038, 31.252418409000029 ] } },
{ "type": "Feature", "properties": { "OBJECTID": 1312, "longitude": 35.128105169179562, "latitude": 31.246214350086753, "status": "Built", "data_source": "Eshkol", "type": "Meguniot" }, "geometry": { "type": "Point", "coordinates": [ 35.128105169000037, 31.246214350000059 ] } },
{ "type": "Feature", "properties": { "OBJECTID": 1313, "longitude": 35.127960775615065, "latitude": 31.243012480588956, "status": "Built", "data_source": "Eshkol", "type": "Meguniot" }, "geometry": { "type": "Point", "coordinates": [ 35.127960776000066, 31.243012481000051 ] } },
{ "type": "Feature", "properties": { "OBJECTID": 1314, "longitude": 35.122449241243878, "latitude": 31.243559259197344, "status": "Built", "data_source": "Eshkol", "type": "Meguniot" }, "geometry": { "type": "Point", "coordinates": [ 35.122449241000027, 31.243559259000051 ] } },
{ "type": "Feature", "properties": { "OBJECTID": 1315, "longitude": 35.124843731338871, "latitude": 31.242243969540823, "status": "Built", "data_source": "Eshkol", "type": "Meguniot" }, "geometry": { "type": "Point", "coordinates": [ 35.124843731000055, 31.242243970000061 ] } },
{ "type": "Feature", "properties": { "OBJECTID": 1316, "longitude": 35.128856171724046, "latitude": 31.239071655239176, "status": "Built", "data_source": "Eshkol", "type": "Meguniot" }, "geometry": { "type": "Point", "coordinates": [ 35.128856172000042, 31.239071655000032 ] } },
{ "type": "Feature", "properties": { "OBJECTID": 1317, "longitude": 35.118492853601943, "latitude": 31.21908778541636, "status": "Built", "data_source": "Eshkol", "type": "Meguniot" }, "geometry": { "type": "Point", "coordinates": [ 35.118492854000067, 31.219087785000056 ] } },
{ "type": "Feature", "properties": { "OBJECTID": 1318, "longitude": 35.157601014731505, "latitude": 31.251225016311665, "status": "Built", "data_source": "Eshkol", "type": "Meguniot" }, "geometry": { "type": "Point", "coordinates": [ 35.157601015000068, 31.251225016000035 ] } },
{ "type": "Feature", "properties": { "OBJECTID": 1319, "longitude": 35.165186351008224, "latitude": 31.237482414581649, "status": "Built", "data_source": "Eshkol", "type": "Meguniot" }, "geometry": { "type": "Point", "coordinates": [ 35.165186351000045, 31.237482415000045 ] } },
{ "type": "Feature", "properties": { "OBJECTID": 1320, "longitude": 35.092330852048683, "latitude": 31.209263872169853, "status": "Built", "data_source": "Eshkol", "type": "Meguniot" }, "geometry": { "type": "Point", "coordinates": [ 35.092330852000032, 31.209263872000065 ] } },
{ "type": "Feature", "properties": { "OBJECTID": 1321, "longitude": 35.081379463445614, "latitude": 31.18191676552296, "status": "Built", "data_source": "Eshkol", "type": "Meguniot" }, "geometry": { "type": "Point", "coordinates": [ 35.081379463000076, 31.181916766000029 ] } },
{ "type": "Feature", "properties": { "OBJECTID": 1322, "longitude": 35.098583036482161, "latitude": 31.201584831466715, "status": "Built", "data_source": "Eshkol", "type": "Meguniot" }, "geometry": { "type": "Point", "coordinates": [ 35.098583036000036, 31.201584831000048 ] } },
{ "type": "Feature", "properties": { "OBJECTID": 1323, "longitude": 35.115885140326888, "latitude": 31.201940602703107, "status": "Built", "data_source": "Eshkol", "type": "Meguniot" }, "geometry": { "type": "Point", "coordinates": [ 35.115885140000046, 31.201940603000025 ] } },
{ "type": "Feature", "properties": { "OBJECTID": 1324, "longitude": 35.118492853601943, "latitude": 31.21908778541636, "status": "Built", "data_source": "Eshkol", "type": "Meguniot" }, "geometry": { "type": "Point", "coordinates": [ 35.118492854000067, 31.219087785000056 ] } },
{ "type": "Feature", "properties": { "OBJECTID": 1325, "longitude": 35.076098480287051, "latitude": 31.153906965102859, "status": "Built", "data_source": "Eshkol", "type": "Meguniot" }, "geometry": { "type": "Point", "coordinates": [ 35.076098480000041, 31.153906965000033 ] } },
{ "type": "Feature", "properties": { "OBJECTID": 1326, "longitude": 35.074519724860323, "latitude": 31.181143404907221, "status": "Built", "data_source": "Eshkol", "type": "Meguniot" }, "geometry": { "type": "Point", "coordinates": [ 35.074519725000073, 31.181143405000057 ] } },
{ "type": "Feature", "properties": { "OBJECTID": 1327, "longitude": 34.999013764876146, "latitude": 31.154943623583812, "status": "Built", "data_source": "Eshkol", "type": "Meguniot" }, "geometry": { "type": "Point", "coordinates": [ 34.999013765000029, 31.154943624000055 ] } },
{ "type": "Feature", "properties": { "OBJECTID": 1328, "longitude": 34.873325715071175, "latitude": 31.216968083022351, "status": "Built", "data_source": "Eshkol", "type": "Meguniot" }, "geometry": { "type": "Point", "coordinates": [ 34.873325715000078, 31.21696808300004 ] } },
{ "type": "Feature", "properties": { "OBJECTID": 1329, "longitude": 34.927618998176342, "latitude": 31.222056798153922, "status": "Built", "data_source": "Eshkol", "type": "Meguniot" }, "geometry": { "type": "Point", "coordinates": [ 34.927618998000071, 31.22205679800004 ] } },
{ "type": "Feature", "properties": { "OBJECTID": 1330, "longitude": 34.925395402665565, "latitude": 31.225181622517127, "status": "Built", "data_source": "Eshkol", "type": "Meguniot" }, "geometry": { "type": "Point", "coordinates": [ 34.925395403000039, 31.225181623000026 ] } },
{ "type": "Feature", "properties": { "OBJECTID": 1331, "longitude": 34.941867316726928, "latitude": 31.238609624532025, "status": "Built", "data_source": "Eshkol", "type": "Meguniot" }, "geometry": { "type": "Point", "coordinates": [ 34.94186731700006, 31.238609625000038 ] } },
{ "type": "Feature", "properties": { "OBJECTID": 1332, "longitude": 34.964414307164539, "latitude": 31.234450757294226, "status": "Built", "data_source": "Eshkol", "type": "Meguniot" }, "geometry": { "type": "Point", "coordinates": [ 34.964414307000027, 31.234450757000047 ] } },
{ "type": "Feature", "properties": { "OBJECTID": 1333, "longitude": 34.960617532367948, "latitude": 31.245600226353751, "status": "Built", "data_source": "Eshkol", "type": "Meguniot" }, "geometry": { "type": "Point", "coordinates": [ 34.960617532000072, 31.245600226000079 ] } },
{ "type": "Feature", "properties": { "OBJECTID": 1334, "longitude": 34.96761520662907, "latitude": 31.238848984122804, "status": "Built", "data_source": "Eshkol", "type": "Meguniot" }, "geometry": { "type": "Point", "coordinates": [ 34.967615207000051, 31.238848984000072 ] } },
{ "type": "Feature", "properties": { "OBJECTID": 1335, "longitude": 34.996544272107542, "latitude": 31.229266564030702, "status": "Built", "data_source": "Eshkol", "type": "Meguniot" }, "geometry": { "type": "Point", "coordinates": [ 34.996544272000051, 31.229266564000056 ] } },
{ "type": "Feature", "properties": { "OBJECTID": 1336, "longitude": 34.924596056872737, "latitude": 31.257828914432352, "status": "Built", "data_source": "Eshkol", "type": "Meguniot" }, "geometry": { "type": "Point", "coordinates": [ 34.924596057000031, 31.257828914000072 ] } },
{ "type": "Feature", "properties": { "OBJECTID": 1337, "longitude": 34.923746570679469, "latitude": 31.25396691152412, "status": "Built", "data_source": "Eshkol", "type": "Meguniot" }, "geometry": { "type": "Point", "coordinates": [ 34.923746571000038, 31.253966912000067 ] } },
{ "type": "Feature", "properties": { "OBJECTID": 1338, "longitude": 34.903639458757667, "latitude": 31.258115319325288, "status": "Built", "data_source": "Eshkol", "type": "Meguniot" }, "geometry": { "type": "Point", "coordinates": [ 34.903639459000033, 31.258115319000069 ] } },
{ "type": "Feature", "properties": { "OBJECTID": 1339, "longitude": 34.823255912509083, "latitude": 31.300994850769733, "status": "Built", "data_source": "Eshkol", "type": "Meguniot" }, "geometry": { "type": "Point", "coordinates": [ 34.823255913000025, 31.300994851000041 ] } },
{ "type": "Feature", "properties": { "OBJECTID": 1340, "longitude": 34.901460062915241, "latitude": 31.233713664676461, "status": "Built", "data_source": "Eshkol", "type": "Meguniot" }, "geometry": { "type": "Point", "coordinates": [ 34.901460063000059, 31.233713665000039 ] } },
{ "type": "Feature", "properties": { "OBJECTID": 1341, "longitude": 34.96317297397804, "latitude": 31.1817586899984, "status": "Built", "data_source": "Eshkol", "type": "Meguniot" }, "geometry": { "type": "Point", "coordinates": [ 34.963172974000031, 31.181758690000038 ] } },
{ "type": "Feature", "properties": { "OBJECTID": 1343, "longitude": 34.950385382642693, "latitude": 31.240583862986778, "status": "Built", "data_source": "Eshkol", "type": "Meguniot" }, "geometry": { "type": "Point", "coordinates": [ 34.950385383000025, 31.24058386300004 ] } },
{ "type": "Feature", "properties": { "OBJECTID": 553, "longitude": 35.047018062998347, "latitude": 31.063654275538898, "status": "Built", "data_source": "Eshkol", "type": "School" }, "geometry": { "type": "Point", "coordinates": [ 35.047018063000053, 31.063654276000079 ] } },
{ "type": "Feature", "properties": { "OBJECTID": 556, "longitude": 34.885546815154967, "latitude": 31.276994388841, "status": "Built", "data_source": "Eshkol", "type": "School" }, "geometry": { "type": "Point", "coordinates": [ 34.885546815000055, 31.276994389000038 ] } },
{ "type": "Feature", "properties": { "OBJECTID": 559, "longitude": 34.964023164762892, "latitude": 31.122729312665484, "status": "Built", "data_source": "Eshkol", "type": "School" }, "geometry": { "type": "Point", "coordinates": [ 34.964023165000071, 31.122729313000036 ] } },
{ "type": "Feature", "properties": { "OBJECTID": 560, "longitude": 35.094274189957893, "latitude": 31.242961985683582, "status": "Built", "data_source": "Eshkol", "type": "School" }, "geometry": { "type": "Point", "coordinates": [ 35.094274190000078, 31.242961986000068 ] } },
{ "type": "Feature", "properties": { "OBJECTID": 567, "longitude": 34.925114643149563, "latitude": 31.294836060623808, "status": "Built", "data_source": "Eshkol", "type": "School" }, "geometry": { "type": "Point", "coordinates": [ 34.925114643000029, 31.294836061000069 ] } },
{ "type": "Feature", "properties": { "OBJECTID": 571, "longitude": 34.922286348104741, "latitude": 31.204070413246974, "status": "Built", "data_source": "Eshkol", "type": "School" }, "geometry": { "type": "Point", "coordinates": [ 34.922286348000057, 31.204070413000068 ] } },
{ "type": "Feature", "properties": { "OBJECTID": 572, "longitude": 34.931992313102107, "latitude": 31.189444151789463, "status": "Built", "data_source": "Eshkol", "type": "School" }, "geometry": { "type": "Point", "coordinates": [ 34.93199231300008, 31.189444152000078 ] } },
{ "type": "Feature", "properties": { "OBJECTID": 577, "longitude": 34.919716283867437, "latitude": 31.270310349426385, "status": "Built", "data_source": "Eshkol", "type": "School" }, "geometry": { "type": "Point", "coordinates": [ 34.91971628400006, 31.270310349000056 ] } },
{ "type": "Feature", "properties": { "OBJECTID": 578, "longitude": 34.712669413995236, "latitude": 31.018969847419928, "status": "Built", "data_source": "Eshkol", "type": "School" }, "geometry": { "type": "Point", "coordinates": [ 34.712669414000061, 31.018969847000051 ] } },
{ "type": "Feature", "properties": { "OBJECTID": 579, "longitude": 34.921163162836294, "latitude": 31.299129495853293, "status": "Built", "data_source": "Eshkol", "type": "School" }, "geometry": { "type": "Point", "coordinates": [ 34.921163163000074, 31.299129496000035 ] } },
{ "type": "Feature", "properties": { "OBJECTID": 580, "longitude": 34.93391307016077, "latitude": 31.189150570716279, "status": "Built", "data_source": "Eshkol", "type": "School" }, "geometry": { "type": "Point", "coordinates": [ 34.933913070000074, 31.189150571000027 ] } },
{ "type": "Feature", "properties": { "OBJECTID": 583, "longitude": 34.913663342293518, "latitude": 31.282129832199793, "status": "Built", "data_source": "Eshkol", "type": "School" }, "geometry": { "type": "Point", "coordinates": [ 34.913663342000063, 31.282129832000066 ] } },
{ "type": "Feature", "properties": { "OBJECTID": 585, "longitude": 34.822207236341995, "latitude": 31.164226800884986, "status": "Built", "data_source": "Eshkol", "type": "School" }, "geometry": { "type": "Point", "coordinates": [ 34.822207236000054, 31.164226801000041 ] } },
{ "type": "Feature", "properties": { "OBJECTID": 586, "longitude": 35.164968846962836, "latitude": 31.229555547395528, "status": "Built", "data_source": "Eshkol", "type": "School" }, "geometry": { "type": "Point", "coordinates": [ 35.164968847000068, 31.229555547000075 ] } },
{ "type": "Feature", "properties": { "OBJECTID": 588, "longitude": 34.876172200660953, "latitude": 31.285277332891795, "status": "Built", "data_source": "Eshkol", "type": "School" }, "geometry": { "type": "Point", "coordinates": [ 34.876172201000031, 31.285277333000067 ] } },
{ "type": "Feature", "properties": { "OBJECTID": 590, "longitude": 35.091892643767977, "latitude": 31.25067131406189, "status": "Built", "data_source": "Eshkol", "type": "School" }, "geometry": { "type": "Point", "coordinates": [ 35.09189264400004, 31.250671314000044 ] } },
{ "type": "Feature", "properties": { "OBJECTID": 592, "longitude": 34.875070708653915, "latitude": 31.330207299386409, "status": "Built", "data_source": "Eshkol", "type": "School" }, "geometry": { "type": "Point", "coordinates": [ 34.875070709000056, 31.330207299000051 ] } },
{ "type": "Feature", "properties": { "OBJECTID": 593, "longitude": 35.100432400073359, "latitude": 31.246358328883293, "status": "Built", "data_source": "Eshkol", "type": "School" }, "geometry": { "type": "Point", "coordinates": [ 35.100432400000045, 31.246358329000032 ] } },
{ "type": "Feature", "properties": { "OBJECTID": 595, "longitude": 35.037422194079753, "latitude": 31.265935583882225, "status": "Built", "data_source": "Eshkol", "type": "School" }, "geometry": { "type": "Point", "coordinates": [ 35.037422194000044, 31.265935584000033 ] } },
{ "type": "Feature", "properties": { "OBJECTID": 598, "longitude": 34.915135128194727, "latitude": 31.281619068136422, "status": "Built", "data_source": "Eshkol", "type": "School" }, "geometry": { "type": "Point", "coordinates": [ 34.915135128000031, 31.281619068000055 ] } },
{ "type": "Feature", "properties": { "OBJECTID": 599, "longitude": 34.882118019242796, "latitude": 31.321792424178401, "status": "Built", "data_source": "Eshkol", "type": "School" }, "geometry": { "type": "Point", "coordinates": [ 34.882118019000075, 31.32179242400008 ] } },
{ "type": "Feature", "properties": { "OBJECTID": 601, "longitude": 34.987354793186782, "latitude": 31.088452126168448, "status": "Built", "data_source": "Eshkol", "type": "School" }, "geometry": { "type": "Point", "coordinates": [ 34.987354793000065, 31.08845212600005 ] } },
{ "type": "Feature", "properties": { "OBJECTID": 603, "longitude": 34.922501181372546, "latitude": 31.297761543959492, "status": "Built", "data_source": "Eshkol", "type": "School" }, "geometry": { "type": "Point", "coordinates": [ 34.92250118100003, 31.297761544000025 ] } },
{ "type": "Feature", "properties": { "OBJECTID": 604, "longitude": 35.035291004124609, "latitude": 31.153805925439581, "status": "Built", "data_source": "Eshkol", "type": "School" }, "geometry": { "type": "Point", "coordinates": [ 35.035291004000044, 31.153805925000029 ] } },
{ "type": "Feature", "properties": { "OBJECTID": 606, "longitude": 35.066638988814262, "latitude": 31.240022126606458, "status": "Built", "data_source": "Eshkol", "type": "School" }, "geometry": { "type": "Point", "coordinates": [ 35.066638989000069, 31.240022127000032 ] } },
{ "type": "Feature", "properties": { "OBJECTID": 609, "longitude": 34.946404694175314, "latitude": 31.298542346932141, "status": "Built", "data_source": "Eshkol", "type": "School" }, "geometry": { "type": "Point", "coordinates": [ 34.94640469400008, 31.29854234700008 ] } },
{ "type": "Feature", "properties": { "OBJECTID": 610, "longitude": 34.859980636959065, "latitude": 31.330789995682871, "status": "Built", "data_source": "Eshkol", "type": "School" }, "geometry": { "type": "Point", "coordinates": [ 34.859980637000035, 31.330789996000078 ] } },
{ "type": "Feature", "properties": { "OBJECTID": 611, "longitude": 34.928361036721135, "latitude": 31.189878352467645, "status": "Built", "data_source": "Eshkol", "type": "School" }, "geometry": { "type": "Point", "coordinates": [ 34.928361037000059, 31.189878352000051 ] } },
{ "type": "Feature", "properties": { "OBJECTID": 613, "longitude": 34.865603318705254, "latitude": 31.31865637344572, "status": "Built", "data_source": "Eshkol", "type": "School" }, "geometry": { "type": "Point", "coordinates": [ 34.865603319000058, 31.318656373000067 ] } },
{ "type": "Feature", "properties": { "OBJECTID": 614, "longitude": 35.008687519407403, "latitude": 31.162426728298865, "status": "Built", "data_source": "Eshkol", "type": "School" }, "geometry": { "type": "Point", "coordinates": [ 35.008687519000034, 31.162426728000071 ] } },
{ "type": "Feature", "properties": { "OBJECTID": 615, "longitude": 34.981731155208685, "latitude": 31.091112264944964, "status": "Built", "data_source": "Eshkol", "type": "School" }, "geometry": { "type": "Point", "coordinates": [ 34.981731155000034, 31.091112265000049 ] } },
{ "type": "Feature", "properties": { "OBJECTID": 618, "longitude": 34.947006392282283, "latitude": 31.30516354537227, "status": "Built", "data_source": "Eshkol", "type": "School" }, "geometry": { "type": "Point", "coordinates": [ 34.947006392000048, 31.305163545000028 ] } },
{ "type": "Feature", "properties": { "OBJECTID": 619, "longitude": 35.085614612220823, "latitude": 31.242386060885678, "status": "Built", "data_source": "Eshkol", "type": "School" }, "geometry": { "type": "Point", "coordinates": [ 35.085614612000029, 31.242386061000047 ] } },
{ "type": "Feature", "properties": { "OBJECTID": 620, "longitude": 34.91970551035336, "latitude": 31.284380099521055, "status": "Built", "data_source": "Eshkol", "type": "School" }, "geometry": { "type": "Point", "coordinates": [ 34.919705510000028, 31.284380100000078 ] } },
{ "type": "Feature", "properties": { "OBJECTID": 623, "longitude": 34.93166250271134, "latitude": 31.191039853542808, "status": "Built", "data_source": "Eshkol", "type": "School" }, "geometry": { "type": "Point", "coordinates": [ 34.931662503000041, 31.191039854000053 ] } },
{ "type": "Feature", "properties": { "OBJECTID": 625, "longitude": 34.856329118086137, "latitude": 31.318036304248373, "status": "Built", "data_source": "Eshkol", "type": "School" }, "geometry": { "type": "Point", "coordinates": [ 34.856329118000076, 31.318036304000032 ] } },
{ "type": "Feature", "properties": { "OBJECTID": 626, "longitude": 34.822232269113663, "latitude": 31.163216724439408, "status": "Built", "data_source": "Eshkol", "type": "School" }, "geometry": { "type": "Point", "coordinates": [ 34.82223226900004, 31.163216724000051 ] } },
{ "type": "Feature", "properties": { "OBJECTID": 631, "longitude": 35.163752252810696, "latitude": 31.227399577455547, "status": "Built", "data_source": "Eshkol", "type": "School" }, "geometry": { "type": "Point", "coordinates": [ 35.163752253000041, 31.227399577000028 ] } },
{ "type": "Feature", "properties": { "OBJECTID": 635, "longitude": 35.099485573158347, "latitude": 31.238709294616491, "status": "Built", "data_source": "Eshkol", "type": "School" }, "geometry": { "type": "Point", "coordinates": [ 35.099485573000038, 31.238709295000035 ] } },
{ "type": "Feature", "properties": { "OBJECTID": 642, "longitude": 34.864078399277702, "latitude": 31.316181131175398, "status": "Built", "data_source": "Eshkol", "type": "School" }, "geometry": { "type": "Point", "coordinates": [ 34.86407839900005, 31.316181131000064 ] } },
{ "type": "Feature", "properties": { "OBJECTID": 643, "longitude": 34.972722703364425, "latitude": 31.261388751708214, "status": "Built", "data_source": "Eshkol", "type": "School" }, "geometry": { "type": "Point", "coordinates": [ 34.972722703000045, 31.261388752000073 ] } },
{ "type": "Feature", "properties": { "OBJECTID": 645, "longitude": 34.960602288086854, "latitude": 31.132130022691111, "status": "Built", "data_source": "Eshkol", "type": "School" }, "geometry": { "type": "Point", "coordinates": [ 34.960602288000075, 31.132130023000059 ] } },
{ "type": "Feature", "properties": { "OBJECTID": 647, "longitude": 35.086621630497156, "latitude": 31.234513241069326, "status": "Built", "data_source": "Eshkol", "type": "School" }, "geometry": { "type": "Point", "coordinates": [ 35.086621630000025, 31.234513241000059 ] } },
{ "type": "Feature", "properties": { "OBJECTID": 648, "longitude": 34.950140002260675, "latitude": 31.198184842264581, "status": "Built", "data_source": "Eshkol", "type": "School" }, "geometry": { "type": "Point", "coordinates": [ 34.950140002000069, 31.198184842000046 ] } },
{ "type": "Feature", "properties": { "OBJECTID": 649, "longitude": 34.693634456588782, "latitude": 31.029980670699118, "status": "Built", "data_source": "Eshkol", "type": "School" }, "geometry": { "type": "Point", "coordinates": [ 34.69363445700003, 31.029980671000033 ] } },
{ "type": "Feature", "properties": { "OBJECTID": 658, "longitude": 35.077791507953911, "latitude": 31.299352473530337, "status": "Built", "data_source": "Eshkol", "type": "School" }, "geometry": { "type": "Point", "coordinates": [ 35.077791508000075, 31.299352474000045 ] } },
{ "type": "Feature", "properties": { "OBJECTID": 662, "longitude": 34.889518226337799, "latitude": 31.206799324822384, "status": "Built", "data_source": "Eshkol", "type": "School" }, "geometry": { "type": "Point", "coordinates": [ 34.889518226000064, 31.206799325000077 ] } },
{ "type": "Feature", "properties": { "OBJECTID": 663, "longitude": 35.00700089040339, "latitude": 31.161459089700617, "status": "Built", "data_source": "Eshkol", "type": "School" }, "geometry": { "type": "Point", "coordinates": [ 35.007000890000029, 31.161459090000051 ] } },
{ "type": "Feature", "properties": { "OBJECTID": 664, "longitude": 35.164014208630931, "latitude": 31.228418830507813, "status": "Built", "data_source": "Eshkol", "type": "School" }, "geometry": { "type": "Point", "coordinates": [ 35.164014209000072, 31.228418831000056 ] } },
{ "type": "Feature", "properties": { "OBJECTID": 666, "longitude": 34.860124681257588, "latitude": 31.325856994417453, "status": "Built", "data_source": "Eshkol", "type": "School" }, "geometry": { "type": "Point", "coordinates": [ 34.860124681000059, 31.325856994000048 ] } },
{ "type": "Feature", "properties": { "OBJECTID": 667, "longitude": 35.069486162183956, "latitude": 31.253030790298368, "status": "Built", "data_source": "Eshkol", "type": "School" }, "geometry": { "type": "Point", "coordinates": [ 35.069486162000032, 31.253030790000025 ] } },
{ "type": "Feature", "properties": { "OBJECTID": 669, "longitude": 35.102308702705166, "latitude": 31.23919860564914, "status": "Built", "data_source": "Eshkol", "type": "School" }, "geometry": { "type": "Point", "coordinates": [ 35.102308703000062, 31.239198606000059 ] } },
{ "type": "Feature", "properties": { "OBJECTID": 672, "longitude": 35.048556070003976, "latitude": 31.071421861797806, "status": "Built", "data_source": "Eshkol", "type": "School" }, "geometry": { "type": "Point", "coordinates": [ 35.048556070000075, 31.071421862000079 ] } },
{ "type": "Feature", "properties": { "OBJECTID": 674, "longitude": 34.952005144836242, "latitude": 31.179365401280776, "status": "Built", "data_source": "Eshkol", "type": "School" }, "geometry": { "type": "Point", "coordinates": [ 34.952005145000044, 31.179365401000041 ] } },
{ "type": "Feature", "properties": { "OBJECTID": 675, "longitude": 35.077307576363125, "latitude": 31.252975633980643, "status": "Built", "data_source": "Eshkol", "type": "School" }, "geometry": { "type": "Point", "coordinates": [ 35.077307576000067, 31.252975634000052 ] } },
{ "type": "Feature", "properties": { "OBJECTID": 677, "longitude": 34.983777164227078, "latitude": 31.081050162018904, "status": "Built", "data_source": "Eshkol", "type": "School" }, "geometry": { "type": "Point", "coordinates": [ 34.98377716400006, 31.081050162000054 ] } },
{ "type": "Feature", "properties": { "OBJECTID": 678, "longitude": 34.959013056849798, "latitude": 31.134453983721667, "status": "Built", "data_source": "Eshkol", "type": "School" }, "geometry": { "type": "Point", "coordinates": [ 34.95901305700005, 31.134453984000061 ] } },
{ "type": "Feature", "properties": { "OBJECTID": 682, "longitude": 35.071321617743202, "latitude": 31.291661653299006, "status": "Built", "data_source": "Eshkol", "type": "School" }, "geometry": { "type": "Point", "coordinates": [ 35.07132161800007, 31.291661653000062 ] } },
{ "type": "Feature", "properties": { "OBJECTID": 683, "longitude": 34.815902601920108, "latitude": 31.202999386811765, "status": "Built", "data_source": "Eshkol", "type": "School" }, "geometry": { "type": "Point", "coordinates": [ 34.815902602000051, 31.202999387000034 ] } },
{ "type": "Feature", "properties": { "OBJECTID": 693, "longitude": 34.939697569072898, "latitude": 31.296905262009222, "status": "Built", "data_source": "Eshkol", "type": "School" }, "geometry": { "type": "Point", "coordinates": [ 34.939697569000032, 31.296905262000053 ] } },
{ "type": "Feature", "properties": { "OBJECTID": 696, "longitude": 35.091468482743473, "latitude": 31.254224492569787, "status": "Built", "data_source": "Eshkol", "type": "School" }, "geometry": { "type": "Point", "coordinates": [ 35.091468483000028, 31.254224493000038 ] } },
{ "type": "Feature", "properties": { "OBJECTID": 700, "longitude": 34.926704735257182, "latitude": 30.991295759501821, "status": "Built", "data_source": "Eshkol", "type": "School" }, "geometry": { "type": "Point", "coordinates": [ 34.926704735000044, 30.991295760000071 ] } },
{ "type": "Feature", "properties": { "OBJECTID": 702, "longitude": 34.925062234779809, "latitude": 31.294799870363857, "status": "Built", "data_source": "Eshkol", "type": "School" }, "geometry": { "type": "Point", "coordinates": [ 34.925062235000041, 31.294799870000077 ] } },
{ "type": "Feature", "properties": { "OBJECTID": 706, "longitude": 35.006406922572467, "latitude": 31.149516645732415, "status": "Built", "data_source": "Eshkol", "type": "School" }, "geometry": { "type": "Point", "coordinates": [ 35.006406923000043, 31.149516646000052 ] } },
{ "type": "Feature", "properties": { "OBJECTID": 708, "longitude": 35.091899611987117, "latitude": 31.244799839737599, "status": "Built", "data_source": "Eshkol", "type": "School" }, "geometry": { "type": "Point", "coordinates": [ 35.091899612000077, 31.244799840000042 ] } },
{ "type": "Feature", "properties": { "OBJECTID": 712, "longitude": 34.939307258436365, "latitude": 31.297508734060486, "status": "Built", "data_source": "Eshkol", "type": "School" }, "geometry": { "type": "Point", "coordinates": [ 34.939307258000042, 31.297508734000075 ] } },
{ "type": "Feature", "properties": { "OBJECTID": 718, "longitude": 34.958571090884327, "latitude": 31.256762697597651, "status": "Built", "data_source": "Eshkol", "type": "School" }, "geometry": { "type": "Point", "coordinates": [ 34.958571091000067, 31.256762698000045 ] } },
{ "type": "Feature", "properties": { "OBJECTID": 720, "longitude": 34.923429782784865, "latitude": 31.20417212745798, "status": "Built", "data_source": "Eshkol", "type": "School" }, "geometry": { "type": "Point", "coordinates": [ 34.923429783000074, 31.204172127000049 ] } },
{ "type": "Feature", "properties": { "OBJECTID": 724, "longitude": 34.858376788552533, "latitude": 31.324030456731428, "status": "Built", "data_source": "Eshkol", "type": "School" }, "geometry": { "type": "Point", "coordinates": [ 34.858376789000033, 31.324030457000049 ] } },
{ "type": "Feature", "properties": { "OBJECTID": 731, "longitude": 34.916412730884559, "latitude": 31.300065928765338, "status": "Built", "data_source": "Eshkol", "type": "School" }, "geometry": { "type": "Point", "coordinates": [ 34.916412731000037, 31.300065929000027 ] } },
{ "type": "Feature", "properties": { "OBJECTID": 740, "longitude": 35.06884971736941, "latitude": 31.250261237451788, "status": "Built", "data_source": "Eshkol", "type": "School" }, "geometry": { "type": "Point", "coordinates": [ 35.068849717000035, 31.250261237000075 ] } },
{ "type": "Feature", "properties": { "OBJECTID": 741, "longitude": 34.867085561684128, "latitude": 31.327228328395766, "status": "Built", "data_source": "Eshkol", "type": "School" }, "geometry": { "type": "Point", "coordinates": [ 34.867085562000057, 31.327228328000047 ] } },
{ "type": "Feature", "properties": { "OBJECTID": 753, "longitude": 34.933188322737315, "latitude": 31.189446678864364, "status": "Built", "data_source": "Eshkol", "type": "School" }, "geometry": { "type": "Point", "coordinates": [ 34.933188323000024, 31.189446679000071 ] } },
{ "type": "Feature", "properties": { "OBJECTID": 754, "longitude": 34.959141178688014, "latitude": 31.133561317100597, "status": "Built", "data_source": "Eshkol", "type": "School" }, "geometry": { "type": "Point", "coordinates": [ 34.959141179000028, 31.133561317000044 ] } },
{ "type": "Feature", "properties": { "OBJECTID": 755, "longitude": 34.983653517335554, "latitude": 31.080138992684955, "status": "Built", "data_source": "Eshkol", "type": "School" }, "geometry": { "type": "Point", "coordinates": [ 34.98365351700005, 31.080138993000048 ] } },
{ "type": "Feature", "properties": { "OBJECTID": 756, "longitude": 34.738380712285263, "latitude": 31.346306375828267, "status": "Built", "data_source": "Eshkol", "type": "School" }, "geometry": { "type": "Point", "coordinates": [ 34.738380712000037, 31.34630637600003 ] } },
{ "type": "Feature", "properties": { "OBJECTID": 757, "longitude": 34.922601994458475, "latitude": 31.285062918667879, "status": "Built", "data_source": "Eshkol", "type": "School" }, "geometry": { "type": "Point", "coordinates": [ 34.922601994000047, 31.28506291900004 ] } },
{ "type": "Feature", "properties": { "OBJECTID": 763, "longitude": 34.916301259662823, "latitude": 31.281468364991571, "status": "Built", "data_source": "Eshkol", "type": "School" }, "geometry": { "type": "Point", "coordinates": [ 34.916301260000068, 31.281468365000023 ] } },
{ "type": "Feature", "properties": { "OBJECTID": 766, "longitude": 35.088811140602161, "latitude": 31.246600932070201, "status": "Built", "data_source": "Eshkol", "type": "School" }, "geometry": { "type": "Point", "coordinates": [ 35.088811141000065, 31.246600932000035 ] } },
{ "type": "Feature", "properties": { "OBJECTID": 767, "longitude": 35.086266325994536, "latitude": 31.233250228259177, "status": "Built", "data_source": "Eshkol", "type": "School" }, "geometry": { "type": "Point", "coordinates": [ 35.086266326000043, 31.233250228000031 ] } },
{ "type": "Feature", "properties": { "OBJECTID": 768, "longitude": 35.124776456065817, "latitude": 31.29645902774373, "status": "Built", "data_source": "Eshkol", "type": "School" }, "geometry": { "type": "Point", "coordinates": [ 35.124776456000063, 31.296459028000072 ] } },
{ "type": "Feature", "properties": { "OBJECTID": 769, "longitude": 34.738657221191239, "latitude": 31.345639981051789, "status": "Built", "data_source": "Eshkol", "type": "School" }, "geometry": { "type": "Point", "coordinates": [ 34.738657221000039, 31.345639981000033 ] } },
{ "type": "Feature", "properties": { "OBJECTID": 394, "longitude": 35.083287725859051, "latitude": 31.247858526329765, "status": "Built", "data_source": "Bimkom", "type": "School" }, "geometry": { "type": "Point", "coordinates": [ 35.083287726000037, 31.247858526000073 ] } },
{ "type": "Feature", "properties": { "OBJECTID": 395, "longitude": 35.030277538246267, "latitude": 31.154051780020847, "status": "Built", "data_source": "Bimkom", "type": "School" }, "geometry": { "type": "Point", "coordinates": [ 35.030277538000064, 31.154051780000032 ] } },
{ "type": "Feature", "properties": { "OBJECTID": 396, "longitude": 35.083287725859051, "latitude": 31.247858526329765, "status": "Built", "data_source": "Bimkom", "type": "School" }, "geometry": { "type": "Point", "coordinates": [ 35.083287726000037, 31.247858526000073 ] } },
{ "type": "Feature", "properties": { "OBJECTID": 397, "longitude": 35.085042174430356, "latitude": 31.24682296411283, "status": "Built", "data_source": "Bimkom", "type": "School" }, "geometry": { "type": "Point", "coordinates": [ 35.08504217400008, 31.246822964000046 ] } },
{ "type": "Feature", "properties": { "OBJECTID": 399, "longitude": 35.030277538246267, "latitude": 31.154051780020847, "status": "Built", "data_source": "Bimkom", "type": "School" }, "geometry": { "type": "Point", "coordinates": [ 35.030277538000064, 31.154051780000032 ] } },
{ "type": "Feature", "properties": { "OBJECTID": 401, "longitude": 35.010977637111111, "latitude": 31.160635354946962, "status": "Built", "data_source": "Bimkom", "type": "School" }, "geometry": { "type": "Point", "coordinates": [ 35.010977637000053, 31.160635355000068 ] } },
{ "type": "Feature", "properties": { "OBJECTID": 402, "longitude": 35.083287725859051, "latitude": 31.247858526329765, "status": "Built", "data_source": "Bimkom", "type": "School" }, "geometry": { "type": "Point", "coordinates": [ 35.083287726000037, 31.247858526000073 ] } },
{ "type": "Feature", "properties": { "OBJECTID": 403, "longitude": 35.083287725859051, "latitude": 31.247858526329765, "status": "Built", "data_source": "Bimkom", "type": "School" }, "geometry": { "type": "Point", "coordinates": [ 35.083287726000037, 31.247858526000073 ] } },
{ "type": "Feature", "properties": { "OBJECTID": 404, "longitude": 34.924505468819092, "latitude": 31.298388243998222, "status": "Built", "data_source": "Bimkom", "type": "School" }, "geometry": { "type": "Point", "coordinates": [ 34.924505469000053, 31.29838824400008 ] } },
{ "type": "Feature", "properties": { "OBJECTID": 405, "longitude": 34.924505468819092, "latitude": 31.298388243998222, "status": "Built", "data_source": "Bimkom", "type": "School" }, "geometry": { "type": "Point", "coordinates": [ 34.924505469000053, 31.29838824400008 ] } },
{ "type": "Feature", "properties": { "OBJECTID": 406, "longitude": 34.948652420810944, "latitude": 31.302434060472223, "status": "Built", "data_source": "Bimkom", "type": "School" }, "geometry": { "type": "Point", "coordinates": [ 34.948652421000077, 31.302434060000053 ] } },
{ "type": "Feature", "properties": { "OBJECTID": 407, "longitude": 35.010977637111111, "latitude": 31.160635354946962, "status": "Built", "data_source": "Bimkom", "type": "School" }, "geometry": { "type": "Point", "coordinates": [ 35.010977637000053, 31.160635355000068 ] } },
{ "type": "Feature", "properties": { "OBJECTID": 408, "longitude": 35.09126955600852, "latitude": 31.244970650634901, "status": "Built", "data_source": "Bimkom", "type": "School" }, "geometry": { "type": "Point", "coordinates": [ 35.091269556000043, 31.244970651000074 ] } },
{ "type": "Feature", "properties": { "OBJECTID": 410, "longitude": 35.093137070966712, "latitude": 31.245865180327623, "status": "Built", "data_source": "Bimkom", "type": "School" }, "geometry": { "type": "Point", "coordinates": [ 35.093137071000058, 31.245865180000067 ] } },
{ "type": "Feature", "properties": { "OBJECTID": 411, "longitude": 35.061642410321568, "latitude": 31.240025690797253, "status": "Built", "data_source": "Bimkom", "type": "School" }, "geometry": { "type": "Point", "coordinates": [ 35.061642410000047, 31.240025691000028 ] } },
{ "type": "Feature", "properties": { "OBJECTID": 413, "longitude": 35.010977637111111, "latitude": 31.160635354946962, "status": "Built", "data_source": "Bimkom", "type": "School" }, "geometry": { "type": "Point", "coordinates": [ 35.010977637000053, 31.160635355000068 ] } },
{ "type": "Feature", "properties": { "OBJECTID": 415, "longitude": 34.939424533970893, "latitude": 31.293134728384025, "status": "Built", "data_source": "Bimkom", "type": "School" }, "geometry": { "type": "Point", "coordinates": [ 34.939424534000068, 31.293134728000041 ] } },
{ "type": "Feature", "properties": { "OBJECTID": 416, "longitude": 35.093137070966712, "latitude": 31.245865180327623, "status": "Built", "data_source": "Bimkom", "type": "School" }, "geometry": { "type": "Point", "coordinates": [ 35.093137071000058, 31.245865180000067 ] } },
{ "type": "Feature", "properties": { "OBJECTID": 417, "longitude": 35.064984924112075, "latitude": 31.251267246987144, "status": "Built", "data_source": "Bimkom", "type": "School" }, "geometry": { "type": "Point", "coordinates": [ 35.064984924000044, 31.251267247000044 ] } },
{ "type": "Feature", "properties": { "OBJECTID": 418, "longitude": 34.866254909922489, "latitude": 31.324466329417959, "status": "Built", "data_source": "Bimkom", "type": "School" }, "geometry": { "type": "Point", "coordinates": [ 34.866254910000066, 31.324466329000074 ] } },
{ "type": "Feature", "properties": { "OBJECTID": 420, "longitude": 34.866254909922489, "latitude": 31.324466329417959, "status": "Built", "data_source": "Bimkom", "type": "School" }, "geometry": { "type": "Point", "coordinates": [ 34.866254910000066, 31.324466329000074 ] } },
{ "type": "Feature", "properties": { "OBJECTID": 421, "longitude": 34.924505468819092, "latitude": 31.298388243998222, "status": "Built", "data_source": "Bimkom", "type": "School" }, "geometry": { "type": "Point", "coordinates": [ 34.924505469000053, 31.29838824400008 ] } },
{ "type": "Feature", "properties": { "OBJECTID": 423, "longitude": 35.064984924112075, "latitude": 31.251267246987144, "status": "Built", "data_source": "Bimkom", "type": "School" }, "geometry": { "type": "Point", "coordinates": [ 35.064984924000044, 31.251267247000044 ] } },
{ "type": "Feature", "properties": { "OBJECTID": 425, "longitude": 35.098051506500099, "latitude": 31.244498429193733, "status": "Built", "data_source": "Bimkom", "type": "School" }, "geometry": { "type": "Point", "coordinates": [ 35.098051507000037, 31.244498429000032 ] } },
{ "type": "Feature", "properties": { "OBJECTID": 434, "longitude": 34.942418576916282, "latitude": 31.292870300093476, "status": "Built", "data_source": "Bimkom", "type": "School" }, "geometry": { "type": "Point", "coordinates": [ 34.942418577000069, 31.292870300000061 ] } },
{ "type": "Feature", "properties": { "OBJECTID": 435, "longitude": 34.914093656787848, "latitude": 31.282211977311238, "status": "Built", "data_source": "Bimkom", "type": "School" }, "geometry": { "type": "Point", "coordinates": [ 34.914093657000024, 31.282211977000031 ] } },
{ "type": "Feature", "properties": { "OBJECTID": 436, "longitude": 35.071311254540703, "latitude": 31.291562432384531, "status": "Built", "data_source": "Bimkom", "type": "School" }, "geometry": { "type": "Point", "coordinates": [ 35.071311255000069, 31.291562432000035 ] } },
{ "type": "Feature", "properties": { "OBJECTID": 440, "longitude": 34.942130022818283, "latitude": 31.302249538958538, "status": "Built", "data_source": "Bimkom", "type": "School" }, "geometry": { "type": "Point", "coordinates": [ 34.942130023000061, 31.302249539000059 ] } },
{ "type": "Feature", "properties": { "OBJECTID": 441, "longitude": 35.101338114580535, "latitude": 31.24368036359024, "status": "Built", "data_source": "Bimkom", "type": "School" }, "geometry": { "type": "Point", "coordinates": [ 35.101338115000033, 31.243680364000056 ] } },
{ "type": "Feature", "properties": { "OBJECTID": 446, "longitude": 35.061642410321568, "latitude": 31.240025690797253, "status": "Built", "data_source": "Bimkom", "type": "School" }, "geometry": { "type": "Point", "coordinates": [ 35.061642410000047, 31.240025691000028 ] } },
{ "type": "Feature", "properties": { "OBJECTID": 447, "longitude": 34.942130022818283, "latitude": 31.302249538958538, "status": "Built", "data_source": "Bimkom", "type": "School" }, "geometry": { "type": "Point", "coordinates": [ 34.942130023000061, 31.302249539000059 ] } },
{ "type": "Feature", "properties": { "OBJECTID": 449, "longitude": 35.061642410321568, "latitude": 31.240025690797253, "status": "Built", "data_source": "Bimkom", "type": "School" }, "geometry": { "type": "Point", "coordinates": [ 35.061642410000047, 31.240025691000028 ] } },
{ "type": "Feature", "properties": { "OBJECTID": 450, "longitude": 35.093137070966712, "latitude": 31.245865180327623, "status": "Built", "data_source": "Bimkom", "type": "School" }, "geometry": { "type": "Point", "coordinates": [ 35.093137071000058, 31.245865180000067 ] } },
{ "type": "Feature", "properties": { "OBJECTID": 451, "longitude": 35.083287725859051, "latitude": 31.247858526329765, "status": "Built", "data_source": "Bimkom", "type": "School" }, "geometry": { "type": "Point", "coordinates": [ 35.083287726000037, 31.247858526000073 ] } },
{ "type": "Feature", "properties": { "OBJECTID": 452, "longitude": 35.083287725859051, "latitude": 31.247858526329765, "status": "Built", "data_source": "Bimkom", "type": "School" }, "geometry": { "type": "Point", "coordinates": [ 35.083287726000037, 31.247858526000073 ] } },
{ "type": "Feature", "properties": { "OBJECTID": 453, "longitude": 35.083287725859051, "latitude": 31.247858526329765, "status": "Built", "data_source": "Bimkom", "type": "School" }, "geometry": { "type": "Point", "coordinates": [ 35.083287726000037, 31.247858526000073 ] } },
{ "type": "Feature", "properties": { "OBJECTID": 454, "longitude": 35.083287725859051, "latitude": 31.247858526329765, "status": "Built", "data_source": "Bimkom", "type": "School" }, "geometry": { "type": "Point", "coordinates": [ 35.083287726000037, 31.247858526000073 ] } },
{ "type": "Feature", "properties": { "OBJECTID": 455, "longitude": 35.083287725859051, "latitude": 31.247858526329765, "status": "Built", "data_source": "Bimkom", "type": "School" }, "geometry": { "type": "Point", "coordinates": [ 35.083287726000037, 31.247858526000073 ] } },
{ "type": "Feature", "properties": { "OBJECTID": 456, "longitude": 34.866254909922489, "latitude": 31.324466329417959, "status": "Built", "data_source": "Bimkom", "type": "School" }, "geometry": { "type": "Point", "coordinates": [ 34.866254910000066, 31.324466329000074 ] } },
{ "type": "Feature", "properties": { "OBJECTID": 510, "longitude": 34.860212864391251, "latitude": 31.321834758373694, "status": "Built", "data_source": "Bimkom", "type": "School" }, "geometry": { "type": "Point", "coordinates": [ 34.860212864000061, 31.32183475800008 ] } },
{ "type": "Feature", "properties": { "OBJECTID": 511, "longitude": 34.942130022818283, "latitude": 31.302249538958538, "status": "Built", "data_source": "Bimkom", "type": "School" }, "geometry": { "type": "Point", "coordinates": [ 34.942130023000061, 31.302249539000059 ] } },
{ "type": "Feature", "properties": { "OBJECTID": 515, "longitude": 35.085042174430356, "latitude": 31.24682296411283, "status": "Built", "data_source": "Bimkom", "type": "School" }, "geometry": { "type": "Point", "coordinates": [ 35.08504217400008, 31.246822964000046 ] } },
{ "type": "Feature", "properties": { "OBJECTID": 516, "longitude": 35.086423488337061, "latitude": 31.250350735491423, "status": "Built", "data_source": "Bimkom", "type": "School" }, "geometry": { "type": "Point", "coordinates": [ 35.086423488000037, 31.25035073500004 ] } },
{ "type": "Feature", "properties": { "OBJECTID": 519, "longitude": 34.941429731939046, "latitude": 31.289657488360508, "status": "Built", "data_source": "Bimkom", "type": "School" }, "geometry": { "type": "Point", "coordinates": [ 34.941429732000074, 31.289657488000046 ] } },
{ "type": "Feature", "properties": { "OBJECTID": 520, "longitude": 34.860512912729249, "latitude": 31.331774492717578, "status": "Built", "data_source": "Bimkom", "type": "School" }, "geometry": { "type": "Point", "coordinates": [ 34.860512913000036, 31.331774493000069 ] } },
{ "type": "Feature", "properties": { "OBJECTID": 521, "longitude": 34.914616129702303, "latitude": 31.286497217500568, "status": "Built", "data_source": "Bimkom", "type": "School" }, "geometry": { "type": "Point", "coordinates": [ 34.91461613000007, 31.286497218000079 ] } },
{ "type": "Feature", "properties": { "OBJECTID": 543, "longitude": 35.083287725859051, "latitude": 31.247858526329765, "status": "Built", "data_source": "Bimkom", "type": "School" }, "geometry": { "type": "Point", "coordinates": [ 35.083287726000037, 31.247858526000073 ] } },
{ "type": "Feature", "properties": { "OBJECTID": 544, "longitude": 35.083287725859051, "latitude": 31.247858526329765, "status": "Built", "data_source": "Bimkom", "type": "School" }, "geometry": { "type": "Point", "coordinates": [ 35.083287726000037, 31.247858526000073 ] } },
{ "type": "Feature", "properties": { "OBJECTID": 549, "longitude": 34.860512912729249, "latitude": 31.331774492717578, "status": "Built", "data_source": "Bimkom", "type": "School" }, "geometry": { "type": "Point", "coordinates": [ 34.860512913000036, 31.331774493000069 ] } },
{ "type": "Feature", "properties": { "OBJECTID": 552, "longitude": 35.083287725859051, "latitude": 31.247858526329765, "status": "Built", "data_source": "Bimkom", "type": "School" }, "geometry": { "type": "Point", "coordinates": [ 35.083287726000037, 31.247858526000073 ] } }
]
}
