{
"type": "FeatureCollection",
"name": "unified_shelters",
"crs": { "type": "name", "properties": { "name": "urn:ogc:def:crs:OGC:1.3:CRS84" } },
"features": [
{ "type": "Feature", "properties": { "longitude": 35.038373375224417, "latitude": 31.270634509000242, "status": "Built", "source": "Bimkom", "type": "Distributed" }, "geometry": { "type": "Point", "coordinates": [ 35.038373375224417, 31.270634509000242 ] } },
{ "type": "Feature", "properties": { "longitude": 35.036172817492513, "latitude": 31.273658407302111, "status": "Built", "source": "Bimkom", "type": "Distributed" }, "geometry": { "type": "Point", "coordinates": [ 35.036172817492513, 31.273658407302111 ] } },
{ "type": "Feature", "properties": { "longitude": 35.034827722059546, "latitude": 31.270739573010751, "status": "Built", "source": "Bimkom", "type": "Distributed" }, "geometry": { "type": "Point", "coordinates": [ 35.034827722059546, 31.270739573010751 ] } },
{ "type": "Feature", "properties": { "longitude": 35.033320257871594, "latitude": 31.270386119842982, "status": "Built", "source": "Bimkom", "type": "Distributed" }, "geometry": { "type": "Point", "coordinates": [ 35.033320257871594, 31.270386119842982 ] } },
{ "type": "Feature", "properties": { "longitude": 35.006526854233002, "latitude": 31.265589829686711, "status": "Built", "source": "Bimkom", "type": "Distributed" }, "geometry": { "type": "Point", "coordinates": [ 35.006526854233002, 31.265589829686711 ] } },
{ "type": "Feature", "properties": { "longitude": 35.006864037760188, "latitude": 31.263750707617941, "status": "Built", "source": "Bimkom", "type": "Distributed" }, "geometry": { "type": "Point", "coordinates": [ 35.006864037760188, 31.263750707617941 ] } },
{ "type": "Feature", "properties": { "longitude": 34.975032372613271, "latitude": 31.302390129104257, "status": "Built", "source": "Bimkom", "type": "Distributed" }, "geometry": { "type": "Point", "coordinates": [ 34.975032372613271, 31.302390129104257 ] } },
{ "type": "Feature", "properties": { "longitude": 34.961142002582427, "latitude": 31.258114117020202, "status": "Built", "source": "Bimkom", "type": "Distributed" }, "geometry": { "type": "Point", "coordinates": [ 34.961142002582427, 31.258114117020202 ] } },
{ "type": "Feature", "properties": { "longitude": 34.957102379504249, "latitude": 31.238226052207295, "status": "Built", "source": "Bimkom", "type": "Distributed" }, "geometry": { "type": "Point", "coordinates": [ 34.957102379504249, 31.238226052207295 ] } },
{ "type": "Feature", "properties": { "longitude": 34.964168484258522, "latitude": 31.237972025549325, "status": "Built", "source": "Bimkom", "type": "Distributed" }, "geometry": { "type": "Point", "coordinates": [ 34.964168484258522, 31.237972025549325 ] } },
{ "type": "Feature", "properties": { "longitude": 34.965943003461511, "latitude": 31.234252853553862, "status": "Built", "source": "Bimkom", "type": "Distributed" }, "geometry": { "type": "Point", "coordinates": [ 34.965943003461511, 31.234252853553862 ] } },
{ "type": "Feature", "properties": { "longitude": 34.973567693872162, "latitude": 31.236221664240599, "status": "Built", "source": "Bimkom", "type": "Distributed" }, "geometry": { "type": "Point", "coordinates": [ 34.973567693872162, 31.236221664240599 ] } },
{ "type": "Feature", "properties": { "longitude": 35.013668004990265, "latitude": 31.234185446317287, "status": "Built", "source": "Bimkom", "type": "Distributed" }, "geometry": { "type": "Point", "coordinates": [ 35.013668004990265, 31.234185446317287 ] } },
{ "type": "Feature", "properties": { "longitude": 35.009531231057977, "latitude": 31.234093436354762, "status": "Built", "source": "Bimkom", "type": "Distributed" }, "geometry": { "type": "Point", "coordinates": [ 35.009531231057977, 31.234093436354762 ] } },
{ "type": "Feature", "properties": { "longitude": 35.007546475814713, "latitude": 31.23636888981309, "status": "Built", "source": "Bimkom", "type": "Distributed" }, "geometry": { "type": "Point", "coordinates": [ 35.007546475814713, 31.23636888981309 ] } },
{ "type": "Feature", "properties": { "longitude": 34.926749831963456, "latitude": 31.200564278261261, "status": "Built", "source": "Bimkom", "type": "Distributed" }, "geometry": { "type": "Point", "coordinates": [ 34.926749831963456, 31.200564278261261 ] } },
{ "type": "Feature", "properties": { "longitude": 34.927873869748787, "latitude": 31.207566903900631, "status": "Built", "source": "Bimkom", "type": "Distributed" }, "geometry": { "type": "Point", "coordinates": [ 34.927873869748787, 31.207566903900631 ] } },
{ "type": "Feature", "properties": { "longitude": 34.939850198620448, "latitude": 31.18639561908687, "status": "Built", "source": "Bimkom", "type": "Distributed" }, "geometry": { "type": "Point", "coordinates": [ 34.939850198620448, 31.18639561908687 ] } },
{ "type": "Feature", "properties": { "longitude": 34.816880280614853, "latitude": 31.209723711142935, "status": "Built", "source": "Bimkom", "type": "Distributed" }, "geometry": { "type": "Point", "coordinates": [ 34.816880280614853, 31.209723711142935 ] } },
{ "type": "Feature", "properties": { "longitude": 34.820317728802216, "latitude": 31.20029716180802, "status": "Built", "source": "Bimkom", "type": "Distributed" }, "geometry": { "type": "Point", "coordinates": [ 34.820317728802216, 31.20029716180802 ] } },
{ "type": "Feature", "properties": { "longitude": 34.816293500948959, "latitude": 31.175902469324058, "status": "Built", "source": "Bimkom", "type": "Distributed" }, "geometry": { "type": "Point", "coordinates": [ 34.816293500948959, 31.175902469324058 ] } },
{ "type": "Feature", "properties": { "longitude": 34.807545397506487, "latitude": 31.167971201710152, "status": "Built", "source": "Bimkom", "type": "Distributed" }, "geometry": { "type": "Point", "coordinates": [ 34.807545397506487, 31.167971201710152 ] } },
{ "type": "Feature", "properties": { "longitude": 34.810806265333795, "latitude": 31.166363800316457, "status": "Built", "source": "Bimkom", "type": "Distributed" }, "geometry": { "type": "Point", "coordinates": [ 34.810806265333795, 31.166363800316457 ] } },
{ "type": "Feature", "properties": { "longitude": 34.811814889751936, "latitude": 31.166364800861665, "status": "Built", "source": "Bimkom", "type": "Distributed" }, "geometry": { "type": "Point", "coordinates": [ 34.811814889751936, 31.166364800861665 ] } },
{ "type": "Feature", "properties": { "longitude": 34.815406386052942, "latitude": 31.128749137796614, "status": "Built", "source": "Bimkom", "type": "Distributed" }, "geometry": { "type": "Point", "coordinates": [ 34.815406386052942, 31.128749137796614 ] } },
{ "type": "Feature", "properties": { "longitude": 34.841311545052079, "latitude": 31.157244928063772, "status": "Built", "source": "Bimkom", "type": "Distributed" }, "geometry": { "type": "Point", "coordinates": [ 34.841311545052079, 31.157244928063772 ] } },
{ "type": "Feature", "properties": { "longitude": 34.920845324819275, "latitude": 31.209421506988118, "status": "Built", "source": "Bimkom", "type": "Distributed" }, "geometry": { "type": "Point", "coordinates": [ 34.920845324819275, 31.209421506988118 ] } },
{ "type": "Feature", "properties": { "longitude": 34.956434608202549, "latitude": 31.199607691918644, "status": "Built", "source": "Bimkom", "type": "Distributed" }, "geometry": { "type": "Point", "coordinates": [ 34.956434608202549, 31.199607691918644 ] } },
{ "type": "Feature", "properties": { "longitude": 34.955130165226258, "latitude": 31.190336940856604, "status": "Built", "source": "Bimkom", "type": "Distributed" }, "geometry": { "type": "Point", "coordinates": [ 34.955130165226258, 31.190336940856604 ] } },
{ "type": "Feature", "properties": { "longitude": 34.9786190832302, "latitude": 31.21181079388116, "status": "Built", "source": "Bimkom", "type": "Distributed" }, "geometry": { "type": "Point", "coordinates": [ 34.9786190832302, 31.21181079388116 ] } },
{ "type": "Feature", "properties": { "longitude": 35.023645831007563, "latitude": 31.239557428995035, "status": "Built", "source": "Bimkom", "type": "Distributed" }, "geometry": { "type": "Point", "coordinates": [ 35.023645831007563, 31.239557428995035 ] } },
{ "type": "Feature", "properties": { "longitude": 34.881826512173205, "latitude": 31.276435226737462, "status": "Built", "source": "Bimkom", "type": "Distributed" }, "geometry": { "type": "Point", "coordinates": [ 34.881826512173205, 31.276435226737462 ] } },
{ "type": "Feature", "properties": { "longitude": 34.912844952657906, "latitude": 31.187339656446593, "status": "Built", "source": "Bimkom", "type": "Distributed" }, "geometry": { "type": "Point", "coordinates": [ 34.912844952657906, 31.187339656446593 ] } },
{ "type": "Feature", "properties": { "longitude": 34.875244903551362, "latitude": 31.213800353330445, "status": "Built", "source": "Bimkom", "type": "Distributed" }, "geometry": { "type": "Point", "coordinates": [ 34.875244903551362, 31.213800353330445 ] } },
{ "type": "Feature", "properties": { "longitude": 34.923348325726565, "latitude": 31.253928752118373, "status": "Built", "source": "Bimkom", "type": "Distributed" }, "geometry": { "type": "Point", "coordinates": [ 34.923348325726565, 31.253928752118373 ] } },
{ "type": "Feature", "properties": { "longitude": 34.92505766516733, "latitude": 31.257460760405877, "status": "Built", "source": "Bimkom", "type": "Distributed" }, "geometry": { "type": "Point", "coordinates": [ 34.92505766516733, 31.257460760405877 ] } },
{ "type": "Feature", "properties": { "longitude": 34.948431636707411, "latitude": 31.230955630993869, "status": "Built", "source": "Bimkom", "type": "Distributed" }, "geometry": { "type": "Point", "coordinates": [ 34.948431636707411, 31.230955630993869 ] } },
{ "type": "Feature", "properties": { "longitude": 34.938892947749714, "latitude": 31.236689216499062, "status": "Built", "source": "Bimkom", "type": "Distributed" }, "geometry": { "type": "Point", "coordinates": [ 34.938892947749714, 31.236689216499062 ] } },
{ "type": "Feature", "properties": { "longitude": 34.827035200930709, "latitude": 31.139272003392755, "status": "Built", "source": "Bimkom", "type": "Distributed" }, "geometry": { "type": "Point", "coordinates": [ 34.827035200930709, 31.139272003392755 ] } },
{ "type": "Feature", "properties": { "longitude": 35.017958607489646, "latitude": 31.233213767062288, "status": "Built", "source": "Bimkom", "type": "Distributed" }, "geometry": { "type": "Point", "coordinates": [ 35.017958607489646, 31.233213767062288 ] } },
{ "type": "Feature", "properties": { "longitude": 34.873852253711796, "latitude": 31.214839128587354, "status": "Built", "source": "Bimkom", "type": "Distributed" }, "geometry": { "type": "Point", "coordinates": [ 34.873852253711796, 31.214839128587354 ] } },
{ "type": "Feature", "properties": { "longitude": 34.807528528826275, "latitude": 31.162499954286545, "status": "Built", "source": "Bimkom", "type": "Distributed" }, "geometry": { "type": "Point", "coordinates": [ 34.807528528826275, 31.162499954286545 ] } },
{ "type": "Feature", "properties": { "longitude": 34.944639114862845, "latitude": 31.237191052426223, "status": "Built", "source": "Bimkom", "type": "Distributed" }, "geometry": { "type": "Point", "coordinates": [ 34.944639114862845, 31.237191052426223 ] } },
{ "type": "Feature", "properties": { "longitude": 35.031944135672923, "latitude": 31.242023187583428, "status": "Built", "source": "Bimkom", "type": "Distributed" }, "geometry": { "type": "Point", "coordinates": [ 35.031944135672923, 31.242023187583428 ] } },
{ "type": "Feature", "properties": { "longitude": 35.035766506640847, "latitude": 31.227978929155867, "status": "Built", "source": "Bimkom", "type": "Distributed" }, "geometry": { "type": "Point", "coordinates": [ 35.035766506640847, 31.227978929155867 ] } },
{ "type": "Feature", "properties": { "longitude": 34.862029995383018, "latitude": 31.259362505888454, "status": "Built", "source": "Bimkom", "type": "Distributed" }, "geometry": { "type": "Point", "coordinates": [ 34.862029995383018, 31.259362505888454 ] } },
{ "type": "Feature", "properties": { "longitude": 34.938711362501472, "latitude": 31.242615654542238, "status": "Built", "source": "Bimkom", "type": "Distributed" }, "geometry": { "type": "Point", "coordinates": [ 34.938711362501472, 31.242615654542238 ] } },
{ "type": "Feature", "properties": { "longitude": 34.930152122191657, "latitude": 31.20610038136989, "status": "Built", "source": "Bimkom", "type": "Distributed" }, "geometry": { "type": "Point", "coordinates": [ 34.930152122191657, 31.20610038136989 ] } },
{ "type": "Feature", "properties": { "longitude": 34.864466860845958, "latitude": 31.203472876723083, "status": "Built", "source": "Bimkom", "type": "Distributed" }, "geometry": { "type": "Point", "coordinates": [ 34.864466860845958, 31.203472876723083 ] } },
{ "type": "Feature", "properties": { "longitude": 34.820822575084797, "latitude": 31.148494066661655, "status": "Built", "source": "Bimkom", "type": "Distributed" }, "geometry": { "type": "Point", "coordinates": [ 34.820822575084797, 31.148494066661655 ] } },
{ "type": "Feature", "properties": { "longitude": 34.922966640594538, "latitude": 31.250338527841663, "status": "Built", "source": "Bimkom", "type": "Distributed" }, "geometry": { "type": "Point", "coordinates": [ 34.922966640594538, 31.250338527841663 ] } },
{ "type": "Feature", "properties": { "longitude": 34.972457392072521, "latitude": 31.241238330388398, "status": "Built", "source": "Bimkom", "type": "Distributed" }, "geometry": { "type": "Point", "coordinates": [ 34.972457392072521, 31.241238330388398 ] } },
{ "type": "Feature", "properties": { "longitude": 34.955472402037039, "latitude": 31.004854542793048, "status": "Built", "source": "Bimkom", "type": "Distributed" }, "geometry": { "type": "Point", "coordinates": [ 34.955472402037039, 31.004854542793048 ] } },
{ "type": "Feature", "properties": { "longitude": 34.970210047647001, "latitude": 31.237588723587056, "status": "Built", "source": "Bimkom", "type": "Distributed" }, "geometry": { "type": "Point", "coordinates": [ 34.970210047647001, 31.237588723587056 ] } },
{ "type": "Feature", "properties": { "longitude": 34.9770916693098, "latitude": 31.233012440697351, "status": "Built", "source": "Bimkom", "type": "Distributed" }, "geometry": { "type": "Point", "coordinates": [ 34.9770916693098, 31.233012440697351 ] } },
{ "type": "Feature", "properties": { "longitude": 34.946795610988744, "latitude": 31.201860044602363, "status": "Built", "source": "Bimkom", "type": "Distributed" }, "geometry": { "type": "Point", "coordinates": [ 34.946795610988744, 31.201860044602363 ] } },
{ "type": "Feature", "properties": { "longitude": 34.920843258511894, "latitude": 31.224389583411817, "status": "Built", "source": "Bimkom", "type": "Distributed" }, "geometry": { "type": "Point", "coordinates": [ 34.920843258511894, 31.224389583411817 ] } },
{ "type": "Feature", "properties": { "longitude": 34.9781388280337, "latitude": 31.207395007968852, "status": "Built", "source": "Bimkom", "type": "Distributed" }, "geometry": { "type": "Point", "coordinates": [ 34.9781388280337, 31.207395007968852 ] } },
{ "type": "Feature", "properties": { "longitude": 34.818555505880781, "latitude": 31.135055230722511, "status": "Built", "source": "Bimkom", "type": "Distributed" }, "geometry": { "type": "Point", "coordinates": [ 34.818555505880781, 31.135055230722511 ] } },
{ "type": "Feature", "properties": { "longitude": 34.966385728179723, "latitude": 31.201888658400051, "status": "Built", "source": "Bimkom", "type": "Distributed" }, "geometry": { "type": "Point", "coordinates": [ 34.966385728179723, 31.201888658400051 ] } },
{ "type": "Feature", "properties": { "longitude": 34.943298790853554, "latitude": 31.206729953960007, "status": "Built", "source": "Bimkom", "type": "Distributed" }, "geometry": { "type": "Point", "coordinates": [ 34.943298790853554, 31.206729953960007 ] } },
{ "type": "Feature", "properties": { "longitude": 35.01496782367871, "latitude": 31.119631848889529, "status": "Built", "source": "Bimkom", "type": "Distributed" }, "geometry": { "type": "Point", "coordinates": [ 35.01496782367871, 31.119631848889529 ] } },
{ "type": "Feature", "properties": { "longitude": 34.9970288608597, "latitude": 31.063943156315315, "status": "Built", "source": "Bimkom", "type": "Distributed" }, "geometry": { "type": "Point", "coordinates": [ 34.9970288608597, 31.063943156315315 ] } },
{ "type": "Feature", "properties": { "longitude": 34.960659663481863, "latitude": 31.122047851025048, "status": "Built", "source": "Bimkom", "type": "Distributed" }, "geometry": { "type": "Point", "coordinates": [ 34.960659663481863, 31.122047851025048 ] } },
{ "type": "Feature", "properties": { "longitude": 34.913968081849475, "latitude": 31.244398104602109, "status": "Built", "source": "Bimkom", "type": "Distributed" }, "geometry": { "type": "Point", "coordinates": [ 34.913968081849475, 31.244398104602109 ] } },
{ "type": "Feature", "properties": { "longitude": 34.912267671647484, "latitude": 31.187033702335686, "status": "Built", "source": "Bimkom", "type": "Distributed" }, "geometry": { "type": "Point", "coordinates": [ 34.912267671647484, 31.187033702335686 ] } },
{ "type": "Feature", "properties": { "longitude": 35.011832223293872, "latitude": 31.244918679558513, "status": "Built", "source": "Bimkom", "type": "Distributed" }, "geometry": { "type": "Point", "coordinates": [ 35.011832223293872, 31.244918679558513 ] } },
{ "type": "Feature", "properties": { "longitude": 34.960988277809953, "latitude": 31.241346670060011, "status": "Built", "source": "Bimkom", "type": "Distributed" }, "geometry": { "type": "Point", "coordinates": [ 34.960988277809953, 31.241346670060011 ] } },
{ "type": "Feature", "properties": { "longitude": 34.92021842723279, "latitude": 31.251204681100287, "status": "Built", "source": "Bimkom", "type": "Distributed" }, "geometry": { "type": "Point", "coordinates": [ 34.92021842723279, 31.251204681100287 ] } },
{ "type": "Feature", "properties": { "longitude": 35.02069754938487, "latitude": 31.267665054595248, "status": "Built", "source": "Bimkom", "type": "Distributed" }, "geometry": { "type": "Point", "coordinates": [ 35.02069754938487, 31.267665054595248 ] } },
{ "type": "Feature", "properties": { "longitude": 34.946034469259843, "latitude": 31.211808407737401, "status": "Built", "source": "Bimkom", "type": "Distributed" }, "geometry": { "type": "Point", "coordinates": [ 34.946034469259843, 31.211808407737401 ] } },
{ "type": "Feature", "properties": { "longitude": 34.928101446191405, "latitude": 31.264186458668327, "status": "Built", "source": "Bimkom", "type": "Distributed" }, "geometry": { "type": "Point", "coordinates": [ 34.928101446191405, 31.264186458668327 ] } },
{ "type": "Feature", "properties": { "longitude": 35.020535923211931, "latitude": 31.24143622350574, "status": "Built", "source": "Bimkom", "type": "Distributed" }, "geometry": { "type": "Point", "coordinates": [ 35.020535923211931, 31.24143622350574 ] } },
{ "type": "Feature", "properties": { "longitude": 34.77442308561502, "latitude": 31.38764366929755, "status": "Built", "source": "Bimkom", "type": "Distributed" }, "geometry": { "type": "Point", "coordinates": [ 34.77442308561502, 31.38764366929755 ] } },
{ "type": "Feature", "properties": { "longitude": 34.852194803286416, "latitude": 31.299501093585313, "status": "Built", "source": "Bimkom", "type": "Distributed" }, "geometry": { "type": "Point", "coordinates": [ 34.852194803286416, 31.299501093585313 ] } },
{ "type": "Feature", "properties": { "longitude": 34.841341787816667, "latitude": 31.301036705406379, "status": "Built", "source": "Bimkom", "type": "Distributed" }, "geometry": { "type": "Point", "coordinates": [ 34.841341787816667, 31.301036705406379 ] } },
{ "type": "Feature", "properties": { "longitude": 34.850022791659569, "latitude": 31.306618722750873, "status": "Built", "source": "Bimkom", "type": "Distributed" }, "geometry": { "type": "Point", "coordinates": [ 34.850022791659569, 31.306618722750873 ] } },
{ "type": "Feature", "properties": { "longitude": 34.860101452310985, "latitude": 31.303692677533256, "status": "Built", "source": "Bimkom", "type": "Distributed" }, "geometry": { "type": "Point", "coordinates": [ 34.860101452310985, 31.303692677533256 ] } },
{ "type": "Feature", "properties": { "longitude": 34.940446715959112, "latitude": 31.20438233132602, "status": "Built", "source": "Bimkom", "type": "Distributed" }, "geometry": { "type": "Point", "coordinates": [ 34.940446715959112, 31.20438233132602 ] } },
{ "type": "Feature", "properties": { "longitude": 34.931484686049764, "latitude": 31.209031688775315, "status": "Built", "source": "Bimkom", "type": "Distributed" }, "geometry": { "type": "Point", "coordinates": [ 34.931484686049764, 31.209031688775315 ] } },
{ "type": "Feature", "properties": { "longitude": 34.890151928145556, "latitude": 31.209115429692044, "status": "Built", "source": "Bimkom", "type": "Distributed" }, "geometry": { "type": "Point", "coordinates": [ 34.890151928145556, 31.209115429692044 ] } },
{ "type": "Feature", "properties": { "longitude": 34.963360754720853, "latitude": 31.241336017528099, "status": "Built", "source": "Bimkom", "type": "Distributed" }, "geometry": { "type": "Point", "coordinates": [ 34.963360754720853, 31.241336017528099 ] } },
{ "type": "Feature", "properties": { "longitude": 34.871248501763837, "latitude": 31.216559670861304, "status": "Built", "source": "Bimkom", "type": "Distributed" }, "geometry": { "type": "Point", "coordinates": [ 34.871248501763837, 31.216559670861304 ] } },
{ "type": "Feature", "properties": { "longitude": 34.963702484846614, "latitude": 31.240577775771701, "status": "Built", "source": "Bimkom", "type": "Distributed" }, "geometry": { "type": "Point", "coordinates": [ 34.963702484846614, 31.240577775771701 ] } },
{ "type": "Feature", "properties": { "longitude": 34.968692140635085, "latitude": 31.233537176170433, "status": "Built", "source": "Bimkom", "type": "Distributed" }, "geometry": { "type": "Point", "coordinates": [ 34.968692140635085, 31.233537176170433 ] } },
{ "type": "Feature", "properties": { "longitude": 34.929286687010269, "latitude": 31.199403667345571, "status": "Built", "source": "Bimkom", "type": "Distributed" }, "geometry": { "type": "Point", "coordinates": [ 34.929286687010269, 31.199403667345571 ] } },
{ "type": "Feature", "properties": { "longitude": 34.91200299249045, "latitude": 31.208943853628345, "status": "Built", "source": "Bimkom", "type": "Distributed" }, "geometry": { "type": "Point", "coordinates": [ 34.91200299249045, 31.208943853628345 ] } },
{ "type": "Feature", "properties": { "longitude": 34.872602598790074, "latitude": 31.216837672593709, "status": "Built", "source": "Bimkom", "type": "Distributed" }, "geometry": { "type": "Point", "coordinates": [ 34.872602598790074, 31.216837672593709 ] } },
{ "type": "Feature", "properties": { "longitude": 34.8706032284042, "latitude": 31.216034257086559, "status": "Built", "source": "Bimkom", "type": "Distributed" }, "geometry": { "type": "Point", "coordinates": [ 34.8706032284042, 31.216034257086559 ] } },
{ "type": "Feature", "properties": { "longitude": 34.913511742760676, "latitude": 31.192499673742461, "status": "Built", "source": "Bimkom", "type": "Distributed" }, "geometry": { "type": "Point", "coordinates": [ 34.913511742760676, 31.192499673742461 ] } },
{ "type": "Feature", "properties": { "longitude": 34.919318199927481, "latitude": 31.194656549172802, "status": "Built", "source": "Bimkom", "type": "Distributed" }, "geometry": { "type": "Point", "coordinates": [ 34.919318199927481, 31.194656549172802 ] } },
{ "type": "Feature", "properties": { "longitude": 35.023710457179966, "latitude": 31.144834412755326, "status": "Built", "source": "Bimkom", "type": "Distributed" }, "geometry": { "type": "Point", "coordinates": [ 35.023710457179966, 31.144834412755326 ] } },
{ "type": "Feature", "properties": { "longitude": 34.984961246761912, "latitude": 31.149543778416739, "status": "Built", "source": "Bimkom", "type": "Distributed" }, "geometry": { "type": "Point", "coordinates": [ 34.984961246761912, 31.149543778416739 ] } },
{ "type": "Feature", "properties": { "longitude": 35.00671184749752, "latitude": 31.264756688327488, "status": "Built", "source": "Bimkom", "type": "Distributed" }, "geometry": { "type": "Point", "coordinates": [ 35.00671184749752, 31.264756688327488 ] } },
{ "type": "Feature", "properties": { "longitude": 34.952599074232964, "latitude": 31.274847678251739, "status": "Built", "source": "Bimkom", "type": "Distributed" }, "geometry": { "type": "Point", "coordinates": [ 34.952599074232964, 31.274847678251739 ] } },
{ "type": "Feature", "properties": { "longitude": 35.049156599318579, "latitude": 31.038479703048761, "status": "Built", "source": "Bimkom", "type": "Distributed" }, "geometry": { "type": "Point", "coordinates": [ 35.049156599318579, 31.038479703048761 ] } },
{ "type": "Feature", "properties": { "longitude": 34.979458538624904, "latitude": 31.199502932326752, "status": "Built", "source": "Bimkom", "type": "Distributed" }, "geometry": { "type": "Point", "coordinates": [ 34.979458538624904, 31.199502932326752 ] } },
{ "type": "Feature", "properties": { "longitude": 34.980732179631069, "latitude": 31.184346253603749, "status": "Built", "source": "Bimkom", "type": "Distributed" }, "geometry": { "type": "Point", "coordinates": [ 34.980732179631069, 31.184346253603749 ] } },
{ "type": "Feature", "properties": { "longitude": 34.979954401559823, "latitude": 31.182558454119114, "status": "Built", "source": "Bimkom", "type": "Distributed" }, "geometry": { "type": "Point", "coordinates": [ 34.979954401559823, 31.182558454119114 ] } },
{ "type": "Feature", "properties": { "longitude": 34.914129151323372, "latitude": 31.21561048733815, "status": "Built", "source": "Bimkom", "type": "Distributed" }, "geometry": { "type": "Point", "coordinates": [ 34.914129151323372, 31.21561048733815 ] } },
{ "type": "Feature", "properties": { "longitude": 34.750347060276297, "latitude": 30.81302620769441, "status": "Built", "source": "Bimkom", "type": "Distributed" }, "geometry": { "type": "Point", "coordinates": [ 34.750347060276297, 30.81302620769441 ] } },
{ "type": "Feature", "properties": { "longitude": 35.128046426741662, "latitude": 31.241555108243908, "status": "Built", "source": "Bimkom", "type": "Distributed" }, "geometry": { "type": "Point", "coordinates": [ 35.128046426741662, 31.241555108243908 ] } },
{ "type": "Feature", "properties": { "longitude": 35.090050472630182, "latitude": 31.235607079956896, "status": "Built", "source": "Bimkom", "type": "Distributed" }, "geometry": { "type": "Point", "coordinates": [ 35.090050472630182, 31.235607079956896 ] } },
{ "type": "Feature", "properties": { "longitude": 34.919522203545327, "latitude": 31.220829172386082, "status": "Built", "source": "Bimkom", "type": "Distributed" }, "geometry": { "type": "Point", "coordinates": [ 34.919522203545327, 31.220829172386082 ] } },
{ "type": "Feature", "properties": { "longitude": 35.090815812474723, "latitude": 31.215206867939834, "status": "Built", "source": "Bimkom", "type": "Distributed" }, "geometry": { "type": "Point", "coordinates": [ 35.090815812474723, 31.215206867939834 ] } },
{ "type": "Feature", "properties": { "longitude": 34.825124768086553, "latitude": 31.17312391608273, "status": "Built", "source": "Bimkom", "type": "Distributed" }, "geometry": { "type": "Point", "coordinates": [ 34.825124768086553, 31.17312391608273 ] } },
{ "type": "Feature", "properties": { "longitude": 34.821291441348215, "latitude": 31.150794083661037, "status": "Built", "source": "Bimkom", "type": "Distributed" }, "geometry": { "type": "Point", "coordinates": [ 34.821291441348215, 31.150794083661037 ] } },
{ "type": "Feature", "properties": { "longitude": 35.108681066632251, "latitude": 31.293075883292598, "status": "Built", "source": "Bimkom", "type": "Distributed" }, "geometry": { "type": "Point", "coordinates": [ 35.108681066632251, 31.293075883292598 ] } },
{ "type": "Feature", "properties": { "longitude": 35.106546322004277, "latitude": 31.295523879698333, "status": "Built", "source": "Bimkom", "type": "Distributed" }, "geometry": { "type": "Point", "coordinates": [ 35.106546322004277, 31.295523879698333 ] } },
{ "type": "Feature", "properties": { "longitude": 35.109181056452307, "latitude": 31.307770358748538, "status": "Built", "source": "Bimkom", "type": "Distributed" }, "geometry": { "type": "Point", "coordinates": [ 35.109181056452307, 31.307770358748538 ] } },
{ "type": "Feature", "properties": { "longitude": 35.144713103885238, "latitude": 31.290517401505902, "status": "Built", "source": "Bimkom", "type": "Distributed" }, "geometry": { "type": "Point", "coordinates": [ 35.144713103885238, 31.290517401505902 ] } },
{ "type": "Feature", "properties": { "longitude": 34.967657044230833, "latitude": 31.270453998065189, "status": "Built", "source": "Bimkom", "type": "Distributed" }, "geometry": { "type": "Point", "coordinates": [ 34.967657044230833, 31.270453998065189 ] } },
{ "type": "Feature", "properties": { "longitude": 34.966379266488715, "latitude": 31.266617106227748, "status": "Built", "source": "Bimkom", "type": "Distributed" }, "geometry": { "type": "Point", "coordinates": [ 34.966379266488715, 31.266617106227748 ] } },
{ "type": "Feature", "properties": { "longitude": 35.011347486955366, "latitude": 31.242749487944472, "status": "Built", "source": "Bimkom", "type": "Distributed" }, "geometry": { "type": "Point", "coordinates": [ 35.011347486955366, 31.242749487944472 ] } },
{ "type": "Feature", "properties": { "longitude": 35.008041923231261, "latitude": 31.241186827357769, "status": "Built", "source": "Bimkom", "type": "Distributed" }, "geometry": { "type": "Point", "coordinates": [ 35.008041923231261, 31.241186827357769 ] } },
{ "type": "Feature", "properties": { "longitude": 34.732322957643298, "latitude": 31.345186894412478, "status": "Built", "source": "Bimkom", "type": "Distributed" }, "geometry": { "type": "Point", "coordinates": [ 34.732322957643298, 31.345186894412478 ] } },
{ "type": "Feature", "properties": { "longitude": 34.737993780820645, "latitude": 31.361402064355286, "status": "Built", "source": "Bimkom", "type": "Distributed" }, "geometry": { "type": "Point", "coordinates": [ 34.737993780820645, 31.361402064355286 ] } },
{ "type": "Feature", "properties": { "longitude": 34.940324304467708, "latitude": 31.205286849572666, "status": "Built", "source": "Bimkom", "type": "Distributed" }, "geometry": { "type": "Point", "coordinates": [ 34.940324304467708, 31.205286849572666 ] } },
{ "type": "Feature", "properties": { "longitude": 34.959403280747068, "latitude": 31.116510589570506, "status": "Built", "source": "Bimkom", "type": "Distributed" }, "geometry": { "type": "Point", "coordinates": [ 34.959403280747068, 31.116510589570506 ] } },
{ "type": "Feature", "properties": { "longitude": 34.97029302397106, "latitude": 31.119317503797223, "status": "Built", "source": "Bimkom", "type": "Distributed" }, "geometry": { "type": "Point", "coordinates": [ 34.97029302397106, 31.119317503797223 ] } },
{ "type": "Feature", "properties": { "longitude": 34.965346053127355, "latitude": 31.145926538986313, "status": "Built", "source": "Bimkom", "type": "Distributed" }, "geometry": { "type": "Point", "coordinates": [ 34.965346053127355, 31.145926538986313 ] } },
{ "type": "Feature", "properties": { "longitude": 34.85633977364958, "latitude": 31.310975302925041, "status": " ", "source": "Bimkom", "type": "Distributed" }, "geometry": { "type": "Point", "coordinates": [ 34.85633977364958, 31.310975302925041 ] } },
{ "type": "Feature", "properties": { "longitude": 34.916107252565524, "latitude": 31.250448099743576, "status": " ", "source": "Bimkom", "type": "Distributed" }, "geometry": { "type": "Point", "coordinates": [ 34.916107252565524, 31.250448099743576 ] } },
{ "type": "Feature", "properties": { "longitude": 34.920153442687756, "latitude": 31.241814592887732, "status": " ", "source": "Bimkom", "type": "Distributed" }, "geometry": { "type": "Point", "coordinates": [ 34.920153442687756, 31.241814592887732 ] } },
{ "type": "Feature", "properties": { "longitude": 34.919334675124269, "latitude": 31.240485538650255, "status": " ", "source": "Bimkom", "type": "Distributed" }, "geometry": { "type": "Point", "coordinates": [ 34.919334675124269, 31.240485538650255 ] } },
{ "type": "Feature", "properties": { "longitude": 34.94667145336647, "latitude": 31.199595286012119, "status": " ", "source": "Bimkom", "type": "Distributed" }, "geometry": { "type": "Point", "coordinates": [ 34.94667145336647, 31.199595286012119 ] } },
{ "type": "Feature", "properties": { "longitude": 34.945325070558376, "latitude": 31.199733365342077, "status": " ", "source": "Bimkom", "type": "Distributed" }, "geometry": { "type": "Point", "coordinates": [ 34.945325070558376, 31.199733365342077 ] } },
{ "type": "Feature", "properties": { "longitude": 34.915354126676135, "latitude": 31.249747423216153, "status": " ", "source": "Bimkom", "type": "Distributed" }, "geometry": { "type": "Point", "coordinates": [ 34.915354126676135, 31.249747423216153 ] } },
{ "type": "Feature", "properties": { "longitude": 34.919007622017077, "latitude": 31.252209525545016, "status": " ", "source": "Bimkom", "type": "Distributed" }, "geometry": { "type": "Point", "coordinates": [ 34.919007622017077, 31.252209525545016 ] } },
{ "type": "Feature", "properties": { "longitude": 34.914031654661933, "latitude": 31.249861777843584, "status": " ", "source": "Bimkom", "type": "Distributed" }, "geometry": { "type": "Point", "coordinates": [ 34.914031654661933, 31.249861777843584 ] } },
{ "type": "Feature", "properties": { "longitude": 34.86832008328809, "latitude": 31.282629895658577, "status": " ", "source": "Bimkom", "type": "Distributed" }, "geometry": { "type": "Point", "coordinates": [ 34.86832008328809, 31.282629895658577 ] } },
{ "type": "Feature", "properties": { "longitude": 34.945116660459696, "latitude": 31.20409001380208, "status": " ", "source": "Bimkom", "type": "Distributed" }, "geometry": { "type": "Point", "coordinates": [ 34.945116660459696, 31.20409001380208 ] } },
{ "type": "Feature", "properties": { "longitude": 34.866800677798118, "latitude": 31.214017382935594, "status": " ", "source": "Bimkom", "type": "Distributed" }, "geometry": { "type": "Point", "coordinates": [ 34.866800677798118, 31.214017382935594 ] } },
{ "type": "Feature", "properties": { "longitude": 34.9170812116677, "latitude": 31.193795242997858, "status": " ", "source": "Bimkom", "type": "Distributed" }, "geometry": { "type": "Point", "coordinates": [ 34.9170812116677, 31.193795242997858 ] } },
{ "type": "Feature", "properties": { "longitude": 34.909768368306736, "latitude": 31.186560712174217, "status": " ", "source": "Bimkom", "type": "Distributed" }, "geometry": { "type": "Point", "coordinates": [ 34.909768368306736, 31.186560712174217 ] } },
{ "type": "Feature", "properties": { "longitude": 34.910334742767603, "latitude": 31.187279357116495, "status": " ", "source": "Bimkom", "type": "Distributed" }, "geometry": { "type": "Point", "coordinates": [ 34.910334742767603, 31.187279357116495 ] } },
{ "type": "Feature", "properties": { "longitude": 34.854582284235477, "latitude": 31.288356156618185, "status": " ", "source": "Bimkom", "type": "Distributed" }, "geometry": { "type": "Point", "coordinates": [ 34.854582284235477, 31.288356156618185 ] } },
{ "type": "Feature", "properties": { "longitude": 34.84828447154414, "latitude": 31.299954155292092, "status": " ", "source": "Bimkom", "type": "Distributed" }, "geometry": { "type": "Point", "coordinates": [ 34.84828447154414, 31.299954155292092 ] } },
{ "type": "Feature", "properties": { "longitude": 34.911796523782016, "latitude": 31.224068129646994, "status": " ", "source": "Bimkom", "type": "Distributed" }, "geometry": { "type": "Point", "coordinates": [ 34.911796523782016, 31.224068129646994 ] } },
{ "type": "Feature", "properties": { "longitude": 34.927805871945203, "latitude": 31.232199746200223, "status": " ", "source": "Bimkom", "type": "Distributed" }, "geometry": { "type": "Point", "coordinates": [ 34.927805871945203, 31.232199746200223 ] } },
{ "type": "Feature", "properties": { "longitude": 34.927239223394686, "latitude": 31.219443945862277, "status": " ", "source": "Bimkom", "type": "Distributed" }, "geometry": { "type": "Point", "coordinates": [ 34.927239223394686, 31.219443945862277 ] } },
{ "type": "Feature", "properties": { "longitude": 34.919508751239924, "latitude": 31.218029613879064, "status": " ", "source": "Bimkom", "type": "Distributed" }, "geometry": { "type": "Point", "coordinates": [ 34.919508751239924, 31.218029613879064 ] } },
{ "type": "Feature", "properties": { "longitude": 34.966217255107793, "latitude": 31.202936063520085, "status": " ", "source": "Bimkom", "type": "Distributed" }, "geometry": { "type": "Point", "coordinates": [ 34.966217255107793, 31.202936063520085 ] } },
{ "type": "Feature", "properties": { "longitude": 34.928088682721615, "latitude": 31.218240156382969, "status": " ", "source": "Bimkom", "type": "Distributed" }, "geometry": { "type": "Point", "coordinates": [ 34.928088682721615, 31.218240156382969 ] } },
{ "type": "Feature", "properties": { "longitude": 34.947222989656375, "latitude": 31.209475246972413, "status": " ", "source": "Bimkom", "type": "Distributed" }, "geometry": { "type": "Point", "coordinates": [ 34.947222989656375, 31.209475246972413 ] } },
{ "type": "Feature", "properties": { "longitude": 34.883701169512115, "latitude": 31.326083946245962, "status": " ", "source": "Bimkom", "type": "Distributed" }, "geometry": { "type": "Point", "coordinates": [ 34.883701169512115, 31.326083946245962 ] } },
{ "type": "Feature", "properties": { "longitude": 34.994543755825184, "latitude": 31.067416291104287, "status": " ", "source": "Bimkom", "type": "Distributed" }, "geometry": { "type": "Point", "coordinates": [ 34.994543755825184, 31.067416291104287 ] } },
{ "type": "Feature", "properties": { "longitude": 34.994389381164908, "latitude": 31.067646229317248, "status": " ", "source": "Bimkom", "type": "Distributed" }, "geometry": { "type": "Point", "coordinates": [ 34.994389381164908, 31.067646229317248 ] } },
{ "type": "Feature", "properties": { "longitude": 34.970206158507978, "latitude": 31.118623565895362, "status": " ", "source": "Bimkom", "type": "Distributed" }, "geometry": { "type": "Point", "coordinates": [ 34.970206158507978, 31.118623565895362 ] } },
{ "type": "Feature", "properties": { "longitude": 34.849426482321007, "latitude": 31.301495161406848, "status": " ", "source": "Bimkom", "type": "Distributed" }, "geometry": { "type": "Point", "coordinates": [ 34.849426482321007, 31.301495161406848 ] } },
{ "type": "Feature", "properties": { "longitude": 35.007622553540784, "latitude": 31.108695049630214, "status": " ", "source": "Bimkom", "type": "Distributed" }, "geometry": { "type": "Point", "coordinates": [ 35.007622553540784, 31.108695049630214 ] } },
{ "type": "Feature", "properties": { "longitude": 35.008430531726766, "latitude": 31.108228969040937, "status": " ", "source": "Bimkom", "type": "Distributed" }, "geometry": { "type": "Point", "coordinates": [ 35.008430531726766, 31.108228969040937 ] } },
{ "type": "Feature", "properties": { "longitude": 35.020437888915588, "latitude": 31.117891995359191, "status": " ", "source": "Bimkom", "type": "Distributed" }, "geometry": { "type": "Point", "coordinates": [ 35.020437888915588, 31.117891995359191 ] } },
{ "type": "Feature", "properties": { "longitude": 35.021882756394554, "latitude": 31.10852632327693, "status": " ", "source": "Bimkom", "type": "Distributed" }, "geometry": { "type": "Point", "coordinates": [ 35.021882756394554, 31.10852632327693 ] } },
{ "type": "Feature", "properties": { "longitude": 35.0096551463945, "latitude": 31.244806866297015, "status": " ", "source": "Bimkom", "type": "Distributed" }, "geometry": { "type": "Point", "coordinates": [ 35.0096551463945, 31.244806866297015 ] } },
{ "type": "Feature", "properties": { "longitude": 34.913213784787175, "latitude": 31.207302315002483, "status": " ", "source": "Bimkom", "type": "Distributed" }, "geometry": { "type": "Point", "coordinates": [ 34.913213784787175, 31.207302315002483 ] } },
{ "type": "Feature", "properties": { "longitude": 34.829394415900772, "latitude": 31.30490056132837, "status": " ", "source": "Bimkom", "type": "Distributed" }, "geometry": { "type": "Point", "coordinates": [ 34.829394415900772, 31.30490056132837 ] } },
{ "type": "Feature", "properties": { "longitude": 34.926994169495508, "latitude": 31.205389325935652, "status": " ", "source": "Bimkom", "type": "Distributed" }, "geometry": { "type": "Point", "coordinates": [ 34.926994169495508, 31.205389325935652 ] } },
{ "type": "Feature", "properties": { "longitude": 34.979072999538367, "latitude": 31.212342426700676, "status": " ", "source": "Bimkom", "type": "Distributed" }, "geometry": { "type": "Point", "coordinates": [ 34.979072999538367, 31.212342426700676 ] } },
{ "type": "Feature", "properties": { "longitude": 34.852263522789734, "latitude": 31.297646872360861, "status": " ", "source": "Bimkom", "type": "Distributed" }, "geometry": { "type": "Point", "coordinates": [ 34.852263522789734, 31.297646872360861 ] } },
{ "type": "Feature", "properties": { "longitude": 35.019713258961211, "latitude": 31.229501973042865, "status": " ", "source": "Bimkom", "type": "Distributed" }, "geometry": { "type": "Point", "coordinates": [ 35.019713258961211, 31.229501973042865 ] } },
{ "type": "Feature", "properties": { "longitude": 35.024364016755392, "latitude": 31.24044363715069, "status": " ", "source": "Bimkom", "type": "Distributed" }, "geometry": { "type": "Point", "coordinates": [ 35.024364016755392, 31.24044363715069 ] } },
{ "type": "Feature", "properties": { "longitude": 34.945502318929734, "latitude": 31.204392344015968, "status": " ", "source": "Bimkom", "type": "Distributed" }, "geometry": { "type": "Point", "coordinates": [ 34.945502318929734, 31.204392344015968 ] } },
{ "type": "Feature", "properties": { "longitude": 34.937152234492707, "latitude": 31.273394244424075, "status": " ", "source": "Bimkom", "type": "Distributed" }, "geometry": { "type": "Point", "coordinates": [ 34.937152234492707, 31.273394244424075 ] } },
{ "type": "Feature", "properties": { "longitude": 34.93019885977963, "latitude": 31.207363178263904, "status": " ", "source": "Bimkom", "type": "Distributed" }, "geometry": { "type": "Point", "coordinates": [ 34.93019885977963, 31.207363178263904 ] } },
{ "type": "Feature", "properties": { "longitude": 34.944182677246538, "latitude": 31.184173798556518, "status": " ", "source": "Bimkom", "type": "Distributed" }, "geometry": { "type": "Point", "coordinates": [ 34.944182677246538, 31.184173798556518 ] } },
{ "type": "Feature", "properties": { "longitude": 34.897933636515646, "latitude": 31.213064169520766, "status": " ", "source": "Bimkom", "type": "Distributed" }, "geometry": { "type": "Point", "coordinates": [ 34.897933636515646, 31.213064169520766 ] } },
{ "type": "Feature", "properties": { "longitude": 34.922694288978917, "latitude": 31.213546609538128, "status": " ", "source": "Bimkom", "type": "Distributed" }, "geometry": { "type": "Point", "coordinates": [ 34.922694288978917, 31.213546609538128 ] } },
{ "type": "Feature", "properties": { "longitude": 34.939160063515274, "latitude": 31.234569088663939, "status": " ", "source": "Bimkom", "type": "Distributed" }, "geometry": { "type": "Point", "coordinates": [ 34.939160063515274, 31.234569088663939 ] } },
{ "type": "Feature", "properties": { "longitude": 34.946824898789721, "latitude": 31.236973134741799, "status": " ", "source": "Bimkom", "type": "Distributed" }, "geometry": { "type": "Point", "coordinates": [ 34.946824898789721, 31.236973134741799 ] } },
{ "type": "Feature", "properties": { "longitude": 34.986403100855597, "latitude": 31.26313970054537, "status": " ", "source": "Bimkom", "type": "Distributed" }, "geometry": { "type": "Point", "coordinates": [ 34.986403100855597, 31.26313970054537 ] } },
{ "type": "Feature", "properties": { "longitude": 35.015491137137353, "latitude": 31.128621735357036, "status": " ", "source": "Bimkom", "type": "Distributed" }, "geometry": { "type": "Point", "coordinates": [ 35.015491137137353, 31.128621735357036 ] } },
{ "type": "Feature", "properties": { "longitude": 34.957944664000024, "latitude": 30.988046437000037, "status": "Request", "source": "Bimkom", "type": "Village Request" }, "geometry": { "type": "Point", "coordinates": [ 34.957944664000024, 30.988046437000037 ] } },
{ "type": "Feature", "properties": { "longitude": 35.02574889400006, "latitude": 31.259005481000031, "status": "Built", "source": "Bimkom", "type": "Village Request" }, "geometry": { "type": "Point", "coordinates": [ 35.02574889400006, 31.259005481000031 ] } },
{ "type": "Feature", "properties": { "longitude": 35.07637382200005, "latitude": 31.288052659000073, "status": "Request", "source": "Bimkom", "type": "Village Request" }, "geometry": { "type": "Point", "coordinates": [ 35.07637382200005, 31.288052659000073 ] } },
{ "type": "Feature", "properties": { "longitude": 34.926457776000063, "latitude": 31.199818253000046, "status": "Request", "source": "Bimkom", "type": "Village Request" }, "geometry": { "type": "Point", "coordinates": [ 34.926457776000063, 31.199818253000046 ] } },
{ "type": "Feature", "properties": { "longitude": 34.927639020000072, "latitude": 31.205041323000046, "status": "Built", "source": "Bimkom", "type": "Village Request" }, "geometry": { "type": "Point", "coordinates": [ 34.927639020000072, 31.205041323000046 ] } },
{ "type": "Feature", "properties": { "longitude": 34.9218912000001, "latitude": 31.205839542000035, "status": "Built", "source": "Bimkom", "type": "Village Request" }, "geometry": { "type": "Point", "coordinates": [ 34.921891200000061, 31.205839542000035 ] } },
{ "type": "Feature", "properties": { "longitude": 34.915466579000054, "latitude": 31.207360831000074, "status": "Request", "source": "Bimkom", "type": "Village Request" }, "geometry": { "type": "Point", "coordinates": [ 34.915466579000054, 31.207360831000074 ] } },
{ "type": "Feature", "properties": { "longitude": 34.739269074000049, "latitude": 31.34797181600004, "status": "Request", "source": "Bimkom", "type": "Village Request" }, "geometry": { "type": "Point", "coordinates": [ 34.739269074000049, 31.34797181600004 ] } },
{ "type": "Feature", "properties": { "longitude": 35.0585657, "latitude": 31.2637862, "status": "Request", "source": "Bimkom", "type": "Village Request" }, "geometry": { "type": "Point", "coordinates": [ 35.058565700000031, 31.263786200000027 ] } },
{ "type": "Feature", "properties": { "longitude": 34.931803793000029, "latitude": 31.189480318000051, "status": "Request", "source": "Bimkom", "type": "Village Request" }, "geometry": { "type": "Point", "coordinates": [ 34.931803793000029, 31.189480318000051 ] } },
{ "type": "Feature", "properties": { "longitude": 35.186936297000045, "latitude": 31.209761811000078, "status": "Request", "source": "Bimkom", "type": "Village Request" }, "geometry": { "type": "Point", "coordinates": [ 35.186936297000045, 31.209761811000078 ] } },
{ "type": "Feature", "properties": { "longitude": 34.98243903000008, "latitude": 31.177290858000049, "status": "Request", "source": "Bimkom", "type": "Village Request" }, "geometry": { "type": "Point", "coordinates": [ 34.98243903000008, 31.177290858000049 ] } },
{ "type": "Feature", "properties": { "longitude": 35.092036577000044, "latitude": 31.258084373000031, "status": "Request", "source": "Bimkom", "type": "Village Request" }, "geometry": { "type": "Point", "coordinates": [ 35.092036577000044, 31.258084373000031 ] } },
{ "type": "Feature", "properties": { "longitude": 34.8751895, "latitude": 31.3048411, "status": "Request", "source": "Bimkom", "type": "Village Request" }, "geometry": { "type": "Point", "coordinates": [ 34.875189500000033, 31.304841100000033 ] } },
{ "type": "Feature", "properties": { "longitude": 35.06343, "latitude": 31.23071, "status": "Request", "source": "Bimkom", "type": "Village Request" }, "geometry": { "type": "Point", "coordinates": [ 35.06343, 31.23071 ] } },
{ "type": "Feature", "properties": { "longitude": 35.109948768000038, "latitude": 31.079344604000028, "status": "Request", "source": "Bimkom", "type": "Village Request" }, "geometry": { "type": "Point", "coordinates": [ 35.109948768000038, 31.079344604000028 ] } },
{ "type": "Feature", "properties": { "longitude": 34.974239340000054, "latitude": 31.128107070000056, "status": "Request", "source": "Bimkom", "type": "Village Request" }, "geometry": { "type": "Point", "coordinates": [ 34.974239340000054, 31.128107070000056 ] } },
{ "type": "Feature", "properties": { "longitude": 34.949162204000061, "latitude": 31.140160028000025, "status": "Request", "source": "Bimkom", "type": "Village Request" }, "geometry": { "type": "Point", "coordinates": [ 34.949162204000061, 31.140160028000025 ] } },
{ "type": "Feature", "properties": { "longitude": 34.919657521000033, "latitude": 31.203232540000045, "status": "Request", "source": "Bimkom", "type": "Village Request" }, "geometry": { "type": "Point", "coordinates": [ 34.919657521000033, 31.203232540000045 ] } },
{ "type": "Feature", "properties": { "longitude": 34.828691579000065, "latitude": 31.200369089000048, "status": "Request", "source": "Bimkom", "type": "Village Request" }, "geometry": { "type": "Point", "coordinates": [ 34.828691579000065, 31.200369089000048 ] } },
{ "type": "Feature", "properties": { "longitude": 35.041622429000029, "latitude": 31.236216713000033, "status": "Request", "source": "Bimkom", "type": "Village Request" }, "geometry": { "type": "Point", "coordinates": [ 35.041622429000029, 31.236216713000033 ] } },
{ "type": "Feature", "properties": { "longitude": 34.961493011000073, "latitude": 31.110767023000051, "status": "Built", "source": "Bimkom", "type": "Village Request" }, "geometry": { "type": "Point", "coordinates": [ 34.961493011000073, 31.110767023000051 ] } },
{ "type": "Feature", "properties": { "longitude": 35.01808019200007, "latitude": 31.106970236000052, "status": "Request", "source": "Bimkom", "type": "Village Request" }, "geometry": { "type": "Point", "coordinates": [ 35.01808019200007, 31.106970236000052 ] } },
{ "type": "Feature", "properties": { "longitude": 34.956137452000064, "latitude": 31.184043054000028, "status": "Request", "source": "Bimkom", "type": "Village Request" }, "geometry": { "type": "Point", "coordinates": [ 34.956137452000064, 31.184043054000028 ] } },
{ "type": "Feature", "properties": { "longitude": 35.064615379000031, "latitude": 31.05981560400005, "status": "Request", "source": "Bimkom", "type": "Village Request" }, "geometry": { "type": "Point", "coordinates": [ 35.064615379000031, 31.05981560400005 ] } },
{ "type": "Feature", "properties": { "longitude": 34.904915885000037, "latitude": 31.290758323000034, "status": "Request", "source": "Bimkom", "type": "Village Request" }, "geometry": { "type": "Point", "coordinates": [ 34.904915885000037, 31.290758323000034 ] } },
{ "type": "Feature", "properties": { "longitude": 35.061983849000057, "latitude": 31.066120474000058, "status": "Built", "source": "Bimkom", "type": "Village Request" }, "geometry": { "type": "Point", "coordinates": [ 35.061983849000057, 31.066120474000058 ] } },
{ "type": "Feature", "properties": { "longitude": 34.881042518000072, "latitude": 31.329213568000057, "status": "Request", "source": "Bimkom", "type": "Village Request" }, "geometry": { "type": "Point", "coordinates": [ 34.881042518000072, 31.329213568000057 ] } },
{ "type": "Feature", "properties": { "longitude": 35.058246914000051, "latitude": 31.263121996000052, "status": "Request", "source": "Bimkom", "type": "Village Request" }, "geometry": { "type": "Point", "coordinates": [ 35.058246914000051, 31.263121996000052 ] } },
{ "type": "Feature", "properties": { "longitude": 35.009787729000038, "latitude": 31.228955355000039, "status": "Request", "source": "Bimkom", "type": "Village Request" }, "geometry": { "type": "Point", "coordinates": [ 35.009787729000038, 31.228955355000039 ] } },
{ "type": "Feature", "properties": { "longitude": 34.703004201000056, "latitude": 31.022088398000051, "status": "Request", "source": "Bimkom", "type": "Village Request" }, "geometry": { "type": "Point", "coordinates": [ 34.703004201000056, 31.022088398000051 ] } },
{ "type": "Feature", "properties": { "longitude": 35.0759983, "latitude": 31.288085, "status": "Request", "source": "Bimkom", "type": "Village Request" }, "geometry": { "type": "Point", "coordinates": [ 35.075998300000037, 31.288085 ] } },
{ "type": "Feature", "properties": { "longitude": 34.746776415000056, "latitude": 31.362141820000033, "status": "Request", "source": "Bimkom", "type": "Village Request" }, "geometry": { "type": "Point", "coordinates": [ 34.746776415000056, 31.362141820000033 ] } },
{ "type": "Feature", "properties": { "longitude": 34.847976704000075, "latitude": 31.304854288000058, "status": "Request", "source": "Bimkom", "type": "Village Request" }, "geometry": { "type": "Point", "coordinates": [ 34.847976704000075, 31.304854288000058 ] } },
{ "type": "Feature", "properties": { "longitude": 34.746505580000075, "latitude": 31.362244536000048, "status": "Request", "source": "Bimkom", "type": "Village Request" }, "geometry": { "type": "Point", "coordinates": [ 34.746505580000075, 31.362244536000048 ] } },
{ "type": "Feature", "properties": { "longitude": 34.8464535000001, "latitude": 31.058679, "status": "Request", "source": "Bimkom", "type": "Village Request" }, "geometry": { "type": "Point", "coordinates": [ 34.846453500000052, 31.058679 ] } },
{ "type": "Feature", "properties": { "longitude": 34.746208612000032, "latitude": 31.362289789000044, "status": "Request", "source": "Bimkom", "type": "Village Request" }, "geometry": { "type": "Point", "coordinates": [ 34.746208612000032, 31.362289789000044 ] } },
{ "type": "Feature", "properties": { "longitude": 34.746660073000044, "latitude": 31.361978137000051, "status": "Request", "source": "Bimkom", "type": "Village Request" }, "geometry": { "type": "Point", "coordinates": [ 34.746660073000044, 31.361978137000051 ] } },
{ "type": "Feature", "properties": { "longitude": 35.119954415000052, "latitude": 31.31377266100003, "status": "Request", "source": "Bimkom", "type": "Village Request" }, "geometry": { "type": "Point", "coordinates": [ 35.119954415000052, 31.31377266100003 ] } },
{ "type": "Feature", "properties": { "longitude": 35.015096408000034, "latitude": 31.241628966000064, "status": "Request", "source": "Bimkom", "type": "Village Request" }, "geometry": { "type": "Point", "coordinates": [ 35.015096408000034, 31.241628966000064 ] } },
{ "type": "Feature", "properties": { "longitude": 35.0165994000001, "latitude": 31.2418128, "status": "Request", "source": "Bimkom", "type": "Village Request" }, "geometry": { "type": "Point", "coordinates": [ 35.016599400000075, 31.241812800000048 ] } },
{ "type": "Feature", "properties": { "longitude": 35.1101406000001, "latitude": 31.2340205, "status": "Request", "source": "Bimkom", "type": "Village Request" }, "geometry": { "type": "Point", "coordinates": [ 35.110140600000079, 31.234020500000042 ] } },
{ "type": "Feature", "properties": { "longitude": 34.863130642000044, "latitude": 31.261526666000066, "status": "Request", "source": "Bimkom", "type": "Village Request" }, "geometry": { "type": "Point", "coordinates": [ 34.863130642000044, 31.261526666000066 ] } },
{ "type": "Feature", "properties": { "longitude": 35.122540653000044, "latitude": 31.310982571000068, "status": "Request", "source": "Bimkom", "type": "Village Request" }, "geometry": { "type": "Point", "coordinates": [ 35.122540653000044, 31.310982571000068 ] } },
{ "type": "Feature", "properties": { "longitude": 35.008714557000076, "latitude": 31.233261861000074, "status": "Request", "source": "Bimkom", "type": "Village Request" }, "geometry": { "type": "Point", "coordinates": [ 35.008714557000076, 31.233261861000074 ] } },
{ "type": "Feature", "properties": { "longitude": 35.02688166300004, "latitude": 31.237695998000049, "status": "Request", "source": "Bimkom", "type": "Village Request" }, "geometry": { "type": "Point", "coordinates": [ 35.02688166300004, 31.237695998000049 ] } },
{ "type": "Feature", "properties": { "longitude": 34.960960357000033, "latitude": 31.110951773000068, "status": "Built", "source": "Bimkom", "type": "Village Request" }, "geometry": { "type": "Point", "coordinates": [ 34.960960357000033, 31.110951773000068 ] } },
{ "type": "Feature", "properties": { "longitude": 34.99508938200006, "latitude": 31.235392865000051, "status": "Request", "source": "Bimkom", "type": "Village Request" }, "geometry": { "type": "Point", "coordinates": [ 34.99508938200006, 31.235392865000051 ] } },
{ "type": "Feature", "properties": { "longitude": 34.992533172000037, "latitude": 31.230967861000067, "status": "Built", "source": "Bimkom", "type": "Village Request" }, "geometry": { "type": "Point", "coordinates": [ 34.992533172000037, 31.230967861000067 ] } },
{ "type": "Feature", "properties": { "longitude": 35.019536299000038, "latitude": 31.237727654000025, "status": "Request", "source": "Bimkom", "type": "Village Request" }, "geometry": { "type": "Point", "coordinates": [ 35.019536299000038, 31.237727654000025 ] } },
{ "type": "Feature", "properties": { "longitude": 35.011198997000065, "latitude": 31.241107998000075, "status": "Request", "source": "Bimkom", "type": "Village Request" }, "geometry": { "type": "Point", "coordinates": [ 35.011198997000065, 31.241107998000075 ] } },
{ "type": "Feature", "properties": { "longitude": 34.95893116700006, "latitude": 31.123465825000039, "status": "Request", "source": "Bimkom", "type": "Village Request" }, "geometry": { "type": "Point", "coordinates": [ 34.95893116700006, 31.123465825000039 ] } },
{ "type": "Feature", "properties": { "longitude": 35.04840816400008, "latitude": 31.287086716000033, "status": "Request", "source": "Bimkom", "type": "Village Request" }, "geometry": { "type": "Point", "coordinates": [ 35.04840816400008, 31.287086716000033 ] } },
{ "type": "Feature", "properties": { "longitude": 34.989850685000079, "latitude": 31.2577436, "status": "Request", "source": "Bimkom", "type": "Village Request" }, "geometry": { "type": "Point", "coordinates": [ 34.989850685000079, 31.257743600000026 ] } },
{ "type": "Feature", "properties": { "longitude": 34.722416313000053, "latitude": 31.321843824000041, "status": "Request", "source": "Bimkom", "type": "Village Request" }, "geometry": { "type": "Point", "coordinates": [ 34.722416313000053, 31.321843824000041 ] } },
{ "type": "Feature", "properties": { "longitude": 34.988541259000044, "latitude": 31.215289580000046, "status": "Request", "source": "Bimkom", "type": "Village Request" }, "geometry": { "type": "Point", "coordinates": [ 34.988541259000044, 31.215289580000046 ] } },
{ "type": "Feature", "properties": { "longitude": 34.992786460000048, "latitude": 31.23164257600007, "status": "Request", "source": "Bimkom", "type": "Village Request" }, "geometry": { "type": "Point", "coordinates": [ 34.992786460000048, 31.23164257600007 ] } },
{ "type": "Feature", "properties": { "longitude": 35.01964736900004, "latitude": 31.237822780000045, "status": "Request", "source": "Bimkom", "type": "Village Request" }, "geometry": { "type": "Point", "coordinates": [ 35.01964736900004, 31.237822780000045 ] } },
{ "type": "Feature", "properties": { "longitude": 35.011071814000047, "latitude": 31.241515912000068, "status": "Request", "source": "Bimkom", "type": "Village Request" }, "geometry": { "type": "Point", "coordinates": [ 35.011071814000047, 31.241515912000068 ] } },
{ "type": "Feature", "properties": { "longitude": 35.030943474000026, "latitude": 31.24419348300006, "status": "Request", "source": "Bimkom", "type": "Village Request" }, "geometry": { "type": "Point", "coordinates": [ 35.030943474000026, 31.24419348300006 ] } },
{ "type": "Feature", "properties": { "longitude": 35.031361548000064, "latitude": 31.241248982000059, "status": "Request", "source": "Bimkom", "type": "Village Request" }, "geometry": { "type": "Point", "coordinates": [ 35.031361548000064, 31.241248982000059 ] } },
{ "type": "Feature", "properties": { "longitude": 35.02560251500006, "latitude": 31.243243243000052, "status": "Request", "source": "Bimkom", "type": "Village Request" }, "geometry": { "type": "Point", "coordinates": [ 35.02560251500006, 31.243243243000052 ] } },
{ "type": "Feature", "properties": { "longitude": 35.030726139000024, "latitude": 31.24229039100004, "status": "Request", "source": "Bimkom", "type": "Village Request" }, "geometry": { "type": "Point", "coordinates": [ 35.030726139000024, 31.24229039100004 ] } },
{ "type": "Feature", "properties": { "longitude": 35.030463569000062, "latitude": 31.240850292000061, "status": "Request", "source": "Bimkom", "type": "Village Request" }, "geometry": { "type": "Point", "coordinates": [ 35.030463569000062, 31.240850292000061 ] } },
{ "type": "Feature", "properties": { "longitude": 35.029643888000066, "latitude": 31.242400727000074, "status": "Request", "source": "Bimkom", "type": "Village Request" }, "geometry": { "type": "Point", "coordinates": [ 35.029643888000066, 31.242400727000074 ] } },
{ "type": "Feature", "properties": { "longitude": 35.029212858000051, "latitude": 31.242199739000057, "status": "Request", "source": "Bimkom", "type": "Village Request" }, "geometry": { "type": "Point", "coordinates": [ 35.029212858000051, 31.242199739000057 ] } },
{ "type": "Feature", "properties": { "longitude": 34.95274444100005, "latitude": 31.139716351000061, "status": "Request", "source": "Bimkom", "type": "Village Request" }, "geometry": { "type": "Point", "coordinates": [ 34.95274444100005, 31.139716351000061 ] } },
{ "type": "Feature", "properties": { "longitude": 34.746855483000047, "latitude": 31.362588093000056, "status": "Request", "source": "Bimkom", "type": "Village Request" }, "geometry": { "type": "Point", "coordinates": [ 34.746855483000047, 31.362588093000056 ] } },
{ "type": "Feature", "properties": { "longitude": 35.0566382000001, "latitude": 31.2623541, "status": "Request", "source": "Bimkom", "type": "Village Request" }, "geometry": { "type": "Point", "coordinates": [ 35.056638200000066, 31.262354100000039 ] } },
{ "type": "Feature", "properties": { "longitude": 35.022536960000025, "latitude": 31.236474302000033, "status": "Request", "source": "Bimkom", "type": "Village Request" }, "geometry": { "type": "Point", "coordinates": [ 35.022536960000025, 31.236474302000033 ] } },
{ "type": "Feature", "properties": { "longitude": 34.954825, "latitude": 31.1342517, "status": "Request", "source": "Bimkom", "type": "Village Request" }, "geometry": { "type": "Point", "coordinates": [ 34.954825, 31.13425170000005 ] } },
{ "type": "Feature", "properties": { "longitude": 35.051792546000058, "latitude": 31.266816916000039, "status": "Request", "source": "Bimkom", "type": "Village Request" }, "geometry": { "type": "Point", "coordinates": [ 35.051792546000058, 31.266816916000039 ] } },
{ "type": "Feature", "properties": { "longitude": 35.020683182000028, "latitude": 31.270196175000024, "status": "Request", "source": "Bimkom", "type": "Village Request" }, "geometry": { "type": "Point", "coordinates": [ 35.020683182000028, 31.270196175000024 ] } },
{ "type": "Feature", "properties": { "longitude": 35.124148862000027, "latitude": 31.302542662000064, "status": "Request", "source": "Bimkom", "type": "Village Request" }, "geometry": { "type": "Point", "coordinates": [ 35.124148862000027, 31.302542662000064 ] } },
{ "type": "Feature", "properties": { "longitude": 34.960113066000076, "latitude": 31.125404739000032, "status": "Request", "source": "Bimkom", "type": "Village Request" }, "geometry": { "type": "Point", "coordinates": [ 34.960113066000076, 31.125404739000032 ] } },
{ "type": "Feature", "properties": { "longitude": 34.9203535, "latitude": 31.2203129000001, "status": "Request", "source": "Bimkom", "type": "Village Request" }, "geometry": { "type": "Point", "coordinates": [ 34.920353500000033, 31.220312900000067 ] } },
{ "type": "Feature", "properties": { "longitude": 34.869815043000074, "latitude": 31.255372056000056, "status": "Request", "source": "Bimkom", "type": "Village Request" }, "geometry": { "type": "Point", "coordinates": [ 34.869815043000074, 31.255372056000056 ] } },
{ "type": "Feature", "properties": { "longitude": 35.056610387000035, "latitude": 31.280188573000032, "status": "Request", "source": "Bimkom", "type": "Village Request" }, "geometry": { "type": "Point", "coordinates": [ 35.056610387000035, 31.280188573000032 ] } },
{ "type": "Feature", "properties": { "longitude": 34.936755075000065, "latitude": 31.290365276000045, "status": "Request", "source": "Bimkom", "type": "Village Request" }, "geometry": { "type": "Point", "coordinates": [ 34.936755075000065, 31.290365276000045 ] } },
{ "type": "Feature", "properties": { "longitude": 34.993012520000036, "latitude": 31.23170798600006, "status": "Request", "source": "Bimkom", "type": "Village Request" }, "geometry": { "type": "Point", "coordinates": [ 34.993012520000036, 31.23170798600006 ] } },
{ "type": "Feature", "properties": { "longitude": 34.73867, "latitude": 31.34479, "status": "Request", "source": "Bimkom", "type": "Village Request" }, "geometry": { "type": "Point", "coordinates": [ 34.73867, 31.34479 ] } },
{ "type": "Feature", "properties": { "longitude": 34.993349604000059, "latitude": 31.230448005000028, "status": "Request", "source": "Bimkom", "type": "Village Request" }, "geometry": { "type": "Point", "coordinates": [ 34.993349604000059, 31.230448005000028 ] } },
{ "type": "Feature", "properties": { "longitude": 34.92213582800008, "latitude": 31.186807558000055, "status": "Request", "source": "Bimkom", "type": "Village Request" }, "geometry": { "type": "Point", "coordinates": [ 34.92213582800008, 31.186807558000055 ] } },
{ "type": "Feature", "properties": { "longitude": 35.03469616600006, "latitude": 31.271570543000053, "status": "Request", "source": "Bimkom", "type": "Village Request" }, "geometry": { "type": "Point", "coordinates": [ 35.03469616600006, 31.271570543000053 ] } },
{ "type": "Feature", "properties": { "longitude": 34.857489040000075, "latitude": 31.16040070300005, "status": "Request", "source": "Bimkom", "type": "Village Request" }, "geometry": { "type": "Point", "coordinates": [ 34.857489040000075, 31.16040070300005 ] } },
{ "type": "Feature", "properties": { "longitude": 35.028630636000059, "latitude": 31.244727856000054, "status": "Request", "source": "Bimkom", "type": "Village Request" }, "geometry": { "type": "Point", "coordinates": [ 35.028630636000059, 31.244727856000054 ] } },
{ "type": "Feature", "properties": { "longitude": 34.848724574000073, "latitude": 31.29877110700005, "status": "Request", "source": "Bimkom", "type": "Village Request" }, "geometry": { "type": "Point", "coordinates": [ 34.848724574000073, 31.29877110700005 ] } },
{ "type": "Feature", "properties": { "longitude": 35.085123965000037, "latitude": 31.250277298000071, "status": "Request", "source": "Bimkom", "type": "Village Request" }, "geometry": { "type": "Point", "coordinates": [ 35.085123965000037, 31.250277298000071 ] } },
{ "type": "Feature", "properties": { "longitude": 34.97522, "latitude": 31.26204, "status": "Request", "source": "Bimkom", "type": "Village Request" }, "geometry": { "type": "Point", "coordinates": [ 34.97522, 31.26204 ] } },
{ "type": "Feature", "properties": { "longitude": 34.86257, "latitude": 31.32329, "status": "Request", "source": "Bimkom", "type": "Village Request" }, "geometry": { "type": "Point", "coordinates": [ 34.86257, 31.32329 ] } },
{ "type": "Feature", "properties": { "longitude": 34.853123203000052, "latitude": 31.32466585700007, "status": "Request", "source": "Bimkom", "type": "Village Request" }, "geometry": { "type": "Point", "coordinates": [ 34.853123203000052, 31.32466585700007 ] } },
{ "type": "Feature", "properties": { "longitude": 34.779803672000071, "latitude": 31.333477110000047, "status": "Request", "source": "Bimkom", "type": "Village Request" }, "geometry": { "type": "Point", "coordinates": [ 34.779803672000071, 31.333477110000047 ] } },
{ "type": "Feature", "properties": { "longitude": 34.797577820000072, "latitude": 31.231781787000045, "status": "Request", "source": "Bimkom", "type": "Village Request" }, "geometry": { "type": "Point", "coordinates": [ 34.797577820000072, 31.231781787000045 ] } },
{ "type": "Feature", "properties": { "longitude": 34.81525158900007, "latitude": 31.204156340000054, "status": "Request", "source": "Bimkom", "type": "Village Request" }, "geometry": { "type": "Point", "coordinates": [ 34.81525158900007, 31.204156340000054 ] } },
{ "type": "Feature", "properties": { "longitude": 34.957362829000033, "latitude": 31.200203645000045, "status": "Request", "source": "Bimkom", "type": "Village Request" }, "geometry": { "type": "Point", "coordinates": [ 34.957362829000033, 31.200203645000045 ] } },
{ "type": "Feature", "properties": { "longitude": 34.818702690000066, "latitude": 31.223896020000041, "status": "Request", "source": "Bimkom", "type": "Village Request" }, "geometry": { "type": "Point", "coordinates": [ 34.818702690000066, 31.223896020000041 ] } },
{ "type": "Feature", "properties": { "longitude": 35.007734479000078, "latitude": 31.232836774000077, "status": "Request", "source": "Bimkom", "type": "Village Request" }, "geometry": { "type": "Point", "coordinates": [ 35.007734479000078, 31.232836774000077 ] } },
{ "type": "Feature", "properties": { "longitude": 35.16264, "latitude": 31.2238566, "status": "Request", "source": "Bimkom", "type": "Village Request" }, "geometry": { "type": "Point", "coordinates": [ 35.16264, 31.223856600000033 ] } },
{ "type": "Feature", "properties": { "longitude": 34.899699704000056, "latitude": 31.242042745000049, "status": "Request", "source": "Bimkom", "type": "Village Request" }, "geometry": { "type": "Point", "coordinates": [ 34.899699704000056, 31.242042745000049 ] } },
{ "type": "Feature", "properties": { "longitude": 34.883138307000024, "latitude": 31.27666798100006, "status": "Request", "source": "Bimkom", "type": "Village Request" }, "geometry": { "type": "Point", "coordinates": [ 34.883138307000024, 31.27666798100006 ] } },
{ "type": "Feature", "properties": { "longitude": 34.930281749000073, "latitude": 31.20842542400004, "status": "Request", "source": "Bimkom", "type": "Village Request" }, "geometry": { "type": "Point", "coordinates": [ 34.930281749000073, 31.20842542400004 ] } },
{ "type": "Feature", "properties": { "longitude": 35.074217524000062, "latitude": 31.287587205000079, "status": "Request", "source": "Bimkom", "type": "Village Request" }, "geometry": { "type": "Point", "coordinates": [ 35.074217524000062, 31.287587205000079 ] } },
{ "type": "Feature", "properties": { "longitude": 35.146739860000025, "latitude": 31.292601365000053, "status": "Request", "source": "Bimkom", "type": "Village Request" }, "geometry": { "type": "Point", "coordinates": [ 35.146739860000025, 31.292601365000053 ] } },
{ "type": "Feature", "properties": { "longitude": 35.136506082000039, "latitude": 31.256754522000051, "status": "Request", "source": "Bimkom", "type": "Village Request" }, "geometry": { "type": "Point", "coordinates": [ 35.136506082000039, 31.256754522000051 ] } },
{ "type": "Feature", "properties": { "longitude": 34.958227178000072, "latitude": 31.198575910000045, "status": "Request", "source": "Bimkom", "type": "Village Request" }, "geometry": { "type": "Point", "coordinates": [ 34.958227178000072, 31.198575910000045 ] } },
{ "type": "Feature", "properties": { "longitude": 34.8317051000001, "latitude": 31.3099445, "status": "Request", "source": "Bimkom", "type": "Village Request" }, "geometry": { "type": "Point", "coordinates": [ 34.831705100000079, 31.309944500000029 ] } },
{ "type": "Feature", "properties": { "longitude": 34.910537063000049, "latitude": 31.238597064000032, "status": "Request", "source": "Bimkom", "type": "Village Request" }, "geometry": { "type": "Point", "coordinates": [ 34.910537063000049, 31.238597064000032 ] } },
{ "type": "Feature", "properties": { "longitude": 34.855487718000063, "latitude": 31.292882774000077, "status": "Built", "source": "Bimkom", "type": "Village Request" }, "geometry": { "type": "Point", "coordinates": [ 34.855487718000063, 31.292882774000077 ] } },
{ "type": "Feature", "properties": { "longitude": 34.979222593000031, "latitude": 31.213956259000042, "status": "Request", "source": "Bimkom", "type": "Village Request" }, "geometry": { "type": "Point", "coordinates": [ 34.979222593000031, 31.213956259000042 ] } },
{ "type": "Feature", "properties": { "longitude": 34.97945276400003, "latitude": 31.188089888000036, "status": "Request", "source": "Bimkom", "type": "Village Request" }, "geometry": { "type": "Point", "coordinates": [ 34.97945276400003, 31.188089888000036 ] } },
{ "type": "Feature", "properties": { "longitude": 34.979769345000079, "latitude": 31.187691255000061, "status": "Request", "source": "Bimkom", "type": "Village Request" }, "geometry": { "type": "Point", "coordinates": [ 34.979769345000079, 31.187691255000061 ] } },
{ "type": "Feature", "properties": { "longitude": 34.873318069000049, "latitude": 30.904016434000027, "status": "Request", "source": "Bimkom", "type": "Village Request" }, "geometry": { "type": "Point", "coordinates": [ 34.873318069000049, 30.904016434000027 ] } },
{ "type": "Feature", "properties": { "longitude": 35.262504, "latitude": 31.2442218, "status": "Request", "source": "Bimkom", "type": "Village Request" }, "geometry": { "type": "Point", "coordinates": [ 35.262504, 31.244221800000048 ] } },
{ "type": "Feature", "properties": { "longitude": 35.048229463000041, "latitude": 31.275551431000054, "status": "Request", "source": "Bimkom", "type": "Village Request" }, "geometry": { "type": "Point", "coordinates": [ 35.048229463000041, 31.275551431000054 ] } },
{ "type": "Feature", "properties": { "longitude": 35.089022422000028, "latitude": 31.238837342000068, "status": "Request", "source": "Bimkom", "type": "Village Request" }, "geometry": { "type": "Point", "coordinates": [ 35.089022422000028, 31.238837342000068 ] } },
{ "type": "Feature", "properties": { "longitude": 34.872606094000048, "latitude": 31.324360293000041, "status": "Request", "source": "Bimkom", "type": "Village Request" }, "geometry": { "type": "Point", "coordinates": [ 34.872606094000048, 31.324360293000041 ] } },
{ "type": "Feature", "properties": { "longitude": 34.978578010000035, "latitude": 31.206672210000079, "status": "Request", "source": "Bimkom", "type": "Village Request" }, "geometry": { "type": "Point", "coordinates": [ 34.978578010000035, 31.206672210000079 ] } },
{ "type": "Feature", "properties": { "longitude": 34.696504824000044, "latitude": 31.043720406000034, "status": "Request", "source": "Bimkom", "type": "Village Request" }, "geometry": { "type": "Point", "coordinates": [ 34.696504824000044, 31.043720406000034 ] } },
{ "type": "Feature", "properties": { "longitude": 34.816319856000064, "latitude": 31.115894027000024, "status": "Request", "source": "Bimkom", "type": "Village Request" }, "geometry": { "type": "Point", "coordinates": [ 34.816319856000064, 31.115894027000024 ] } },
{ "type": "Feature", "properties": { "longitude": 34.987014561000024, "latitude": 31.080563483000049, "status": "Request", "source": "Bimkom", "type": "Village Request" }, "geometry": { "type": "Point", "coordinates": [ 34.987014561000024, 31.080563483000049 ] } },
{ "type": "Feature", "properties": { "longitude": 34.9641533000001, "latitude": 31.01282, "status": "Request", "source": "Bimkom", "type": "Village Request" }, "geometry": { "type": "Point", "coordinates": [ 34.964153300000078, 31.01282 ] } },
{ "type": "Feature", "properties": { "longitude": 34.821721342000046, "latitude": 31.161220858000036, "status": "Built", "source": "Bimkom", "type": "Village Request" }, "geometry": { "type": "Point", "coordinates": [ 34.821721342000046, 31.161220858000036 ] } },
{ "type": "Feature", "properties": { "longitude": 34.792826070000046, "latitude": 30.694106820000059, "status": "Request", "source": "Bimkom", "type": "Village Request" }, "geometry": { "type": "Point", "coordinates": [ 34.792826070000046, 30.694106820000059 ] } },
{ "type": "Feature", "properties": { "longitude": 34.918522897000059, "latitude": 31.144138333000058, "status": "Request", "source": "Bimkom", "type": "Village Request" }, "geometry": { "type": "Point", "coordinates": [ 34.918522897000059, 31.144138333000058 ] } },
{ "type": "Feature", "properties": { "longitude": 35.118316188000051, "latitude": 31.313660661000029, "status": "Request", "source": "Bimkom", "type": "Village Request" }, "geometry": { "type": "Point", "coordinates": [ 35.118316188000051, 31.313660661000029 ] } },
{ "type": "Feature", "properties": { "longitude": 34.819937801000037, "latitude": 31.159404170000073, "status": "Request", "source": "Bimkom", "type": "Village Request" }, "geometry": { "type": "Point", "coordinates": [ 34.819937801000037, 31.159404170000073 ] } },
{ "type": "Feature", "properties": { "longitude": 35.1105454, "latitude": 31.2501297000001, "status": "Request", "source": "Bimkom", "type": "Village Request" }, "geometry": { "type": "Point", "coordinates": [ 35.110545400000035, 31.250129700000059 ] } },
{ "type": "Feature", "properties": { "longitude": 35.126896703000057, "latitude": 31.238018010000076, "status": "Request", "source": "Bimkom", "type": "Village Request" }, "geometry": { "type": "Point", "coordinates": [ 35.126896703000057, 31.238018010000076 ] } },
{ "type": "Feature", "properties": { "longitude": 34.833488120000027, "latitude": 31.224502309000059, "status": "Request", "source": "Bimkom", "type": "Village Request" }, "geometry": { "type": "Point", "coordinates": [ 34.833488120000027, 31.224502309000059 ] } },
{ "type": "Feature", "properties": { "longitude": 35.13496153300008, "latitude": 31.220706621000033, "status": "Request", "source": "Bimkom", "type": "Village Request" }, "geometry": { "type": "Point", "coordinates": [ 35.13496153300008, 31.220706621000033 ] } },
{ "type": "Feature", "properties": { "longitude": 35.136820881000062, "latitude": 31.235479045000034, "status": "Request", "source": "Bimkom", "type": "Village Request" }, "geometry": { "type": "Point", "coordinates": [ 35.136820881000062, 31.235479045000034 ] } },
{ "type": "Feature", "properties": { "longitude": 34.839362597000047, "latitude": 31.312661724000066, "status": "Request", "source": "Bimkom", "type": "Village Request" }, "geometry": { "type": "Point", "coordinates": [ 34.839362597000047, 31.312661724000066 ] } },
{ "type": "Feature", "properties": { "longitude": 35.121619053000074, "latitude": 31.243255357000066, "status": "Request", "source": "Bimkom", "type": "Village Request" }, "geometry": { "type": "Point", "coordinates": [ 35.121619053000074, 31.243255357000066 ] } },
{ "type": "Feature", "properties": { "longitude": 35.153631119000067, "latitude": 31.245090983000068, "status": "Request", "source": "Bimkom", "type": "Village Request" }, "geometry": { "type": "Point", "coordinates": [ 35.153631119000067, 31.245090983000068 ] } },
{ "type": "Feature", "properties": { "longitude": 35.126949937000063, "latitude": 31.23796651400005, "status": "Request", "source": "Bimkom", "type": "Village Request" }, "geometry": { "type": "Point", "coordinates": [ 35.126949937000063, 31.23796651400005 ] } },
{ "type": "Feature", "properties": { "longitude": 35.1230372000001, "latitude": 31.2468872000001, "status": "Request", "source": "Bimkom", "type": "Village Request" }, "geometry": { "type": "Point", "coordinates": [ 35.123037200000056, 31.24688720000006 ] } },
{ "type": "Feature", "properties": { "longitude": 34.854882907000047, "latitude": 31.257926511000051, "status": "Request", "source": "Bimkom", "type": "Village Request" }, "geometry": { "type": "Point", "coordinates": [ 34.854882907000047, 31.257926511000051 ] } },
{ "type": "Feature", "properties": { "longitude": 35.134991788000036, "latitude": 31.220705699000064, "status": "Request", "source": "Bimkom", "type": "Village Request" }, "geometry": { "type": "Point", "coordinates": [ 35.134991788000036, 31.220705699000064 ] } },
{ "type": "Feature", "properties": { "longitude": 35.14073888300004, "latitude": 31.234260941000059, "status": "Request", "source": "Bimkom", "type": "Village Request" }, "geometry": { "type": "Point", "coordinates": [ 35.14073888300004, 31.234260941000059 ] } },
{ "type": "Feature", "properties": { "longitude": 35.024276637000071, "latitude": 31.10754031700003, "status": "Request", "source": "Bimkom", "type": "Village Request" }, "geometry": { "type": "Point", "coordinates": [ 35.024276637000071, 31.10754031700003 ] } },
{ "type": "Feature", "properties": { "longitude": 35.1218449, "latitude": 31.2401709000001, "status": "Request", "source": "Bimkom", "type": "Village Request" }, "geometry": { "type": "Point", "coordinates": [ 35.121844900000042, 31.240170900000066 ] } },
{ "type": "Feature", "properties": { "longitude": 35.161442128000033, "latitude": 31.225375361000033, "status": "Request", "source": "Bimkom", "type": "Village Request" }, "geometry": { "type": "Point", "coordinates": [ 35.161442128000033, 31.225375361000033 ] } },
{ "type": "Feature", "properties": { "longitude": 35.122185257000069, "latitude": 31.243633771000077, "status": "Request", "source": "Bimkom", "type": "Village Request" }, "geometry": { "type": "Point", "coordinates": [ 35.122185257000069, 31.243633771000077 ] } },
{ "type": "Feature", "properties": { "longitude": 35.1166403, "latitude": 31.2403831, "status": "Request", "source": "Bimkom", "type": "Village Request" }, "geometry": { "type": "Point", "coordinates": [ 35.116640300000029, 31.240383100000031 ] } },
{ "type": "Feature", "properties": { "longitude": 35.023151299000062, "latitude": 31.110256633000063, "status": "Request", "source": "Bimkom", "type": "Village Request" }, "geometry": { "type": "Point", "coordinates": [ 35.023151299000062, 31.110256633000063 ] } },
{ "type": "Feature", "properties": { "longitude": 35.1215566000001, "latitude": 31.2401951000001, "status": "Request", "source": "Bimkom", "type": "Village Request" }, "geometry": { "type": "Point", "coordinates": [ 35.121556600000076, 31.240195100000051 ] } },
{ "type": "Feature", "properties": { "longitude": 35.12622, "latitude": 31.27775, "status": "Request", "source": "Bimkom", "type": "Village Request" }, "geometry": { "type": "Point", "coordinates": [ 35.12622, 31.27775 ] } },
{ "type": "Feature", "properties": { "longitude": 34.769907476000071, "latitude": 30.871838756000045, "status": "Request", "source": "Bimkom", "type": "Village Request" }, "geometry": { "type": "Point", "coordinates": [ 34.769907476000071, 30.871838756000045 ] } },
{ "type": "Feature", "properties": { "longitude": 35.15230112900008, "latitude": 31.24674569900003, "status": "Request", "source": "Bimkom", "type": "Village Request" }, "geometry": { "type": "Point", "coordinates": [ 35.15230112900008, 31.24674569900003 ] } },
{ "type": "Feature", "properties": { "longitude": 35.128637753000078, "latitude": 31.243510065000066, "status": "Request", "source": "Bimkom", "type": "Village Request" }, "geometry": { "type": "Point", "coordinates": [ 35.128637753000078, 31.243510065000066 ] } },
{ "type": "Feature", "properties": { "longitude": 34.9334973000001, "latitude": 31.1834425000001, "status": "Request", "source": "Bimkom", "type": "Village Request" }, "geometry": { "type": "Point", "coordinates": [ 34.933497300000056, 31.183442500000069 ] } },
{ "type": "Feature", "properties": { "longitude": 35.122896496000067, "latitude": 31.228112373000044, "status": "Request", "source": "Bimkom", "type": "Village Request" }, "geometry": { "type": "Point", "coordinates": [ 35.122896496000067, 31.228112373000044 ] } },
{ "type": "Feature", "properties": { "longitude": 35.12375, "latitude": 31.2351767000001, "status": "Request", "source": "Bimkom", "type": "Village Request" }, "geometry": { "type": "Point", "coordinates": [ 35.12375, 31.235176700000068 ] } },
{ "type": "Feature", "properties": { "longitude": 34.992036854000048, "latitude": 31.199816708000071, "status": "Request", "source": "Bimkom", "type": "Village Request" }, "geometry": { "type": "Point", "coordinates": [ 34.992036854000048, 31.199816708000071 ] } },
{ "type": "Feature", "properties": { "longitude": 34.927496765000058, "latitude": 30.79095684400005, "status": "Request", "source": "Bimkom", "type": "Village Request" }, "geometry": { "type": "Point", "coordinates": [ 34.927496765000058, 30.79095684400005 ] } },
{ "type": "Feature", "properties": { "longitude": 34.943091916000071, "latitude": 31.206780416000072, "status": "Built", "source": "Bimkom", "type": "Village Request" }, "geometry": { "type": "Point", "coordinates": [ 34.943091916000071, 31.206780416000072 ] } },
{ "type": "Feature", "properties": { "longitude": 34.871260266000036, "latitude": 30.838132166000037, "status": "Request", "source": "Bimkom", "type": "Village Request" }, "geometry": { "type": "Point", "coordinates": [ 34.871260266000036, 30.838132166000037 ] } },
{ "type": "Feature", "properties": { "longitude": 34.969053940000038, "latitude": 31.126522515000033, "status": "Request", "source": "Bimkom", "type": "Village Request" }, "geometry": { "type": "Point", "coordinates": [ 34.969053940000038, 31.126522515000033 ] } },
{ "type": "Feature", "properties": { "longitude": 35.002974556000026, "latitude": 31.230763429000035, "status": "Built", "source": "Bimkom", "type": "Village Request" }, "geometry": { "type": "Point", "coordinates": [ 35.002974556000026, 31.230763429000035 ] } },
{ "type": "Feature", "properties": { "longitude": 35.0012433000001, "latitude": 31.2302467000001, "status": "Request", "source": "Bimkom", "type": "Village Request" }, "geometry": { "type": "Point", "coordinates": [ 35.001243300000056, 31.230246700000066 ] } },
{ "type": "Feature", "properties": { "longitude": 35.131680741000025, "latitude": 31.229666088000045, "status": "Request", "source": "Bimkom", "type": "Village Request" }, "geometry": { "type": "Point", "coordinates": [ 35.131680741000025, 31.229666088000045 ] } },
{ "type": "Feature", "properties": { "longitude": 34.74748788900007, "latitude": 31.363184310000065, "status": "Request", "source": "Bimkom", "type": "Village Request" }, "geometry": { "type": "Point", "coordinates": [ 34.74748788900007, 31.363184310000065 ] } },
{ "type": "Feature", "properties": { "longitude": 35.024981466000042, "latitude": 31.107544089000044, "status": "Request", "source": "Bimkom", "type": "Village Request" }, "geometry": { "type": "Point", "coordinates": [ 35.024981466000042, 31.107544089000044 ] } },
{ "type": "Feature", "properties": { "longitude": 35.124731490000045, "latitude": 31.248924437000028, "status": "Request", "source": "Bimkom", "type": "Village Request" }, "geometry": { "type": "Point", "coordinates": [ 35.124731490000045, 31.248924437000028 ] } },
{ "type": "Feature", "properties": { "longitude": 35.127947401000029, "latitude": 31.234189384000047, "status": "Request", "source": "Bimkom", "type": "Village Request" }, "geometry": { "type": "Point", "coordinates": [ 35.127947401000029, 31.234189384000047 ] } },
{ "type": "Feature", "properties": { "longitude": 34.951507375000062, "latitude": 31.111231248000024, "status": "Request", "source": "Bimkom", "type": "Village Request" }, "geometry": { "type": "Point", "coordinates": [ 34.951507375000062, 31.111231248000024 ] } },
{ "type": "Feature", "properties": { "longitude": 34.9226849, "latitude": 31.1887725, "status": "Request", "source": "Bimkom", "type": "Village Request" }, "geometry": { "type": "Point", "coordinates": [ 34.922684900000036, 31.188772500000027 ] } },
{ "type": "Feature", "properties": { "longitude": 34.951312078000058, "latitude": 31.110470520000035, "status": "Request", "source": "Bimkom", "type": "Village Request" }, "geometry": { "type": "Point", "coordinates": [ 34.951312078000058, 31.110470520000035 ] } },
{ "type": "Feature", "properties": { "longitude": 35.154580715000066, "latitude": 31.242338492000044, "status": "Request", "source": "Bimkom", "type": "Village Request" }, "geometry": { "type": "Point", "coordinates": [ 35.154580715000066, 31.242338492000044 ] } },
{ "type": "Feature", "properties": { "longitude": 34.796584383000038, "latitude": 31.026288181000041, "status": "Request", "source": "Bimkom", "type": "Village Request" }, "geometry": { "type": "Point", "coordinates": [ 34.796584383000038, 31.026288181000041 ] } },
{ "type": "Feature", "properties": { "longitude": 34.831359612000028, "latitude": 31.094770704000041, "status": "Request", "source": "Bimkom", "type": "Village Request" }, "geometry": { "type": "Point", "coordinates": [ 34.831359612000028, 31.094770704000041 ] } },
{ "type": "Feature", "properties": { "longitude": 35.039067224000064, "latitude": 31.276966437000056, "status": "Request", "source": "Bimkom", "type": "Village Request" }, "geometry": { "type": "Point", "coordinates": [ 35.039067224000064, 31.276966437000056 ] } },
{ "type": "Feature", "properties": { "longitude": 34.968122380000068, "latitude": 31.122003545000041, "status": "Request", "source": "Bimkom", "type": "Village Request" }, "geometry": { "type": "Point", "coordinates": [ 34.968122380000068, 31.122003545000041 ] } },
{ "type": "Feature", "properties": { "longitude": 35.136117435000074, "latitude": 31.235354449000056, "status": "Request", "source": "Bimkom", "type": "Village Request" }, "geometry": { "type": "Point", "coordinates": [ 35.136117435000074, 31.235354449000056 ] } },
{ "type": "Feature", "properties": { "longitude": 35.136117435000074, "latitude": 31.235354449000056, "status": "Request", "source": "Bimkom", "type": "Village Request" }, "geometry": { "type": "Point", "coordinates": [ 35.136117435000074, 31.235354449000056 ] } },
{ "type": "Feature", "properties": { "longitude": 35.080040857000029, "latitude": 31.262254690000077, "status": "Request", "source": "Bimkom", "type": "Village Request" }, "geometry": { "type": "Point", "coordinates": [ 35.080040857000029, 31.262254690000077 ] } },
{ "type": "Feature", "properties": { "longitude": 35.080858963000026, "latitude": 31.263171982000074, "status": "Request", "source": "Bimkom", "type": "Village Request" }, "geometry": { "type": "Point", "coordinates": [ 35.080858963000026, 31.263171982000074 ] } },
{ "type": "Feature", "properties": { "longitude": 34.963892678000036, "latitude": 31.177888076000045, "status": "Request", "source": "Bimkom", "type": "Village Request" }, "geometry": { "type": "Point", "coordinates": [ 34.963892678000036, 31.177888076000045 ] } },
{ "type": "Feature", "properties": { "longitude": 34.954408240000078, "latitude": 31.137624811000023, "status": "Request", "source": "Bimkom", "type": "Village Request" }, "geometry": { "type": "Point", "coordinates": [ 34.954408240000078, 31.137624811000023 ] } },
{ "type": "Feature", "properties": { "longitude": 34.986349626000049, "latitude": 31.077473980000036, "status": "Request", "source": "Bimkom", "type": "Village Request" }, "geometry": { "type": "Point", "coordinates": [ 34.986349626000049, 31.077473980000036 ] } },
{ "type": "Feature", "properties": { "longitude": 34.98957702000007, "latitude": 31.160501554000064, "status": "Request", "source": "Bimkom", "type": "Village Request" }, "geometry": { "type": "Point", "coordinates": [ 34.98957702000007, 31.160501554000064 ] } },
{ "type": "Feature", "properties": { "longitude": 35.015581130000044, "latitude": 31.114942625000026, "status": "Request", "source": "Bimkom", "type": "Village Request" }, "geometry": { "type": "Point", "coordinates": [ 35.015581130000044, 31.114942625000026 ] } },
{ "type": "Feature", "properties": { "longitude": 35.05297272100006, "latitude": 31.231174682000074, "status": "Request", "source": "Bimkom", "type": "Village Request" }, "geometry": { "type": "Point", "coordinates": [ 35.05297272100006, 31.231174682000074 ] } },
{ "type": "Feature", "properties": { "longitude": 35.053026365000051, "latitude": 31.231142573000056, "status": "Request", "source": "Bimkom", "type": "Village Request" }, "geometry": { "type": "Point", "coordinates": [ 35.053026365000051, 31.231142573000056 ] } },
{ "type": "Feature", "properties": { "longitude": 35.051030801000024, "latitude": 31.23452773300005, "status": "Request", "source": "Bimkom", "type": "Village Request" }, "geometry": { "type": "Point", "coordinates": [ 35.051030801000024, 31.23452773300005 ] } },
{ "type": "Feature", "properties": { "longitude": 35.08095, "latitude": 31.24529, "status": "Request", "source": "Bimkom", "type": "Village Request" }, "geometry": { "type": "Point", "coordinates": [ 35.08095, 31.24529 ] } },
{ "type": "Feature", "properties": { "longitude": 34.893846458000041, "latitude": 31.265633962000038, "status": "Request", "source": "Bimkom", "type": "Village Request" }, "geometry": { "type": "Point", "coordinates": [ 34.893846458000041, 31.265633962000038 ] } },
{ "type": "Feature", "properties": { "longitude": 34.894830114000058, "latitude": 31.301156602000049, "status": "Request", "source": "Bimkom", "type": "Village Request" }, "geometry": { "type": "Point", "coordinates": [ 34.894830114000058, 31.301156602000049 ] } },
{ "type": "Feature", "properties": { "longitude": 34.891914831000065, "latitude": 31.267478096000048, "status": "Request", "source": "Bimkom", "type": "Village Request" }, "geometry": { "type": "Point", "coordinates": [ 34.891914831000065, 31.267478096000048 ] } },
{ "type": "Feature", "properties": { "longitude": 35.011179914000024, "latitude": 31.120022303000042, "status": "Request", "source": "Bimkom", "type": "Village Request" }, "geometry": { "type": "Point", "coordinates": [ 35.011179914000024, 31.120022303000042 ] } },
{ "type": "Feature", "properties": { "longitude": 35.024804725000024, "latitude": 31.225076406000028, "status": "Request", "source": "Bimkom", "type": "Village Request" }, "geometry": { "type": "Point", "coordinates": [ 35.024804725000024, 31.225076406000028 ] } },
{ "type": "Feature", "properties": { "longitude": 35.011665029000028, "latitude": 31.112504221000052, "status": "Request", "source": "Bimkom", "type": "Village Request" }, "geometry": { "type": "Point", "coordinates": [ 35.011665029000028, 31.112504221000052 ] } },
{ "type": "Feature", "properties": { "longitude": 35.0115163, "latitude": 31.1122521, "status": "Request", "source": "Bimkom", "type": "Village Request" }, "geometry": { "type": "Point", "coordinates": [ 35.011516300000039, 31.112252100000035 ] } },
{ "type": "Feature", "properties": { "longitude": 35.011651995000079, "latitude": 31.111581565000051, "status": "Request", "source": "Bimkom", "type": "Village Request" }, "geometry": { "type": "Point", "coordinates": [ 35.011651995000079, 31.111581565000051 ] } },
{ "type": "Feature", "properties": { "longitude": 34.787840279000079, "latitude": 31.230759823000028, "status": "Request", "source": "Bimkom", "type": "Village Request" }, "geometry": { "type": "Point", "coordinates": [ 34.787840279000079, 31.230759823000028 ] } },
{ "type": "Feature", "properties": { "longitude": 34.82625807900007, "latitude": 31.18146435400007, "status": "Request", "source": "Bimkom", "type": "Village Request" }, "geometry": { "type": "Point", "coordinates": [ 34.82625807900007, 31.18146435400007 ] } },
{ "type": "Feature", "properties": { "longitude": 35.011074764000057, "latitude": 31.118681593000076, "status": "Request", "source": "Bimkom", "type": "Village Request" }, "geometry": { "type": "Point", "coordinates": [ 35.011074764000057, 31.118681593000076 ] } },
{ "type": "Feature", "properties": { "longitude": 35.0096868000001, "latitude": 31.1385303000001, "status": "Request", "source": "Bimkom", "type": "Village Request" }, "geometry": { "type": "Point", "coordinates": [ 35.009686800000054, 31.13853030000007 ] } },
{ "type": "Feature", "properties": { "longitude": 35.00944862700004, "latitude": 31.137935141000071, "status": "Request", "source": "Bimkom", "type": "Village Request" }, "geometry": { "type": "Point", "coordinates": [ 35.00944862700004, 31.137935141000071 ] } },
{ "type": "Feature", "properties": { "longitude": 35.017467760000045, "latitude": 31.107923129000028, "status": "Request", "source": "Bimkom", "type": "Village Request" }, "geometry": { "type": "Point", "coordinates": [ 35.017467760000045, 31.107923129000028 ] } },
{ "type": "Feature", "properties": { "longitude": 35.0097316000001, "latitude": 31.1385343000001, "status": "Request", "source": "Bimkom", "type": "Village Request" }, "geometry": { "type": "Point", "coordinates": [ 35.009731600000066, 31.13853430000006 ] } },
{ "type": "Feature", "properties": { "longitude": 35.1261886, "latitude": 31.2779921000001, "status": "Request", "source": "Bimkom", "type": "Village Request" }, "geometry": { "type": "Point", "coordinates": [ 35.126188600000035, 31.277992100000063 ] } },
{ "type": "Feature", "properties": { "longitude": 35.138469049000037, "latitude": 31.234544603000074, "status": "Request", "source": "Bimkom", "type": "Village Request" }, "geometry": { "type": "Point", "coordinates": [ 35.138469049000037, 31.234544603000074 ] } },
{ "type": "Feature", "properties": { "longitude": 35.13219311000006, "latitude": 31.229158233000078, "status": "Request", "source": "Bimkom", "type": "Village Request" }, "geometry": { "type": "Point", "coordinates": [ 35.13219311000006, 31.229158233000078 ] } },
{ "type": "Feature", "properties": { "longitude": 35.137955978000036, "latitude": 31.234478618000026, "status": "Request", "source": "Bimkom", "type": "Village Request" }, "geometry": { "type": "Point", "coordinates": [ 35.137955978000036, 31.234478618000026 ] } },
{ "type": "Feature", "properties": { "longitude": 35.13836776900007, "latitude": 31.233224942000049, "status": "Request", "source": "Bimkom", "type": "Village Request" }, "geometry": { "type": "Point", "coordinates": [ 35.13836776900007, 31.233224942000049 ] } },
{ "type": "Feature", "properties": { "longitude": 35.089832655000066, "latitude": 31.189189189000047, "status": "Request", "source": "Bimkom", "type": "Village Request" }, "geometry": { "type": "Point", "coordinates": [ 35.089832655000066, 31.189189189000047 ] } },
{ "type": "Feature", "properties": { "longitude": 35.157100917000037, "latitude": 31.230836761000035, "status": "Request", "source": "Bimkom", "type": "Village Request" }, "geometry": { "type": "Point", "coordinates": [ 35.157100917000037, 31.230836761000035 ] } },
{ "type": "Feature", "properties": { "longitude": 35.157551749000049, "latitude": 31.230768156000067, "status": "Request", "source": "Bimkom", "type": "Village Request" }, "geometry": { "type": "Point", "coordinates": [ 35.157551749000049, 31.230768156000067 ] } },
{ "type": "Feature", "properties": { "longitude": 35.140374119000057, "latitude": 31.239569750000044, "status": "Request", "source": "Bimkom", "type": "Village Request" }, "geometry": { "type": "Point", "coordinates": [ 35.140374119000057, 31.239569750000044 ] } },
{ "type": "Feature", "properties": { "longitude": 35.146935116000066, "latitude": 31.230881392000072, "status": "Request", "source": "Bimkom", "type": "Village Request" }, "geometry": { "type": "Point", "coordinates": [ 35.146935116000066, 31.230881392000072 ] } },
{ "type": "Feature", "properties": { "longitude": 35.146880729000031, "latitude": 31.226215758000023, "status": "Request", "source": "Bimkom", "type": "Village Request" }, "geometry": { "type": "Point", "coordinates": [ 35.146880729000031, 31.226215758000023 ] } },
{ "type": "Feature", "properties": { "longitude": 35.146836576000055, "latitude": 31.224403332000065, "status": "Request", "source": "Bimkom", "type": "Village Request" }, "geometry": { "type": "Point", "coordinates": [ 35.146836576000055, 31.224403332000065 ] } },
{ "type": "Feature", "properties": { "longitude": 35.092363153000065, "latitude": 31.215188325000042, "status": "Request", "source": "Bimkom", "type": "Village Request" }, "geometry": { "type": "Point", "coordinates": [ 35.092363153000065, 31.215188325000042 ] } },
{ "type": "Feature", "properties": { "longitude": 35.024804725000024, "latitude": 30.900400425000043, "status": "Request", "source": "Bimkom", "type": "Village Request" }, "geometry": { "type": "Point", "coordinates": [ 35.024804725000024, 30.900400425000043 ] } },
{ "type": "Feature", "properties": { "longitude": 35.1451126000001, "latitude": 31.2330421, "status": "Request", "source": "Bimkom", "type": "Village Request" }, "geometry": { "type": "Point", "coordinates": [ 35.145112600000061, 31.233042100000034 ] } },
{ "type": "Feature", "properties": { "longitude": 35.1451131000001, "latitude": 31.2330398, "status": "Request", "source": "Bimkom", "type": "Village Request" }, "geometry": { "type": "Point", "coordinates": [ 35.14511310000006, 31.233039800000029 ] } },
{ "type": "Feature", "properties": { "longitude": 35.139067178000062, "latitude": 31.243675393000046, "status": "Request", "source": "Bimkom", "type": "Village Request" }, "geometry": { "type": "Point", "coordinates": [ 35.139067178000062, 31.243675393000046 ] } },
{ "type": "Feature", "properties": { "longitude": 35.1450821, "latitude": 31.2333853000001, "status": "Request", "source": "Bimkom", "type": "Village Request" }, "geometry": { "type": "Point", "coordinates": [ 35.145082100000025, 31.233385300000066 ] } },
{ "type": "Feature", "properties": { "longitude": 35.138464106000072, "latitude": 31.233681513000079, "status": "Request", "source": "Bimkom", "type": "Village Request" }, "geometry": { "type": "Point", "coordinates": [ 35.138464106000072, 31.233681513000079 ] } },
{ "type": "Feature", "properties": { "longitude": 34.921031326000048, "latitude": 31.190393530000051, "status": "Request", "source": "Bimkom", "type": "Village Request" }, "geometry": { "type": "Point", "coordinates": [ 34.921031326000048, 31.190393530000051 ] } },
{ "type": "Feature", "properties": { "longitude": 35.083287725859051, "latitude": 31.247858526329765, "status": "Built", "source": "Bimkom", "type": "Education" }, "geometry": { "type": "Point", "coordinates": [ 35.083287725859051, 31.247858526329765 ] } },
{ "type": "Feature", "properties": { "longitude": 35.030277538246267, "latitude": 31.154051780020847, "status": "Built", "source": "Bimkom", "type": "Education" }, "geometry": { "type": "Point", "coordinates": [ 35.030277538246267, 31.154051780020847 ] } },
{ "type": "Feature", "properties": { "longitude": 35.083287725859051, "latitude": 31.247858526329765, "status": "Built", "source": "Bimkom", "type": "Education" }, "geometry": { "type": "Point", "coordinates": [ 35.083287725859051, 31.247858526329765 ] } },
{ "type": "Feature", "properties": { "longitude": 35.085042174430356, "latitude": 31.24682296411283, "status": "Built", "source": "Bimkom", "type": "Education" }, "geometry": { "type": "Point", "coordinates": [ 35.085042174430356, 31.24682296411283 ] } },
{ "type": "Feature", "properties": { "longitude": 35.01792589648025, "latitude": 31.158057077364635, "status": "Built", "source": "Bimkom", "type": "Education" }, "geometry": { "type": "Point", "coordinates": [ 35.01792589648025, 31.158057077364635 ] } },
{ "type": "Feature", "properties": { "longitude": 35.030277538246267, "latitude": 31.154051780020847, "status": "Built", "source": "Bimkom", "type": "Education" }, "geometry": { "type": "Point", "coordinates": [ 35.030277538246267, 31.154051780020847 ] } },
{ "type": "Feature", "properties": { "longitude": 34.921163162836294, "latitude": 31.299129495853293, "status": "Built", "source": "Bimkom", "type": "Education" }, "geometry": { "type": "Point", "coordinates": [ 34.921163162836294, 31.299129495853293 ] } },
{ "type": "Feature", "properties": { "longitude": 35.010977637111111, "latitude": 31.160635354946962, "status": "Built", "source": "Bimkom", "type": "Education" }, "geometry": { "type": "Point", "coordinates": [ 35.010977637111111, 31.160635354946962 ] } },
{ "type": "Feature", "properties": { "longitude": 35.083287725859051, "latitude": 31.247858526329765, "status": "Built", "source": "Bimkom", "type": "Education" }, "geometry": { "type": "Point", "coordinates": [ 35.083287725859051, 31.247858526329765 ] } },
{ "type": "Feature", "properties": { "longitude": 35.083287725859051, "latitude": 31.247858526329765, "status": "Built", "source": "Bimkom", "type": "Education" }, "geometry": { "type": "Point", "coordinates": [ 35.083287725859051, 31.247858526329765 ] } },
{ "type": "Feature", "properties": { "longitude": 34.924505468819092, "latitude": 31.298388243998222, "status": "Built", "source": "Bimkom", "type": "Education" }, "geometry": { "type": "Point", "coordinates": [ 34.924505468819092, 31.298388243998222 ] } },
{ "type": "Feature", "properties": { "longitude": 34.924505468819092, "latitude": 31.298388243998222, "status": "Built", "source": "Bimkom", "type": "Education" }, "geometry": { "type": "Point", "coordinates": [ 34.924505468819092, 31.298388243998222 ] } },
{ "type": "Feature", "properties": { "longitude": 34.948652420810944, "latitude": 31.302434060472223, "status": "Built", "source": "Bimkom", "type": "Education" }, "geometry": { "type": "Point", "coordinates": [ 34.948652420810944, 31.302434060472223 ] } },
{ "type": "Feature", "properties": { "longitude": 35.010977637111111, "latitude": 31.160635354946962, "status": "Built", "source": "Bimkom", "type": "Education" }, "geometry": { "type": "Point", "coordinates": [ 35.010977637111111, 31.160635354946962 ] } },
{ "type": "Feature", "properties": { "longitude": 35.09126955600852, "latitude": 31.244970650634901, "status": "Built", "source": "Bimkom", "type": "Education" }, "geometry": { "type": "Point", "coordinates": [ 35.09126955600852, 31.244970650634901 ] } },
{ "type": "Feature", "properties": { "longitude": 34.919869707132605, "latitude": 31.303131095206005, "status": "Built", "source": "Bimkom", "type": "Education" }, "geometry": { "type": "Point", "coordinates": [ 34.919869707132605, 31.303131095206005 ] } },
{ "type": "Feature", "properties": { "longitude": 35.093137070966712, "latitude": 31.245865180327623, "status": "Built", "source": "Bimkom", "type": "Education" }, "geometry": { "type": "Point", "coordinates": [ 35.093137070966712, 31.245865180327623 ] } },
{ "type": "Feature", "properties": { "longitude": 35.061642410321568, "latitude": 31.240025690797253, "status": "Built", "source": "Bimkom", "type": "Education" }, "geometry": { "type": "Point", "coordinates": [ 35.061642410321568, 31.240025690797253 ] } },
{ "type": "Feature", "properties": { "longitude": 34.866977149866059, "latitude": 31.322276613237886, "status": "Built", "source": "Bimkom", "type": "Education" }, "geometry": { "type": "Point", "coordinates": [ 34.866977149866059, 31.322276613237886 ] } },
{ "type": "Feature", "properties": { "longitude": 35.010977637111111, "latitude": 31.160635354946962, "status": "Built", "source": "Bimkom", "type": "Education" }, "geometry": { "type": "Point", "coordinates": [ 35.010977637111111, 31.160635354946962 ] } },
{ "type": "Feature", "properties": { "longitude": 34.758610827141986, "latitude": 31.403972791411562, "status": "Built", "source": "Bimkom", "type": "Education" }, "geometry": { "type": "Point", "coordinates": [ 34.758610827141986, 31.403972791411562 ] } },
{ "type": "Feature", "properties": { "longitude": 34.939424533970893, "latitude": 31.293134728384025, "status": "Built", "source": "Bimkom", "type": "Education" }, "geometry": { "type": "Point", "coordinates": [ 34.939424533970893, 31.293134728384025 ] } },
{ "type": "Feature", "properties": { "longitude": 35.093137070966712, "latitude": 31.245865180327623, "status": "Built", "source": "Bimkom", "type": "Education" }, "geometry": { "type": "Point", "coordinates": [ 35.093137070966712, 31.245865180327623 ] } },
{ "type": "Feature", "properties": { "longitude": 35.064984924112075, "latitude": 31.251267246987144, "status": "Built", "source": "Bimkom", "type": "Education" }, "geometry": { "type": "Point", "coordinates": [ 35.064984924112075, 31.251267246987144 ] } },
{ "type": "Feature", "properties": { "longitude": 34.866254909922489, "latitude": 31.324466329417959, "status": "Built", "source": "Bimkom", "type": "Education" }, "geometry": { "type": "Point", "coordinates": [ 34.866254909922489, 31.324466329417959 ] } },
{ "type": "Feature", "properties": { "longitude": 34.930648960477697, "latitude": 31.302369875362796, "status": "Built", "source": "Bimkom", "type": "Education" }, "geometry": { "type": "Point", "coordinates": [ 34.930648960477697, 31.302369875362796 ] } },
{ "type": "Feature", "properties": { "longitude": 34.866254909922489, "latitude": 31.324466329417959, "status": "Built", "source": "Bimkom", "type": "Education" }, "geometry": { "type": "Point", "coordinates": [ 34.866254909922489, 31.324466329417959 ] } },
{ "type": "Feature", "properties": { "longitude": 34.924505468819092, "latitude": 31.298388243998222, "status": "Built", "source": "Bimkom", "type": "Education" }, "geometry": { "type": "Point", "coordinates": [ 34.924505468819092, 31.298388243998222 ] } },
{ "type": "Feature", "properties": { "longitude": 34.930648960477697, "latitude": 31.302369875362796, "status": "Built", "source": "Bimkom", "type": "Education" }, "geometry": { "type": "Point", "coordinates": [ 34.930648960477697, 31.302369875362796 ] } },
{ "type": "Feature", "properties": { "longitude": 35.064984924112075, "latitude": 31.251267246987144, "status": "Built", "source": "Bimkom", "type": "Education" }, "geometry": { "type": "Point", "coordinates": [ 35.064984924112075, 31.251267246987144 ] } },
{ "type": "Feature", "properties": { "longitude": 35.006406922572467, "latitude": 31.149516645732415, "status": "Built", "source": "Bimkom", "type": "Education" }, "geometry": { "type": "Point", "coordinates": [ 35.006406922572467, 31.149516645732415 ] } },
{ "type": "Feature", "properties": { "longitude": 35.098051506500099, "latitude": 31.244498429193733, "status": "Built", "source": "Bimkom", "type": "Education" }, "geometry": { "type": "Point", "coordinates": [ 35.098051506500099, 31.244498429193733 ] } },
{ "type": "Feature", "properties": { "longitude": 34.742606820966024, "latitude": 31.376065936904332, "status": "Built", "source": "Bimkom", "type": "Education" }, "geometry": { "type": "Point", "coordinates": [ 34.742606820966024, 31.376065936904332 ] } },
{ "type": "Feature", "properties": { "longitude": 34.930995195165529, "latitude": 31.302505899011432, "status": "Built", "source": "Bimkom", "type": "Education" }, "geometry": { "type": "Point", "coordinates": [ 34.930995195165529, 31.302505899011432 ] } },
{ "type": "Feature", "properties": { "longitude": 34.848676537623767, "latitude": 31.249326254623309, "status": "Built", "source": "Bimkom", "type": "Education" }, "geometry": { "type": "Point", "coordinates": [ 34.848676537623767, 31.249326254623309 ] } },
{ "type": "Feature", "properties": { "longitude": 34.848676537623767, "latitude": 31.249326254623309, "status": "Built", "source": "Bimkom", "type": "Education" }, "geometry": { "type": "Point", "coordinates": [ 34.848676537623767, 31.249326254623309 ] } },
{ "type": "Feature", "properties": { "longitude": 34.848676537623767, "latitude": 31.249326254623309, "status": "Built", "source": "Bimkom", "type": "Education" }, "geometry": { "type": "Point", "coordinates": [ 34.848676537623767, 31.249326254623309 ] } },
{ "type": "Feature", "properties": { "longitude": 34.860564093904678, "latitude": 31.248258278868079, "status": "Built", "source": "Bimkom", "type": "Education" }, "geometry": { "type": "Point", "coordinates": [ 34.860564093904678, 31.248258278868079 ] } },
{ "type": "Feature", "properties": { "longitude": 34.848676537623767, "latitude": 31.249326254623309, "status": "Built", "source": "Bimkom", "type": "Education" }, "geometry": { "type": "Point", "coordinates": [ 34.848676537623767, 31.249326254623309 ] } },
{ "type": "Feature", "properties": { "longitude": 34.848676537623767, "latitude": 31.249326254623309, "status": "Built", "source": "Bimkom", "type": "Education" }, "geometry": { "type": "Point", "coordinates": [ 34.848676537623767, 31.249326254623309 ] } },
{ "type": "Feature", "properties": { "longitude": 34.942418576916282, "latitude": 31.292870300093476, "status": "Built", "source": "Bimkom", "type": "Education" }, "geometry": { "type": "Point", "coordinates": [ 34.942418576916282, 31.292870300093476 ] } },
{ "type": "Feature", "properties": { "longitude": 34.914093656787848, "latitude": 31.282211977311238, "status": "Built", "source": "Bimkom", "type": "Education" }, "geometry": { "type": "Point", "coordinates": [ 34.914093656787848, 31.282211977311238 ] } },
{ "type": "Feature", "properties": { "longitude": 35.071311254540703, "latitude": 31.291562432384531, "status": "Built", "source": "Bimkom", "type": "Education" }, "geometry": { "type": "Point", "coordinates": [ 35.071311254540703, 31.291562432384531 ] } },
{ "type": "Feature", "properties": { "longitude": 34.743897194473803, "latitude": 31.385215699179355, "status": "Built", "source": "Bimkom", "type": "Education" }, "geometry": { "type": "Point", "coordinates": [ 34.743897194473803, 31.385215699179355 ] } },
{ "type": "Feature", "properties": { "longitude": 34.771161736386979, "latitude": 31.395709474450037, "status": "Built", "source": "Bimkom", "type": "Education" }, "geometry": { "type": "Point", "coordinates": [ 34.771161736386979, 31.395709474450037 ] } },
{ "type": "Feature", "properties": { "longitude": 35.006406922572467, "latitude": 31.149516645732415, "status": "Built", "source": "Bimkom", "type": "Education" }, "geometry": { "type": "Point", "coordinates": [ 35.006406922572467, 31.149516645732415 ] } },
{ "type": "Feature", "properties": { "longitude": 34.942130022818283, "latitude": 31.302249538958538, "status": "Built", "source": "Bimkom", "type": "Education" }, "geometry": { "type": "Point", "coordinates": [ 34.942130022818283, 31.302249538958538 ] } },
{ "type": "Feature", "properties": { "longitude": 35.101338114580535, "latitude": 31.24368036359024, "status": "Built", "source": "Bimkom", "type": "Education" }, "geometry": { "type": "Point", "coordinates": [ 35.101338114580535, 31.24368036359024 ] } },
{ "type": "Feature", "properties": { "longitude": 34.743991132257968, "latitude": 31.391817832411238, "status": "Built", "source": "Bimkom", "type": "Education" }, "geometry": { "type": "Point", "coordinates": [ 34.743991132257968, 31.391817832411238 ] } },
{ "type": "Feature", "properties": { "longitude": 34.739689666719443, "latitude": 31.387825002076497, "status": "Built", "source": "Bimkom", "type": "Education" }, "geometry": { "type": "Point", "coordinates": [ 34.739689666719443, 31.387825002076497 ] } },
{ "type": "Feature", "properties": { "longitude": 34.742757535702324, "latitude": 31.396827869935734, "status": "Built", "source": "Bimkom", "type": "Education" }, "geometry": { "type": "Point", "coordinates": [ 34.742757535702324, 31.396827869935734 ] } },
{ "type": "Feature", "properties": { "longitude": 34.754384888770744, "latitude": 31.399331360954235, "status": "Built", "source": "Bimkom", "type": "Education" }, "geometry": { "type": "Point", "coordinates": [ 34.754384888770744, 31.399331360954235 ] } },
{ "type": "Feature", "properties": { "longitude": 35.061642410321568, "latitude": 31.240025690797253, "status": "Built", "source": "Bimkom", "type": "Education" }, "geometry": { "type": "Point", "coordinates": [ 35.061642410321568, 31.240025690797253 ] } },
{ "type": "Feature", "properties": { "longitude": 34.942130022818283, "latitude": 31.302249538958538, "status": "Built", "source": "Bimkom", "type": "Education" }, "geometry": { "type": "Point", "coordinates": [ 34.942130022818283, 31.302249538958538 ] } },
{ "type": "Feature", "properties": { "longitude": 34.748061261320046, "latitude": 31.395890864387077, "status": "Built", "source": "Bimkom", "type": "Education" }, "geometry": { "type": "Point", "coordinates": [ 34.748061261320046, 31.395890864387077 ] } },
{ "type": "Feature", "properties": { "longitude": 35.061642410321568, "latitude": 31.240025690797253, "status": "Built", "source": "Bimkom", "type": "Education" }, "geometry": { "type": "Point", "coordinates": [ 35.061642410321568, 31.240025690797253 ] } },
{ "type": "Feature", "properties": { "longitude": 35.093137070966712, "latitude": 31.245865180327623, "status": "Built", "source": "Bimkom", "type": "Education" }, "geometry": { "type": "Point", "coordinates": [ 35.093137070966712, 31.245865180327623 ] } },
{ "type": "Feature", "properties": { "longitude": 35.083287725859051, "latitude": 31.247858526329765, "status": "Built", "source": "Bimkom", "type": "Education" }, "geometry": { "type": "Point", "coordinates": [ 35.083287725859051, 31.247858526329765 ] } },
{ "type": "Feature", "properties": { "longitude": 35.083287725859051, "latitude": 31.247858526329765, "status": "Built", "source": "Bimkom", "type": "Education" }, "geometry": { "type": "Point", "coordinates": [ 35.083287725859051, 31.247858526329765 ] } },
{ "type": "Feature", "properties": { "longitude": 35.083287725859051, "latitude": 31.247858526329765, "status": "Built", "source": "Bimkom", "type": "Education" }, "geometry": { "type": "Point", "coordinates": [ 35.083287725859051, 31.247858526329765 ] } },
{ "type": "Feature", "properties": { "longitude": 35.083287725859051, "latitude": 31.247858526329765, "status": "Built", "source": "Bimkom", "type": "Education" }, "geometry": { "type": "Point", "coordinates": [ 35.083287725859051, 31.247858526329765 ] } },
{ "type": "Feature", "properties": { "longitude": 35.083287725859051, "latitude": 31.247858526329765, "status": "Built", "source": "Bimkom", "type": "Education" }, "geometry": { "type": "Point", "coordinates": [ 35.083287725859051, 31.247858526329765 ] } },
{ "type": "Feature", "properties": { "longitude": 34.866254909922489, "latitude": 31.324466329417959, "status": "Built", "source": "Bimkom", "type": "Education" }, "geometry": { "type": "Point", "coordinates": [ 34.866254909922489, 31.324466329417959 ] } },
{ "type": "Feature", "properties": { "longitude": 35.102308702705166, "latitude": 31.23919860564914, "status": "Built", "source": "Bimkom", "type": "Education" }, "geometry": { "type": "Point", "coordinates": [ 35.102308702705166, 31.23919860564914 ] } },
{ "type": "Feature", "properties": { "longitude": 34.861455293084369, "latitude": 31.248567309634215, "status": "Built", "source": "Bimkom", "type": "Education" }, "geometry": { "type": "Point", "coordinates": [ 34.861455293084369, 31.248567309634215 ] } },
{ "type": "Feature", "properties": { "longitude": 34.961265506730854, "latitude": 31.254143257777994, "status": "Built", "source": "Bimkom", "type": "Education" }, "geometry": { "type": "Point", "coordinates": [ 34.961265506730854, 31.254143257777994 ] } },
{ "type": "Feature", "properties": { "longitude": 34.771161736386979, "latitude": 31.395709474450037, "status": "Built", "source": "Bimkom", "type": "Education" }, "geometry": { "type": "Point", "coordinates": [ 34.771161736386979, 31.395709474450037 ] } },
{ "type": "Feature", "properties": { "longitude": 34.866153169854762, "latitude": 31.247073569496958, "status": "Built", "source": "Bimkom", "type": "Education" }, "geometry": { "type": "Point", "coordinates": [ 34.866153169854762, 31.247073569496958 ] } },
{ "type": "Feature", "properties": { "longitude": 34.859980636959065, "latitude": 31.330789995682871, "status": "Built", "source": "Bimkom", "type": "Education" }, "geometry": { "type": "Point", "coordinates": [ 34.859980636959065, 31.330789995682871 ] } },
{ "type": "Feature", "properties": { "longitude": 35.069486162183956, "latitude": 31.253030790298368, "status": "Built", "source": "Bimkom", "type": "Education" }, "geometry": { "type": "Point", "coordinates": [ 35.069486162183956, 31.253030790298368 ] } },
{ "type": "Feature", "properties": { "longitude": 34.751295372506078, "latitude": 31.407717007503766, "status": "Built", "source": "Bimkom", "type": "Education" }, "geometry": { "type": "Point", "coordinates": [ 34.751295372506078, 31.407717007503766 ] } },
{ "type": "Feature", "properties": { "longitude": 34.932240506553654, "latitude": 31.300470238312155, "status": "Built", "source": "Bimkom", "type": "Education" }, "geometry": { "type": "Point", "coordinates": [ 34.932240506553654, 31.300470238312155 ] } },
{ "type": "Feature", "properties": { "longitude": 34.919869707132605, "latitude": 31.303131095206005, "status": "Built", "source": "Bimkom", "type": "Education" }, "geometry": { "type": "Point", "coordinates": [ 34.919869707132605, 31.303131095206005 ] } },
{ "type": "Feature", "properties": { "longitude": 34.858376788552533, "latitude": 31.324030456731428, "status": "Built", "source": "Bimkom", "type": "Education" }, "geometry": { "type": "Point", "coordinates": [ 34.858376788552533, 31.324030456731428 ] } },
{ "type": "Feature", "properties": { "longitude": 34.91970551035336, "latitude": 31.284380099521055, "status": "Built", "source": "Bimkom", "type": "Education" }, "geometry": { "type": "Point", "coordinates": [ 34.91970551035336, 31.284380099521055 ] } },
{ "type": "Feature", "properties": { "longitude": 35.088811140602161, "latitude": 31.246600932070201, "status": "Built", "source": "Bimkom", "type": "Education" }, "geometry": { "type": "Point", "coordinates": [ 35.088811140602161, 31.246600932070201 ] } },
{ "type": "Feature", "properties": { "longitude": 34.857889345513058, "latitude": 31.247655834170551, "status": "Built", "source": "Bimkom", "type": "Education" }, "geometry": { "type": "Point", "coordinates": [ 34.857889345513058, 31.247655834170551 ] } },
{ "type": "Feature", "properties": { "longitude": 34.921163162836294, "latitude": 31.299129495853293, "status": "Built", "source": "Bimkom", "type": "Education" }, "geometry": { "type": "Point", "coordinates": [ 34.921163162836294, 31.299129495853293 ] } },
{ "type": "Feature", "properties": { "longitude": 35.086266325994536, "latitude": 31.233250228259177, "status": "Built", "source": "Bimkom", "type": "Education" }, "geometry": { "type": "Point", "coordinates": [ 35.086266325994536, 31.233250228259177 ] } },
{ "type": "Feature", "properties": { "longitude": 34.852491404548047, "latitude": 31.248218389209946, "status": "Built", "source": "Bimkom", "type": "Education" }, "geometry": { "type": "Point", "coordinates": [ 34.852491404548047, 31.248218389209946 ] } },
{ "type": "Feature", "properties": { "longitude": 34.756080447953096, "latitude": 31.398760096978879, "status": "Built", "source": "Bimkom", "type": "Education" }, "geometry": { "type": "Point", "coordinates": [ 34.756080447953096, 31.398760096978879 ] } },
{ "type": "Feature", "properties": { "longitude": 34.738995269961826, "latitude": 31.387930709301116, "status": "Built", "source": "Bimkom", "type": "Education" }, "geometry": { "type": "Point", "coordinates": [ 34.738995269961826, 31.387930709301116 ] } },
{ "type": "Feature", "properties": { "longitude": 34.749137257646723, "latitude": 31.395155145544116, "status": "Built", "source": "Bimkom", "type": "Education" }, "geometry": { "type": "Point", "coordinates": [ 34.749137257646723, 31.395155145544116 ] } },
{ "type": "Feature", "properties": { "longitude": 34.765136952575965, "latitude": 31.39348837073819, "status": "Built", "source": "Bimkom", "type": "Education" }, "geometry": { "type": "Point", "coordinates": [ 34.765136952575965, 31.39348837073819 ] } },
{ "type": "Feature", "properties": { "longitude": 35.01792589648025, "latitude": 31.158057077364635, "status": "Built", "source": "Bimkom", "type": "Education" }, "geometry": { "type": "Point", "coordinates": [ 35.01792589648025, 31.158057077364635 ] } },
{ "type": "Feature", "properties": { "longitude": 34.771136938261563, "latitude": 31.39653010612259, "status": "Built", "source": "Bimkom", "type": "Education" }, "geometry": { "type": "Point", "coordinates": [ 34.771136938261563, 31.39653010612259 ] } },
{ "type": "Feature", "properties": { "longitude": 34.741728070540738, "latitude": 31.392350815113609, "status": "Built", "source": "Bimkom", "type": "Education" }, "geometry": { "type": "Point", "coordinates": [ 34.741728070540738, 31.392350815113609 ] } },
{ "type": "Feature", "properties": { "longitude": 34.856329118086137, "latitude": 31.318036304248373, "status": "Built", "source": "Bimkom", "type": "Education" }, "geometry": { "type": "Point", "coordinates": [ 34.856329118086137, 31.318036304248373 ] } },
{ "type": "Feature", "properties": { "longitude": 34.867893188066709, "latitude": 31.253725216268364, "status": "Built", "source": "Bimkom", "type": "Education" }, "geometry": { "type": "Point", "coordinates": [ 34.867893188066709, 31.253725216268364 ] } },
{ "type": "Feature", "properties": { "longitude": 34.76289621929574, "latitude": 31.396005950585554, "status": "Built", "source": "Bimkom", "type": "Education" }, "geometry": { "type": "Point", "coordinates": [ 34.76289621929574, 31.396005950585554 ] } },
{ "type": "Feature", "properties": { "longitude": 34.861127878574976, "latitude": 31.254915880688557, "status": "Built", "source": "Bimkom", "type": "Education" }, "geometry": { "type": "Point", "coordinates": [ 34.861127878574976, 31.254915880688557 ] } },
{ "type": "Feature", "properties": { "longitude": 35.094274189957893, "latitude": 31.242961985683582, "status": "Built", "source": "Bimkom", "type": "Education" }, "geometry": { "type": "Point", "coordinates": [ 35.094274189957893, 31.242961985683582 ] } },
{ "type": "Feature", "properties": { "longitude": 35.02568341638419, "latitude": 31.159953114674714, "status": "Built", "source": "Bimkom", "type": "Education" }, "geometry": { "type": "Point", "coordinates": [ 35.02568341638419, 31.159953114674714 ] } },
{ "type": "Feature", "properties": { "longitude": 34.760455934054093, "latitude": 31.398450647857587, "status": "Built", "source": "Bimkom", "type": "Education" }, "geometry": { "type": "Point", "coordinates": [ 34.760455934054093, 31.398450647857587 ] } },
{ "type": "Feature", "properties": { "longitude": 34.919869707132605, "latitude": 31.303131095206005, "status": "Built", "source": "Bimkom", "type": "Education" }, "geometry": { "type": "Point", "coordinates": [ 34.919869707132605, 31.303131095206005 ] } },
{ "type": "Feature", "properties": { "longitude": 35.066638988814262, "latitude": 31.240022126606458, "status": "Built", "source": "Bimkom", "type": "Education" }, "geometry": { "type": "Point", "coordinates": [ 35.066638988814262, 31.240022126606458 ] } },
{ "type": "Feature", "properties": { "longitude": 35.099485573158347, "latitude": 31.238709294616491, "status": "Built", "source": "Bimkom", "type": "Education" }, "geometry": { "type": "Point", "coordinates": [ 35.099485573158347, 31.238709294616491 ] } },
{ "type": "Feature", "properties": { "longitude": 35.011843877425626, "latitude": 31.152384009602013, "status": "Built", "source": "Bimkom", "type": "Education" }, "geometry": { "type": "Point", "coordinates": [ 35.011843877425626, 31.152384009602013 ] } },
{ "type": "Feature", "properties": { "longitude": 34.738151549011015, "latitude": 31.388468774280891, "status": "Built", "source": "Bimkom", "type": "Education" }, "geometry": { "type": "Point", "coordinates": [ 34.738151549011015, 31.388468774280891 ] } },
{ "type": "Feature", "properties": { "longitude": 35.077791507953911, "latitude": 31.299352473530337, "status": "Built", "source": "Bimkom", "type": "Education" }, "geometry": { "type": "Point", "coordinates": [ 35.077791507953911, 31.299352473530337 ] } },
{ "type": "Feature", "properties": { "longitude": 34.763824486408183, "latitude": 31.395359787397403, "status": "Built", "source": "Bimkom", "type": "Education" }, "geometry": { "type": "Point", "coordinates": [ 34.763824486408183, 31.395359787397403 ] } },
{ "type": "Feature", "properties": { "longitude": 34.946404694175314, "latitude": 31.298542346932141, "status": "Built", "source": "Bimkom", "type": "Education" }, "geometry": { "type": "Point", "coordinates": [ 34.946404694175314, 31.298542346932141 ] } },
{ "type": "Feature", "properties": { "longitude": 34.919869707132605, "latitude": 31.303131095206005, "status": "Built", "source": "Bimkom", "type": "Education" }, "geometry": { "type": "Point", "coordinates": [ 34.919869707132605, 31.303131095206005 ] } },
{ "type": "Feature", "properties": { "longitude": 34.875070708653915, "latitude": 31.330207299386409, "status": "Built", "source": "Bimkom", "type": "Education" }, "geometry": { "type": "Point", "coordinates": [ 34.875070708653915, 31.330207299386409 ] } },
{ "type": "Feature", "properties": { "longitude": 34.939697569072898, "latitude": 31.296905262009222, "status": "Built", "source": "Bimkom", "type": "Education" }, "geometry": { "type": "Point", "coordinates": [ 34.939697569072898, 31.296905262009222 ] } },
{ "type": "Feature", "properties": { "longitude": 34.915135128194727, "latitude": 31.281619068136422, "status": "Built", "source": "Bimkom", "type": "Education" }, "geometry": { "type": "Point", "coordinates": [ 34.915135128194727, 31.281619068136422 ] } },
{ "type": "Feature", "properties": { "longitude": 34.745308024339906, "latitude": 31.397747932337161, "status": "Built", "source": "Bimkom", "type": "Education" }, "geometry": { "type": "Point", "coordinates": [ 34.745308024339906, 31.397747932337161 ] } },
{ "type": "Feature", "properties": { "longitude": 34.765558474123772, "latitude": 31.402319264633817, "status": "Built", "source": "Bimkom", "type": "Education" }, "geometry": { "type": "Point", "coordinates": [ 34.765558474123772, 31.402319264633817 ] } },
{ "type": "Feature", "properties": { "longitude": 34.922501181372546, "latitude": 31.297761543959492, "status": "Built", "source": "Bimkom", "type": "Education" }, "geometry": { "type": "Point", "coordinates": [ 34.922501181372546, 31.297761543959492 ] } },
{ "type": "Feature", "properties": { "longitude": 35.008687519407403, "latitude": 31.162426728298865, "status": "Built", "source": "Bimkom", "type": "Education" }, "geometry": { "type": "Point", "coordinates": [ 35.008687519407403, 31.162426728298865 ] } },
{ "type": "Feature", "properties": { "longitude": 35.071321617743202, "latitude": 31.291661653299006, "status": "Built", "source": "Bimkom", "type": "Education" }, "geometry": { "type": "Point", "coordinates": [ 35.071321617743202, 31.291661653299006 ] } },
{ "type": "Feature", "properties": { "longitude": 35.091892643767977, "latitude": 31.25067131406189, "status": "Built", "source": "Bimkom", "type": "Education" }, "geometry": { "type": "Point", "coordinates": [ 35.091892643767977, 31.25067131406189 ] } },
{ "type": "Feature", "properties": { "longitude": 34.865603318705254, "latitude": 31.31865637344572, "status": "Built", "source": "Bimkom", "type": "Education" }, "geometry": { "type": "Point", "coordinates": [ 34.865603318705254, 31.31865637344572 ] } },
{ "type": "Feature", "properties": { "longitude": 34.881382921564551, "latitude": 31.275522895192061, "status": "Built", "source": "Bimkom", "type": "Education" }, "geometry": { "type": "Point", "coordinates": [ 34.881382921564551, 31.275522895192061 ] } },
{ "type": "Feature", "properties": { "longitude": 35.100432400073359, "latitude": 31.246358328883293, "status": "Built", "source": "Bimkom", "type": "Education" }, "geometry": { "type": "Point", "coordinates": [ 35.100432400073359, 31.246358328883293 ] } },
{ "type": "Feature", "properties": { "longitude": 34.761358325155889, "latitude": 31.376456774878466, "status": "Built", "source": "Bimkom", "type": "Education" }, "geometry": { "type": "Point", "coordinates": [ 34.761358325155889, 31.376456774878466 ] } },
{ "type": "Feature", "properties": { "longitude": 34.860212864391251, "latitude": 31.321834758373694, "status": "Built", "source": "Bimkom", "type": "Education" }, "geometry": { "type": "Point", "coordinates": [ 34.860212864391251, 31.321834758373694 ] } },
{ "type": "Feature", "properties": { "longitude": 34.942130022818283, "latitude": 31.302249538958538, "status": "Built", "source": "Bimkom", "type": "Education" }, "geometry": { "type": "Point", "coordinates": [ 34.942130022818283, 31.302249538958538 ] } },
{ "type": "Feature", "properties": { "longitude": 34.745757599420152, "latitude": 31.387459042898413, "status": "Built", "source": "Bimkom", "type": "Education" }, "geometry": { "type": "Point", "coordinates": [ 34.745757599420152, 31.387459042898413 ] } },
{ "type": "Feature", "properties": { "longitude": 35.034612594179926, "latitude": 31.163726246425703, "status": "Built", "source": "Bimkom", "type": "Education" }, "geometry": { "type": "Point", "coordinates": [ 35.034612594179926, 31.163726246425703 ] } },
{ "type": "Feature", "properties": { "longitude": 34.761792120308719, "latitude": 31.39602919951875, "status": "Built", "source": "Bimkom", "type": "Education" }, "geometry": { "type": "Point", "coordinates": [ 34.761792120308719, 31.39602919951875 ] } },
{ "type": "Feature", "properties": { "longitude": 35.085042174430356, "latitude": 31.24682296411283, "status": "Built", "source": "Bimkom", "type": "Education" }, "geometry": { "type": "Point", "coordinates": [ 35.085042174430356, 31.24682296411283 ] } },
{ "type": "Feature", "properties": { "longitude": 35.086423488337061, "latitude": 31.250350735491423, "status": "Built", "source": "Bimkom", "type": "Education" }, "geometry": { "type": "Point", "coordinates": [ 35.086423488337061, 31.250350735491423 ] } },
{ "type": "Feature", "properties": { "longitude": 34.769007052339113, "latitude": 31.381885279446205, "status": "Built", "source": "Bimkom", "type": "Education" }, "geometry": { "type": "Point", "coordinates": [ 34.769007052339113, 31.381885279446205 ] } },
{ "type": "Feature", "properties": { "longitude": 34.75092596460771, "latitude": 31.386133619091389, "status": "Built", "source": "Bimkom", "type": "Education" }, "geometry": { "type": "Point", "coordinates": [ 34.75092596460771, 31.386133619091389 ] } },
{ "type": "Feature", "properties": { "longitude": 34.941429731939046, "latitude": 31.289657488360508, "status": "Built", "source": "Bimkom", "type": "Education" }, "geometry": { "type": "Point", "coordinates": [ 34.941429731939046, 31.289657488360508 ] } },
{ "type": "Feature", "properties": { "longitude": 34.860512912729249, "latitude": 31.331774492717578, "status": "Built", "source": "Bimkom", "type": "Education" }, "geometry": { "type": "Point", "coordinates": [ 34.860512912729249, 31.331774492717578 ] } },
{ "type": "Feature", "properties": { "longitude": 34.914616129702303, "latitude": 31.286497217500568, "status": "Built", "source": "Bimkom", "type": "Education" }, "geometry": { "type": "Point", "coordinates": [ 34.914616129702303, 31.286497217500568 ] } },
{ "type": "Feature", "properties": { "longitude": 34.972722703364425, "latitude": 31.261388751708214, "status": "Built", "source": "Bimkom", "type": "Education" }, "geometry": { "type": "Point", "coordinates": [ 34.972722703364425, 31.261388751708214 ] } },
{ "type": "Feature", "properties": { "longitude": 34.922601994458475, "latitude": 31.285062918667879, "status": "Built", "source": "Bimkom", "type": "Education" }, "geometry": { "type": "Point", "coordinates": [ 34.922601994458475, 31.285062918667879 ] } },
{ "type": "Feature", "properties": { "longitude": 34.916412730884559, "latitude": 31.300065928765338, "status": "Built", "source": "Bimkom", "type": "Education" }, "geometry": { "type": "Point", "coordinates": [ 34.916412730884559, 31.300065928765338 ] } },
{ "type": "Feature", "properties": { "longitude": 34.767823467540296, "latitude": 31.392307059648477, "status": "Built", "source": "Bimkom", "type": "Education" }, "geometry": { "type": "Point", "coordinates": [ 34.767823467540296, 31.392307059648477 ] } },
{ "type": "Feature", "properties": { "longitude": 34.932533881845792, "latitude": 31.300723393518854, "status": "Built", "source": "Bimkom", "type": "Education" }, "geometry": { "type": "Point", "coordinates": [ 34.932533881845792, 31.300723393518854 ] } },
{ "type": "Feature", "properties": { "longitude": 34.751295372506078, "latitude": 31.407717007503766, "status": "Built", "source": "Bimkom", "type": "Education" }, "geometry": { "type": "Point", "coordinates": [ 34.751295372506078, 31.407717007503766 ] } },
{ "type": "Feature", "properties": { "longitude": 34.770593690109301, "latitude": 31.395770685260516, "status": "Built", "source": "Bimkom", "type": "Education" }, "geometry": { "type": "Point", "coordinates": [ 34.770593690109301, 31.395770685260516 ] } },
{ "type": "Feature", "properties": { "longitude": 34.860124681257588, "latitude": 31.325856994417453, "status": "Built", "source": "Bimkom", "type": "Education" }, "geometry": { "type": "Point", "coordinates": [ 34.860124681257588, 31.325856994417453 ] } },
{ "type": "Feature", "properties": { "longitude": 34.865545500298111, "latitude": 31.246738261772041, "status": "Built", "source": "Bimkom", "type": "Education" }, "geometry": { "type": "Point", "coordinates": [ 34.865545500298111, 31.246738261772041 ] } },
{ "type": "Feature", "properties": { "longitude": 34.867085561684128, "latitude": 31.327228328395766, "status": "Built", "source": "Bimkom", "type": "Education" }, "geometry": { "type": "Point", "coordinates": [ 34.867085561684128, 31.327228328395766 ] } },
{ "type": "Feature", "properties": { "longitude": 34.763040738462678, "latitude": 31.389837553835921, "status": "Built", "source": "Bimkom", "type": "Education" }, "geometry": { "type": "Point", "coordinates": [ 34.763040738462678, 31.389837553835921 ] } },
{ "type": "Feature", "properties": { "longitude": 34.939307258436365, "latitude": 31.297508734060486, "status": "Built", "source": "Bimkom", "type": "Education" }, "geometry": { "type": "Point", "coordinates": [ 34.939307258436365, 31.297508734060486 ] } },
{ "type": "Feature", "properties": { "longitude": 35.091899611987117, "latitude": 31.244799839737599, "status": "Built", "source": "Bimkom", "type": "Education" }, "geometry": { "type": "Point", "coordinates": [ 35.091899611987117, 31.244799839737599 ] } },
{ "type": "Feature", "properties": { "longitude": 35.006406922572467, "latitude": 31.149516645732415, "status": "Built", "source": "Bimkom", "type": "Education" }, "geometry": { "type": "Point", "coordinates": [ 35.006406922572467, 31.149516645732415 ] } },
{ "type": "Feature", "properties": { "longitude": 34.925062234779809, "latitude": 31.294799870363857, "status": "Built", "source": "Bimkom", "type": "Education" }, "geometry": { "type": "Point", "coordinates": [ 34.925062234779809, 31.294799870363857 ] } },
{ "type": "Feature", "properties": { "longitude": 34.764749218607349, "latitude": 31.402235321695169, "status": "Built", "source": "Bimkom", "type": "Education" }, "geometry": { "type": "Point", "coordinates": [ 34.764749218607349, 31.402235321695169 ] } },
{ "type": "Feature", "properties": { "longitude": 34.864078399277702, "latitude": 31.316181131175398, "status": "Built", "source": "Bimkom", "type": "Education" }, "geometry": { "type": "Point", "coordinates": [ 34.864078399277702, 31.316181131175398 ] } },
{ "type": "Feature", "properties": { "longitude": 34.881382921564551, "latitude": 31.275522895192061, "status": "Built", "source": "Bimkom", "type": "Education" }, "geometry": { "type": "Point", "coordinates": [ 34.881382921564551, 31.275522895192061 ] } },
{ "type": "Feature", "properties": { "longitude": 34.750728102663707, "latitude": 31.387927670797197, "status": "Built", "source": "Bimkom", "type": "Education" }, "geometry": { "type": "Point", "coordinates": [ 34.750728102663707, 31.387927670797197 ] } },
{ "type": "Feature", "properties": { "longitude": 34.947006392282283, "latitude": 31.30516354537227, "status": "Built", "source": "Bimkom", "type": "Education" }, "geometry": { "type": "Point", "coordinates": [ 34.947006392282283, 31.30516354537227 ] } },
{ "type": "Feature", "properties": { "longitude": 35.035291004124609, "latitude": 31.153805925439581, "status": "Built", "source": "Bimkom", "type": "Education" }, "geometry": { "type": "Point", "coordinates": [ 35.035291004124609, 31.153805925439581 ] } },
{ "type": "Feature", "properties": { "longitude": 35.083287725859051, "latitude": 31.247858526329765, "status": "Built", "source": "Bimkom", "type": "Education" }, "geometry": { "type": "Point", "coordinates": [ 35.083287725859051, 31.247858526329765 ] } },
{ "type": "Feature", "properties": { "longitude": 35.083287725859051, "latitude": 31.247858526329765, "status": "Built", "source": "Bimkom", "type": "Education" }, "geometry": { "type": "Point", "coordinates": [ 35.083287725859051, 31.247858526329765 ] } },
{ "type": "Feature", "properties": { "longitude": 34.865292646180968, "latitude": 31.255801791098044, "status": "Built", "source": "Bimkom", "type": "Education" }, "geometry": { "type": "Point", "coordinates": [ 34.865292646180968, 31.255801791098044 ] } },
{ "type": "Feature", "properties": { "longitude": 34.916301259662823, "latitude": 31.281468364991571, "status": "Built", "source": "Bimkom", "type": "Education" }, "geometry": { "type": "Point", "coordinates": [ 34.916301259662823, 31.281468364991571 ] } },
{ "type": "Feature", "properties": { "longitude": 34.760754764243408, "latitude": 31.404214720272964, "status": "Built", "source": "Bimkom", "type": "Education" }, "geometry": { "type": "Point", "coordinates": [ 34.760754764243408, 31.404214720272964 ] } },
{ "type": "Feature", "properties": { "longitude": 34.744947847754169, "latitude": 31.389665761098968, "status": "Built", "source": "Bimkom", "type": "Education" }, "geometry": { "type": "Point", "coordinates": [ 34.744947847754169, 31.389665761098968 ] } },
{ "type": "Feature", "properties": { "longitude": 34.860512912729249, "latitude": 31.331774492717578, "status": "Built", "source": "Bimkom", "type": "Education" }, "geometry": { "type": "Point", "coordinates": [ 34.860512912729249, 31.331774492717578 ] } },
{ "type": "Feature", "properties": { "longitude": 35.06884971736941, "latitude": 31.250261237451788, "status": "Built", "source": "Bimkom", "type": "Education" }, "geometry": { "type": "Point", "coordinates": [ 35.06884971736941, 31.250261237451788 ] } },
{ "type": "Feature", "properties": { "longitude": 34.85714103965163, "latitude": 31.24846553354773, "status": "Built", "source": "Bimkom", "type": "Education" }, "geometry": { "type": "Point", "coordinates": [ 34.85714103965163, 31.24846553354773 ] } },
{ "type": "Feature", "properties": { "longitude": 35.083287725859051, "latitude": 31.247858526329765, "status": "Built", "source": "Bimkom", "type": "Education" }, "geometry": { "type": "Point", "coordinates": [ 35.083287725859051, 31.247858526329765 ] } },
{ "type": "Feature", "properties": { "longitude": 35.047018062998347, "latitude": 31.063654275538898, "status": "Built", "source": "Eshkol", "type": "Education" }, "geometry": { "type": "Point", "coordinates": [ 35.047018062998347, 31.063654275538898 ] } },
{ "type": "Feature", "properties": { "longitude": 34.852491404548047, "latitude": 31.248218389209946, "status": "Built", "source": "Eshkol", "type": "Education" }, "geometry": { "type": "Point", "coordinates": [ 34.852491404548047, 31.248218389209946 ] } },
{ "type": "Feature", "properties": { "longitude": 34.867893188066709, "latitude": 31.253725216268364, "status": "Built", "source": "Eshkol", "type": "Education" }, "geometry": { "type": "Point", "coordinates": [ 34.867893188066709, 31.253725216268364 ] } },
{ "type": "Feature", "properties": { "longitude": 34.885546815154967, "latitude": 31.276994388841, "status": "Built", "source": "Eshkol", "type": "Education" }, "geometry": { "type": "Point", "coordinates": [ 34.885546815154967, 31.276994388841 ] } },
{ "type": "Feature", "properties": { "longitude": 34.762724613369507, "latitude": 31.398972559392774, "status": "Built", "source": "Eshkol", "type": "Education" }, "geometry": { "type": "Point", "coordinates": [ 34.762724613369507, 31.398972559392774 ] } },
{ "type": "Feature", "properties": { "longitude": 35.029501023764951, "latitude": 31.165703640673907, "status": "Built", "source": "Eshkol", "type": "Education" }, "geometry": { "type": "Point", "coordinates": [ 35.029501023764951, 31.165703640673907 ] } },
{ "type": "Feature", "properties": { "longitude": 34.964023164762892, "latitude": 31.122729312665484, "status": "Built", "source": "Eshkol", "type": "Education" }, "geometry": { "type": "Point", "coordinates": [ 34.964023164762892, 31.122729312665484 ] } },
{ "type": "Feature", "properties": { "longitude": 35.094274189957893, "latitude": 31.242961985683582, "status": "Built", "source": "Eshkol", "type": "Education" }, "geometry": { "type": "Point", "coordinates": [ 35.094274189957893, 31.242961985683582 ] } },
{ "type": "Feature", "properties": { "longitude": 35.20803432444395, "latitude": 31.255618009956798, "status": "Built", "source": "Eshkol", "type": "Education" }, "geometry": { "type": "Point", "coordinates": [ 35.20803432444395, 31.255618009956798 ] } },
{ "type": "Feature", "properties": { "longitude": 35.033789772245044, "latitude": 31.160505274783432, "status": "Built", "source": "Eshkol", "type": "Education" }, "geometry": { "type": "Point", "coordinates": [ 35.033789772245044, 31.160505274783432 ] } },
{ "type": "Feature", "properties": { "longitude": 34.76289621929574, "latitude": 31.396005950585554, "status": "Built", "source": "Eshkol", "type": "Education" }, "geometry": { "type": "Point", "coordinates": [ 34.76289621929574, 31.396005950585554 ] } },
{ "type": "Feature", "properties": { "longitude": 34.756080447953096, "latitude": 31.398760096978879, "status": "Built", "source": "Eshkol", "type": "Education" }, "geometry": { "type": "Point", "coordinates": [ 34.756080447953096, 31.398760096978879 ] } },
{ "type": "Feature", "properties": { "longitude": 35.014874290490823, "latitude": 31.157863214456537, "status": "Built", "source": "Eshkol", "type": "Education" }, "geometry": { "type": "Point", "coordinates": [ 35.014874290490823, 31.157863214456537 ] } },
{ "type": "Feature", "properties": { "longitude": 35.276150053449584, "latitude": 30.765369774049489, "status": "Built", "source": "Eshkol", "type": "Education" }, "geometry": { "type": "Point", "coordinates": [ 35.276150053449584, 30.765369774049489 ] } },
{ "type": "Feature", "properties": { "longitude": 34.925114643149563, "latitude": 31.294836060623808, "status": "Built", "source": "Eshkol", "type": "Education" }, "geometry": { "type": "Point", "coordinates": [ 34.925114643149563, 31.294836060623808 ] } },
{ "type": "Feature", "properties": { "longitude": 35.217198912614414, "latitude": 31.249529491136638, "status": "Built", "source": "Eshkol", "type": "Education" }, "geometry": { "type": "Point", "coordinates": [ 35.217198912614414, 31.249529491136638 ] } },
{ "type": "Feature", "properties": { "longitude": 35.028750561977112, "latitude": 31.066417677207792, "status": "Built", "source": "Eshkol", "type": "Education" }, "geometry": { "type": "Point", "coordinates": [ 35.028750561977112, 31.066417677207792 ] } },
{ "type": "Feature", "properties": { "longitude": 35.210323556560994, "latitude": 31.263888498812957, "status": "Built", "source": "Eshkol", "type": "Education" }, "geometry": { "type": "Point", "coordinates": [ 35.210323556560994, 31.263888498812957 ] } },
{ "type": "Feature", "properties": { "longitude": 34.922286348104741, "latitude": 31.204070413246974, "status": "Built", "source": "Eshkol", "type": "Education" }, "geometry": { "type": "Point", "coordinates": [ 34.922286348104741, 31.204070413246974 ] } },
{ "type": "Feature", "properties": { "longitude": 34.931992313102107, "latitude": 31.189444151789463, "status": "Built", "source": "Eshkol", "type": "Education" }, "geometry": { "type": "Point", "coordinates": [ 34.931992313102107, 31.189444151789463 ] } },
{ "type": "Feature", "properties": { "longitude": 35.213578441842138, "latitude": 31.263798118979729, "status": "Built", "source": "Eshkol", "type": "Education" }, "geometry": { "type": "Point", "coordinates": [ 35.213578441842138, 31.263798118979729 ] } },
{ "type": "Feature", "properties": { "longitude": 35.020020148048118, "latitude": 31.062202437856111, "status": "Built", "source": "Eshkol", "type": "Education" }, "geometry": { "type": "Point", "coordinates": [ 35.020020148048118, 31.062202437856111 ] } },
{ "type": "Feature", "properties": { "longitude": 35.039833974275169, "latitude": 31.067686002764777, "status": "Built", "source": "Eshkol", "type": "Education" }, "geometry": { "type": "Point", "coordinates": [ 35.039833974275169, 31.067686002764777 ] } },
{ "type": "Feature", "properties": { "longitude": 35.01792589648025, "latitude": 31.158057077364635, "status": "Built", "source": "Eshkol", "type": "Education" }, "geometry": { "type": "Point", "coordinates": [ 35.01792589648025, 31.158057077364635 ] } },
{ "type": "Feature", "properties": { "longitude": 34.919716283867437, "latitude": 31.270310349426385, "status": "Built", "source": "Eshkol", "type": "Education" }, "geometry": { "type": "Point", "coordinates": [ 34.919716283867437, 31.270310349426385 ] } },
{ "type": "Feature", "properties": { "longitude": 34.712669413995236, "latitude": 31.018969847419928, "status": "Built", "source": "Eshkol", "type": "Education" }, "geometry": { "type": "Point", "coordinates": [ 34.712669413995236, 31.018969847419928 ] } },
{ "type": "Feature", "properties": { "longitude": 34.921163162836294, "latitude": 31.299129495853293, "status": "Built", "source": "Eshkol", "type": "Education" }, "geometry": { "type": "Point", "coordinates": [ 34.921163162836294, 31.299129495853293 ] } },
{ "type": "Feature", "properties": { "longitude": 34.93391307016077, "latitude": 31.189150570716279, "status": "Built", "source": "Eshkol", "type": "Education" }, "geometry": { "type": "Point", "coordinates": [ 34.93391307016077, 31.189150570716279 ] } },
{ "type": "Feature", "properties": { "longitude": 34.745757599420152, "latitude": 31.387459042898413, "status": "Built", "source": "Eshkol", "type": "Education" }, "geometry": { "type": "Point", "coordinates": [ 34.745757599420152, 31.387459042898413 ] } },
{ "type": "Feature", "properties": { "longitude": 34.767916426769233, "latitude": 31.381304363591511, "status": "Built", "source": "Eshkol", "type": "Education" }, "geometry": { "type": "Point", "coordinates": [ 34.767916426769233, 31.381304363591511 ] } },
{ "type": "Feature", "properties": { "longitude": 34.913663342293518, "latitude": 31.282129832199793, "status": "Built", "source": "Eshkol", "type": "Education" }, "geometry": { "type": "Point", "coordinates": [ 34.913663342293518, 31.282129832199793 ] } },
{ "type": "Feature", "properties": { "longitude": 34.738995269961826, "latitude": 31.387930709301116, "status": "Built", "source": "Eshkol", "type": "Education" }, "geometry": { "type": "Point", "coordinates": [ 34.738995269961826, 31.387930709301116 ] } },
{ "type": "Feature", "properties": { "longitude": 34.822207236341995, "latitude": 31.164226800884986, "status": "Built", "source": "Eshkol", "type": "Education" }, "geometry": { "type": "Point", "coordinates": [ 34.822207236341995, 31.164226800884986 ] } },
{ "type": "Feature", "properties": { "longitude": 35.164968846962836, "latitude": 31.229555547395528, "status": "Built", "source": "Eshkol", "type": "Education" }, "geometry": { "type": "Point", "coordinates": [ 35.164968846962836, 31.229555547395528 ] } },
{ "type": "Feature", "properties": { "longitude": 34.768972883787498, "latitude": 31.389289651647953, "status": "Built", "source": "Eshkol", "type": "Education" }, "geometry": { "type": "Point", "coordinates": [ 34.768972883787498, 31.389289651647953 ] } },
{ "type": "Feature", "properties": { "longitude": 34.876172200660953, "latitude": 31.285277332891795, "status": "Built", "source": "Eshkol", "type": "Education" }, "geometry": { "type": "Point", "coordinates": [ 34.876172200660953, 31.285277332891795 ] } },
{ "type": "Feature", "properties": { "longitude": 34.700768952545538, "latitude": 31.023650089265502, "status": "Built", "source": "Eshkol", "type": "Education" }, "geometry": { "type": "Point", "coordinates": [ 34.700768952545538, 31.023650089265502 ] } },
{ "type": "Feature", "properties": { "longitude": 35.091892643767977, "latitude": 31.25067131406189, "status": "Built", "source": "Eshkol", "type": "Education" }, "geometry": { "type": "Point", "coordinates": [ 35.091892643767977, 31.25067131406189 ] } },
{ "type": "Feature", "properties": { "longitude": 34.761792120308719, "latitude": 31.39602919951875, "status": "Built", "source": "Eshkol", "type": "Education" }, "geometry": { "type": "Point", "coordinates": [ 34.761792120308719, 31.39602919951875 ] } },
{ "type": "Feature", "properties": { "longitude": 34.875070708653915, "latitude": 31.330207299386409, "status": "Built", "source": "Eshkol", "type": "Education" }, "geometry": { "type": "Point", "coordinates": [ 34.875070708653915, 31.330207299386409 ] } },
{ "type": "Feature", "properties": { "longitude": 35.100432400073359, "latitude": 31.246358328883293, "status": "Built", "source": "Eshkol", "type": "Education" }, "geometry": { "type": "Point", "coordinates": [ 35.100432400073359, 31.246358328883293 ] } },
{ "type": "Feature", "properties": { "longitude": 34.861127878574976, "latitude": 31.254915880688557, "status": "Built", "source": "Eshkol", "type": "Education" }, "geometry": { "type": "Point", "coordinates": [ 34.861127878574976, 31.254915880688557 ] } },
{ "type": "Feature", "properties": { "longitude": 35.037422194079753, "latitude": 31.265935583882225, "status": "Built", "source": "Eshkol", "type": "Education" }, "geometry": { "type": "Point", "coordinates": [ 35.037422194079753, 31.265935583882225 ] } },
{ "type": "Feature", "properties": { "longitude": 34.919869707132605, "latitude": 31.303131095206005, "status": "Built", "source": "Eshkol", "type": "Education" }, "geometry": { "type": "Point", "coordinates": [ 34.919869707132605, 31.303131095206005 ] } },
{ "type": "Feature", "properties": { "longitude": 34.745308024339906, "latitude": 31.397747932337161, "status": "Built", "source": "Eshkol", "type": "Education" }, "geometry": { "type": "Point", "coordinates": [ 34.745308024339906, 31.397747932337161 ] } },
{ "type": "Feature", "properties": { "longitude": 34.915135128194727, "latitude": 31.281619068136422, "status": "Built", "source": "Eshkol", "type": "Education" }, "geometry": { "type": "Point", "coordinates": [ 34.915135128194727, 31.281619068136422 ] } },
{ "type": "Feature", "properties": { "longitude": 34.882118019242796, "latitude": 31.321792424178401, "status": "Built", "source": "Eshkol", "type": "Education" }, "geometry": { "type": "Point", "coordinates": [ 34.882118019242796, 31.321792424178401 ] } },
{ "type": "Feature", "properties": { "longitude": 34.749137257646723, "latitude": 31.395155145544116, "status": "Built", "source": "Eshkol", "type": "Education" }, "geometry": { "type": "Point", "coordinates": [ 34.749137257646723, 31.395155145544116 ] } },
{ "type": "Feature", "properties": { "longitude": 34.987354793186782, "latitude": 31.088452126168448, "status": "Built", "source": "Eshkol", "type": "Education" }, "geometry": { "type": "Point", "coordinates": [ 34.987354793186782, 31.088452126168448 ] } },
{ "type": "Feature", "properties": { "longitude": 34.763040738462678, "latitude": 31.389837553835921, "status": "Built", "source": "Eshkol", "type": "Education" }, "geometry": { "type": "Point", "coordinates": [ 34.763040738462678, 31.389837553835921 ] } },
{ "type": "Feature", "properties": { "longitude": 34.922501181372546, "latitude": 31.297761543959492, "status": "Built", "source": "Eshkol", "type": "Education" }, "geometry": { "type": "Point", "coordinates": [ 34.922501181372546, 31.297761543959492 ] } },
{ "type": "Feature", "properties": { "longitude": 35.035291004124609, "latitude": 31.153805925439581, "status": "Built", "source": "Eshkol", "type": "Education" }, "geometry": { "type": "Point", "coordinates": [ 35.035291004124609, 31.153805925439581 ] } },
{ "type": "Feature", "properties": { "longitude": 34.962380371783681, "latitude": 31.253351678893814, "status": "Built", "source": "Eshkol", "type": "Education" }, "geometry": { "type": "Point", "coordinates": [ 34.962380371783681, 31.253351678893814 ] } },
{ "type": "Feature", "properties": { "longitude": 35.066638988814262, "latitude": 31.240022126606458, "status": "Built", "source": "Eshkol", "type": "Education" }, "geometry": { "type": "Point", "coordinates": [ 35.066638988814262, 31.240022126606458 ] } },
{ "type": "Feature", "properties": { "longitude": 34.959712250976786, "latitude": 31.147993268972122, "status": "Built", "source": "Eshkol", "type": "Education" }, "geometry": { "type": "Point", "coordinates": [ 34.959712250976786, 31.147993268972122 ] } },
{ "type": "Feature", "properties": { "longitude": 34.919869707132605, "latitude": 31.303131095206005, "status": "Built", "source": "Eshkol", "type": "Education" }, "geometry": { "type": "Point", "coordinates": [ 34.919869707132605, 31.303131095206005 ] } },
{ "type": "Feature", "properties": { "longitude": 34.946404694175314, "latitude": 31.298542346932141, "status": "Built", "source": "Eshkol", "type": "Education" }, "geometry": { "type": "Point", "coordinates": [ 34.946404694175314, 31.298542346932141 ] } },
{ "type": "Feature", "properties": { "longitude": 34.859980636959065, "latitude": 31.330789995682871, "status": "Built", "source": "Eshkol", "type": "Education" }, "geometry": { "type": "Point", "coordinates": [ 34.859980636959065, 31.330789995682871 ] } },
{ "type": "Feature", "properties": { "longitude": 34.928361036721135, "latitude": 31.189878352467645, "status": "Built", "source": "Eshkol", "type": "Education" }, "geometry": { "type": "Point", "coordinates": [ 34.928361036721135, 31.189878352467645 ] } },
{ "type": "Feature", "properties": { "longitude": 34.834565466100024, "latitude": 31.198598938347907, "status": "Built", "source": "Eshkol", "type": "Education" }, "geometry": { "type": "Point", "coordinates": [ 34.834565466100024, 31.198598938347907 ] } },
{ "type": "Feature", "properties": { "longitude": 34.865603318705254, "latitude": 31.31865637344572, "status": "Built", "source": "Eshkol", "type": "Education" }, "geometry": { "type": "Point", "coordinates": [ 34.865603318705254, 31.31865637344572 ] } },
{ "type": "Feature", "properties": { "longitude": 35.008687519407403, "latitude": 31.162426728298865, "status": "Built", "source": "Eshkol", "type": "Education" }, "geometry": { "type": "Point", "coordinates": [ 35.008687519407403, 31.162426728298865 ] } },
{ "type": "Feature", "properties": { "longitude": 34.981731155208685, "latitude": 31.091112264944964, "status": "Built", "source": "Eshkol", "type": "Education" }, "geometry": { "type": "Point", "coordinates": [ 34.981731155208685, 31.091112264944964 ] } },
{ "type": "Feature", "properties": { "longitude": 34.764749218607349, "latitude": 31.402235321695169, "status": "Built", "source": "Eshkol", "type": "Education" }, "geometry": { "type": "Point", "coordinates": [ 34.764749218607349, 31.402235321695169 ] } },
{ "type": "Feature", "properties": { "longitude": 34.838846848801367, "latitude": 31.198466869878832, "status": "Built", "source": "Eshkol", "type": "Education" }, "geometry": { "type": "Point", "coordinates": [ 34.838846848801367, 31.198466869878832 ] } },
{ "type": "Feature", "properties": { "longitude": 34.947006392282283, "latitude": 31.30516354537227, "status": "Built", "source": "Eshkol", "type": "Education" }, "geometry": { "type": "Point", "coordinates": [ 34.947006392282283, 31.30516354537227 ] } },
{ "type": "Feature", "properties": { "longitude": 35.085614612220823, "latitude": 31.242386060885678, "status": "Built", "source": "Eshkol", "type": "Education" }, "geometry": { "type": "Point", "coordinates": [ 35.085614612220823, 31.242386060885678 ] } },
{ "type": "Feature", "properties": { "longitude": 34.91970551035336, "latitude": 31.284380099521055, "status": "Built", "source": "Eshkol", "type": "Education" }, "geometry": { "type": "Point", "coordinates": [ 34.91970551035336, 31.284380099521055 ] } },
{ "type": "Feature", "properties": { "longitude": 34.961265506730854, "latitude": 31.254143257777994, "status": "Built", "source": "Eshkol", "type": "Education" }, "geometry": { "type": "Point", "coordinates": [ 34.961265506730854, 31.254143257777994 ] } },
{ "type": "Feature", "properties": { "longitude": 35.02568341638419, "latitude": 31.159953114674714, "status": "Built", "source": "Eshkol", "type": "Education" }, "geometry": { "type": "Point", "coordinates": [ 35.02568341638419, 31.159953114674714 ] } },
{ "type": "Feature", "properties": { "longitude": 34.93166250271134, "latitude": 31.191039853542808, "status": "Built", "source": "Eshkol", "type": "Education" }, "geometry": { "type": "Point", "coordinates": [ 34.93166250271134, 31.191039853542808 ] } },
{ "type": "Feature", "properties": { "longitude": 34.881382921564551, "latitude": 31.275522895192061, "status": "Built", "source": "Eshkol", "type": "Education" }, "geometry": { "type": "Point", "coordinates": [ 34.881382921564551, 31.275522895192061 ] } },
{ "type": "Feature", "properties": { "longitude": 34.856329118086137, "latitude": 31.318036304248373, "status": "Built", "source": "Eshkol", "type": "Education" }, "geometry": { "type": "Point", "coordinates": [ 34.856329118086137, 31.318036304248373 ] } },
{ "type": "Feature", "properties": { "longitude": 34.822232269113663, "latitude": 31.163216724439408, "status": "Built", "source": "Eshkol", "type": "Education" }, "geometry": { "type": "Point", "coordinates": [ 34.822232269113663, 31.163216724439408 ] } },
{ "type": "Feature", "properties": { "longitude": 34.700768952545538, "latitude": 31.023650089265502, "status": "Built", "source": "Eshkol", "type": "Education" }, "geometry": { "type": "Point", "coordinates": [ 34.700768952545538, 31.023650089265502 ] } },
{ "type": "Feature", "properties": { "longitude": 34.763824486408183, "latitude": 31.395359787397403, "status": "Built", "source": "Eshkol", "type": "Education" }, "geometry": { "type": "Point", "coordinates": [ 34.763824486408183, 31.395359787397403 ] } },
{ "type": "Feature", "properties": { "longitude": 34.932240506553654, "latitude": 31.300470238312155, "status": "Built", "source": "Eshkol", "type": "Education" }, "geometry": { "type": "Point", "coordinates": [ 34.932240506553654, 31.300470238312155 ] } },
{ "type": "Feature", "properties": { "longitude": 34.761358325155889, "latitude": 31.376456774878466, "status": "Built", "source": "Eshkol", "type": "Education" }, "geometry": { "type": "Point", "coordinates": [ 34.761358325155889, 31.376456774878466 ] } },
{ "type": "Feature", "properties": { "longitude": 35.163752252810696, "latitude": 31.227399577455547, "status": "Built", "source": "Eshkol", "type": "Education" }, "geometry": { "type": "Point", "coordinates": [ 35.163752252810696, 31.227399577455547 ] } },
{ "type": "Feature", "properties": { "longitude": 34.765558474123772, "latitude": 31.402319264633817, "status": "Built", "source": "Eshkol", "type": "Education" }, "geometry": { "type": "Point", "coordinates": [ 34.765558474123772, 31.402319264633817 ] } },
{ "type": "Feature", "properties": { "longitude": 34.838185798631436, "latitude": 31.203921580558884, "status": "Built", "source": "Eshkol", "type": "Education" }, "geometry": { "type": "Point", "coordinates": [ 34.838185798631436, 31.203921580558884 ] } },
{ "type": "Feature", "properties": { "longitude": 35.011843877425626, "latitude": 31.152384009602013, "status": "Built", "source": "Eshkol", "type": "Education" }, "geometry": { "type": "Point", "coordinates": [ 35.011843877425626, 31.152384009602013 ] } },
{ "type": "Feature", "properties": { "longitude": 35.099485573158347, "latitude": 31.238709294616491, "status": "Built", "source": "Eshkol", "type": "Education" }, "geometry": { "type": "Point", "coordinates": [ 35.099485573158347, 31.238709294616491 ] } },
{ "type": "Feature", "properties": { "longitude": 34.760455934054093, "latitude": 31.398450647857587, "status": "Built", "source": "Eshkol", "type": "Education" }, "geometry": { "type": "Point", "coordinates": [ 34.760455934054093, 31.398450647857587 ] } },
{ "type": "Feature", "properties": { "longitude": 34.851851512631754, "latitude": 31.248090368055404, "status": "Built", "source": "Eshkol", "type": "Education" }, "geometry": { "type": "Point", "coordinates": [ 34.851851512631754, 31.248090368055404 ] } },
{ "type": "Feature", "properties": { "longitude": 34.75092596460771, "latitude": 31.386133619091389, "status": "Built", "source": "Eshkol", "type": "Education" }, "geometry": { "type": "Point", "coordinates": [ 34.75092596460771, 31.386133619091389 ] } },
{ "type": "Feature", "properties": { "longitude": 34.854542498637493, "latitude": 31.244282641193973, "status": "Built", "source": "Eshkol", "type": "Education" }, "geometry": { "type": "Point", "coordinates": [ 34.854542498637493, 31.244282641193973 ] } },
{ "type": "Feature", "properties": { "longitude": 34.851851512631754, "latitude": 31.248090368055404, "status": "Built", "source": "Eshkol", "type": "Education" }, "geometry": { "type": "Point", "coordinates": [ 34.851851512631754, 31.248090368055404 ] } },
{ "type": "Feature", "properties": { "longitude": 34.843476072956271, "latitude": 31.206200342485911, "status": "Built", "source": "Eshkol", "type": "Education" }, "geometry": { "type": "Point", "coordinates": [ 34.843476072956271, 31.206200342485911 ] } },
{ "type": "Feature", "properties": { "longitude": 34.864078399277702, "latitude": 31.316181131175398, "status": "Built", "source": "Eshkol", "type": "Education" }, "geometry": { "type": "Point", "coordinates": [ 34.864078399277702, 31.316181131175398 ] } },
{ "type": "Feature", "properties": { "longitude": 34.972722703364425, "latitude": 31.261388751708214, "status": "Built", "source": "Eshkol", "type": "Education" }, "geometry": { "type": "Point", "coordinates": [ 34.972722703364425, 31.261388751708214 ] } },
{ "type": "Feature", "properties": { "longitude": 34.700768952545538, "latitude": 31.023650089265502, "status": "Built", "source": "Eshkol", "type": "Education" }, "geometry": { "type": "Point", "coordinates": [ 34.700768952545538, 31.023650089265502 ] } },
{ "type": "Feature", "properties": { "longitude": 34.960602288086854, "latitude": 31.132130022691111, "status": "Built", "source": "Eshkol", "type": "Education" }, "geometry": { "type": "Point", "coordinates": [ 34.960602288086854, 31.132130022691111 ] } },
{ "type": "Feature", "properties": { "longitude": 35.034612594179926, "latitude": 31.163726246425703, "status": "Built", "source": "Eshkol", "type": "Education" }, "geometry": { "type": "Point", "coordinates": [ 35.034612594179926, 31.163726246425703 ] } },
{ "type": "Feature", "properties": { "longitude": 35.086621630497156, "latitude": 31.234513241069326, "status": "Built", "source": "Eshkol", "type": "Education" }, "geometry": { "type": "Point", "coordinates": [ 35.086621630497156, 31.234513241069326 ] } },
{ "type": "Feature", "properties": { "longitude": 34.950140002260675, "latitude": 31.198184842264581, "status": "Built", "source": "Eshkol", "type": "Education" }, "geometry": { "type": "Point", "coordinates": [ 34.950140002260675, 31.198184842264581 ] } },
{ "type": "Feature", "properties": { "longitude": 34.693634456588782, "latitude": 31.029980670699118, "status": "Built", "source": "Eshkol", "type": "Education" }, "geometry": { "type": "Point", "coordinates": [ 34.693634456588782, 31.029980670699118 ] } },
{ "type": "Feature", "properties": { "longitude": 34.765136952575965, "latitude": 31.39348837073819, "status": "Built", "source": "Eshkol", "type": "Education" }, "geometry": { "type": "Point", "coordinates": [ 34.765136952575965, 31.39348837073819 ] } },
{ "type": "Feature", "properties": { "longitude": 35.202144391473084, "latitude": 31.261155803063044, "status": "Built", "source": "Eshkol", "type": "Education" }, "geometry": { "type": "Point", "coordinates": [ 35.202144391473084, 31.261155803063044 ] } },
{ "type": "Feature", "properties": { "longitude": 35.035333181631522, "latitude": 31.070918146374716, "status": "Built", "source": "Eshkol", "type": "Education" }, "geometry": { "type": "Point", "coordinates": [ 35.035333181631522, 31.070918146374716 ] } },
{ "type": "Feature", "properties": { "longitude": 35.202459399719579, "latitude": 31.259884106748743, "status": "Built", "source": "Eshkol", "type": "Education" }, "geometry": { "type": "Point", "coordinates": [ 35.202459399719579, 31.259884106748743 ] } },
{ "type": "Feature", "properties": { "longitude": 35.037350290876894, "latitude": 31.061919399705747, "status": "Built", "source": "Eshkol", "type": "Education" }, "geometry": { "type": "Point", "coordinates": [ 35.037350290876894, 31.061919399705747 ] } },
{ "type": "Feature", "properties": { "longitude": 34.857889345513058, "latitude": 31.247655834170551, "status": "Built", "source": "Eshkol", "type": "Education" }, "geometry": { "type": "Point", "coordinates": [ 34.857889345513058, 31.247655834170551 ] } },
{ "type": "Feature", "properties": { "longitude": 34.76827859686653, "latitude": 31.391650232381913, "status": "Built", "source": "Eshkol", "type": "Education" }, "geometry": { "type": "Point", "coordinates": [ 34.76827859686653, 31.391650232381913 ] } },
{ "type": "Feature", "properties": { "longitude": 35.03646202002281, "latitude": 31.072525076811591, "status": "Built", "source": "Eshkol", "type": "Education" }, "geometry": { "type": "Point", "coordinates": [ 35.03646202002281, 31.072525076811591 ] } },
{ "type": "Feature", "properties": { "longitude": 35.077791507953911, "latitude": 31.299352473530337, "status": "Built", "source": "Eshkol", "type": "Education" }, "geometry": { "type": "Point", "coordinates": [ 35.077791507953911, 31.299352473530337 ] } },
{ "type": "Feature", "properties": { "longitude": 35.037502342105938, "latitude": 31.070839798829677, "status": "Built", "source": "Eshkol", "type": "Education" }, "geometry": { "type": "Point", "coordinates": [ 35.037502342105938, 31.070839798829677 ] } },
{ "type": "Feature", "properties": { "longitude": 34.933079908043318, "latitude": 30.987890926122361, "status": "Built", "source": "Eshkol", "type": "Education" }, "geometry": { "type": "Point", "coordinates": [ 34.933079908043318, 30.987890926122361 ] } },
{ "type": "Feature", "properties": { "longitude": 34.932870524190569, "latitude": 30.987890485965057, "status": "Built", "source": "Eshkol", "type": "Education" }, "geometry": { "type": "Point", "coordinates": [ 34.932870524190569, 30.987890485965057 ] } },
{ "type": "Feature", "properties": { "longitude": 34.889518226337799, "latitude": 31.206799324822384, "status": "Built", "source": "Eshkol", "type": "Education" }, "geometry": { "type": "Point", "coordinates": [ 34.889518226337799, 31.206799324822384 ] } },
{ "type": "Feature", "properties": { "longitude": 35.00700089040339, "latitude": 31.161459089700617, "status": "Built", "source": "Eshkol", "type": "Education" }, "geometry": { "type": "Point", "coordinates": [ 35.00700089040339, 31.161459089700617 ] } },
{ "type": "Feature", "properties": { "longitude": 35.164014208630931, "latitude": 31.228418830507813, "status": "Built", "source": "Eshkol", "type": "Education" }, "geometry": { "type": "Point", "coordinates": [ 35.164014208630931, 31.228418830507813 ] } },
{ "type": "Feature", "properties": { "longitude": 34.700768952545538, "latitude": 31.023650089265502, "status": "Built", "source": "Eshkol", "type": "Education" }, "geometry": { "type": "Point", "coordinates": [ 34.700768952545538, 31.023650089265502 ] } },
{ "type": "Feature", "properties": { "longitude": 34.860124681257588, "latitude": 31.325856994417453, "status": "Built", "source": "Eshkol", "type": "Education" }, "geometry": { "type": "Point", "coordinates": [ 34.860124681257588, 31.325856994417453 ] } },
{ "type": "Feature", "properties": { "longitude": 35.069486162183956, "latitude": 31.253030790298368, "status": "Built", "source": "Eshkol", "type": "Education" }, "geometry": { "type": "Point", "coordinates": [ 35.069486162183956, 31.253030790298368 ] } },
{ "type": "Feature", "properties": { "longitude": 34.938892631299218, "latitude": 31.325493972884026, "status": "Built", "source": "Eshkol", "type": "Education" }, "geometry": { "type": "Point", "coordinates": [ 34.938892631299218, 31.325493972884026 ] } },
{ "type": "Feature", "properties": { "longitude": 35.102308702705166, "latitude": 31.23919860564914, "status": "Built", "source": "Eshkol", "type": "Education" }, "geometry": { "type": "Point", "coordinates": [ 35.102308702705166, 31.23919860564914 ] } },
{ "type": "Feature", "properties": { "longitude": 34.962092397945604, "latitude": 31.255118886122403, "status": "Built", "source": "Eshkol", "type": "Education" }, "geometry": { "type": "Point", "coordinates": [ 34.962092397945604, 31.255118886122403 ] } },
{ "type": "Feature", "properties": { "longitude": 35.205556645269453, "latitude": 31.257809711371976, "status": "Built", "source": "Eshkol", "type": "Education" }, "geometry": { "type": "Point", "coordinates": [ 35.205556645269453, 31.257809711371976 ] } },
{ "type": "Feature", "properties": { "longitude": 35.048556070003976, "latitude": 31.071421861797806, "status": "Built", "source": "Eshkol", "type": "Education" }, "geometry": { "type": "Point", "coordinates": [ 35.048556070003976, 31.071421861797806 ] } },
{ "type": "Feature", "properties": { "longitude": 34.919869707132605, "latitude": 31.303131095206005, "status": "Built", "source": "Eshkol", "type": "Education" }, "geometry": { "type": "Point", "coordinates": [ 34.919869707132605, 31.303131095206005 ] } },
{ "type": "Feature", "properties": { "longitude": 34.952005144836242, "latitude": 31.179365401280776, "status": "Built", "source": "Eshkol", "type": "Education" }, "geometry": { "type": "Point", "coordinates": [ 34.952005144836242, 31.179365401280776 ] } },
{ "type": "Feature", "properties": { "longitude": 35.077307576363125, "latitude": 31.252975633980643, "status": "Built", "source": "Eshkol", "type": "Education" }, "geometry": { "type": "Point", "coordinates": [ 35.077307576363125, 31.252975633980643 ] } },
{ "type": "Feature", "properties": { "longitude": 34.833188987779707, "latitude": 31.191045932251672, "status": "Built", "source": "Eshkol", "type": "Education" }, "geometry": { "type": "Point", "coordinates": [ 34.833188987779707, 31.191045932251672 ] } },
{ "type": "Feature", "properties": { "longitude": 34.983777164227078, "latitude": 31.081050162018904, "status": "Built", "source": "Eshkol", "type": "Education" }, "geometry": { "type": "Point", "coordinates": [ 34.983777164227078, 31.081050162018904 ] } },
{ "type": "Feature", "properties": { "longitude": 34.959013056849798, "latitude": 31.134453983721667, "status": "Built", "source": "Eshkol", "type": "Education" }, "geometry": { "type": "Point", "coordinates": [ 34.959013056849798, 31.134453983721667 ] } },
{ "type": "Feature", "properties": { "longitude": 34.765322262788239, "latitude": 31.401109931023736, "status": "Built", "source": "Eshkol", "type": "Education" }, "geometry": { "type": "Point", "coordinates": [ 34.765322262788239, 31.401109931023736 ] } },
{ "type": "Feature", "properties": { "longitude": 34.861455293084369, "latitude": 31.248567309634215, "status": "Built", "source": "Eshkol", "type": "Education" }, "geometry": { "type": "Point", "coordinates": [ 34.861455293084369, 31.248567309634215 ] } },
{ "type": "Feature", "properties": { "longitude": 35.056724275657565, "latitude": 31.284006503201773, "status": "Built", "source": "Eshkol", "type": "Education" }, "geometry": { "type": "Point", "coordinates": [ 35.056724275657565, 31.284006503201773 ] } },
{ "type": "Feature", "properties": { "longitude": 35.071321617743202, "latitude": 31.291661653299006, "status": "Built", "source": "Eshkol", "type": "Education" }, "geometry": { "type": "Point", "coordinates": [ 35.071321617743202, 31.291661653299006 ] } },
{ "type": "Feature", "properties": { "longitude": 34.815902601920108, "latitude": 31.202999386811765, "status": "Built", "source": "Eshkol", "type": "Education" }, "geometry": { "type": "Point", "coordinates": [ 34.815902601920108, 31.202999386811765 ] } },
{ "type": "Feature", "properties": { "longitude": 35.214260367637323, "latitude": 31.258431668652118, "status": "Built", "source": "Eshkol", "type": "Education" }, "geometry": { "type": "Point", "coordinates": [ 35.214260367637323, 31.258431668652118 ] } },
{ "type": "Feature", "properties": { "longitude": 34.897145796048235, "latitude": 31.333436742734634, "status": "Built", "source": "Eshkol", "type": "Education" }, "geometry": { "type": "Point", "coordinates": [ 34.897145796048235, 31.333436742734634 ] } },
{ "type": "Feature", "properties": { "longitude": 35.029760333369019, "latitude": 31.070017794410703, "status": "Built", "source": "Eshkol", "type": "Education" }, "geometry": { "type": "Point", "coordinates": [ 35.029760333369019, 31.070017794410703 ] } },
{ "type": "Feature", "properties": { "longitude": 35.027508899635059, "latitude": 31.074921280546061, "status": "Built", "source": "Eshkol", "type": "Education" }, "geometry": { "type": "Point", "coordinates": [ 35.027508899635059, 31.074921280546061 ] } },
{ "type": "Feature", "properties": { "longitude": 34.927298739101452, "latitude": 30.985010448886811, "status": "Built", "source": "Eshkol", "type": "Education" }, "geometry": { "type": "Point", "coordinates": [ 34.927298739101452, 30.985010448886811 ] } },
{ "type": "Feature", "properties": { "longitude": 35.202176036000971, "latitude": 31.255221193352718, "status": "Built", "source": "Eshkol", "type": "Education" }, "geometry": { "type": "Point", "coordinates": [ 35.202176036000971, 31.255221193352718 ] } },
{ "type": "Feature", "properties": { "longitude": 34.941945155812995, "latitude": 31.327240924138493, "status": "Built", "source": "Eshkol", "type": "Education" }, "geometry": { "type": "Point", "coordinates": [ 34.941945155812995, 31.327240924138493 ] } },
{ "type": "Feature", "properties": { "longitude": 35.02918043523573, "latitude": 31.066264932228801, "status": "Built", "source": "Eshkol", "type": "Education" }, "geometry": { "type": "Point", "coordinates": [ 35.02918043523573, 31.066264932228801 ] } },
{ "type": "Feature", "properties": { "longitude": 35.211961266715754, "latitude": 31.260876015400644, "status": "Built", "source": "Eshkol", "type": "Education" }, "geometry": { "type": "Point", "coordinates": [ 35.211961266715754, 31.260876015400644 ] } },
{ "type": "Feature", "properties": { "longitude": 34.939697569072898, "latitude": 31.296905262009222, "status": "Built", "source": "Eshkol", "type": "Education" }, "geometry": { "type": "Point", "coordinates": [ 34.939697569072898, 31.296905262009222 ] } },
{ "type": "Feature", "properties": { "longitude": 34.931457142941859, "latitude": 30.984225589854603, "status": "Built", "source": "Eshkol", "type": "Education" }, "geometry": { "type": "Point", "coordinates": [ 34.931457142941859, 30.984225589854603 ] } },
{ "type": "Feature", "properties": { "longitude": 35.035234965424472, "latitude": 31.061294301020752, "status": "Built", "source": "Eshkol", "type": "Education" }, "geometry": { "type": "Point", "coordinates": [ 35.035234965424472, 31.061294301020752 ] } },
{ "type": "Feature", "properties": { "longitude": 35.091468482743473, "latitude": 31.254224492569787, "status": "Built", "source": "Eshkol", "type": "Education" }, "geometry": { "type": "Point", "coordinates": [ 35.091468482743473, 31.254224492569787 ] } },
{ "type": "Feature", "properties": { "longitude": 34.739689666719443, "latitude": 31.387825002076497, "status": "Built", "source": "Eshkol", "type": "Education" }, "geometry": { "type": "Point", "coordinates": [ 34.739689666719443, 31.387825002076497 ] } },
{ "type": "Feature", "properties": { "longitude": 35.02037433102511, "latitude": 31.161027945467318, "status": "Built", "source": "Eshkol", "type": "Education" }, "geometry": { "type": "Point", "coordinates": [ 35.02037433102511, 31.161027945467318 ] } },
{ "type": "Feature", "properties": { "longitude": 35.040870993491751, "latitude": 31.073982870971111, "status": "Built", "source": "Eshkol", "type": "Education" }, "geometry": { "type": "Point", "coordinates": [ 35.040870993491751, 31.073982870971111 ] } },
{ "type": "Feature", "properties": { "longitude": 34.926704735257182, "latitude": 30.991295759501821, "status": "Built", "source": "Eshkol", "type": "Education" }, "geometry": { "type": "Point", "coordinates": [ 34.926704735257182, 30.991295759501821 ] } },
{ "type": "Feature", "properties": { "longitude": 34.767823467540296, "latitude": 31.392307059648477, "status": "Built", "source": "Eshkol", "type": "Education" }, "geometry": { "type": "Point", "coordinates": [ 34.767823467540296, 31.392307059648477 ] } },
{ "type": "Feature", "properties": { "longitude": 34.925062234779809, "latitude": 31.294799870363857, "status": "Built", "source": "Eshkol", "type": "Education" }, "geometry": { "type": "Point", "coordinates": [ 34.925062234779809, 31.294799870363857 ] } },
{ "type": "Feature", "properties": { "longitude": 34.83778525691244, "latitude": 31.198950883400183, "status": "Built", "source": "Eshkol", "type": "Education" }, "geometry": { "type": "Point", "coordinates": [ 34.83778525691244, 31.198950883400183 ] } },
{ "type": "Feature", "properties": { "longitude": 34.932533881845792, "latitude": 31.300723393518854, "status": "Built", "source": "Eshkol", "type": "Education" }, "geometry": { "type": "Point", "coordinates": [ 34.932533881845792, 31.300723393518854 ] } },
{ "type": "Feature", "properties": { "longitude": 34.763040738462678, "latitude": 31.389837553835921, "status": "Built", "source": "Eshkol", "type": "Education" }, "geometry": { "type": "Point", "coordinates": [ 34.763040738462678, 31.389837553835921 ] } },
{ "type": "Feature", "properties": { "longitude": 35.006406922572467, "latitude": 31.149516645732415, "status": "Built", "source": "Eshkol", "type": "Education" }, "geometry": { "type": "Point", "coordinates": [ 35.006406922572467, 31.149516645732415 ] } },
{ "type": "Feature", "properties": { "longitude": 34.837848245280419, "latitude": 31.198942043745362, "status": "Built", "source": "Eshkol", "type": "Education" }, "geometry": { "type": "Point", "coordinates": [ 34.837848245280419, 31.198942043745362 ] } },
{ "type": "Feature", "properties": { "longitude": 35.091899611987117, "latitude": 31.244799839737599, "status": "Built", "source": "Eshkol", "type": "Education" }, "geometry": { "type": "Point", "coordinates": [ 35.091899611987117, 31.244799839737599 ] } },
{ "type": "Feature", "properties": { "longitude": 34.750728102663707, "latitude": 31.387927670797197, "status": "Built", "source": "Eshkol", "type": "Education" }, "geometry": { "type": "Point", "coordinates": [ 34.750728102663707, 31.387927670797197 ] } },
{ "type": "Feature", "properties": { "longitude": 34.881382921564551, "latitude": 31.275522895192061, "status": "Built", "source": "Eshkol", "type": "Education" }, "geometry": { "type": "Point", "coordinates": [ 34.881382921564551, 31.275522895192061 ] } },
{ "type": "Feature", "properties": { "longitude": 35.024189490396459, "latitude": 31.162386236803844, "status": "Built", "source": "Eshkol", "type": "Education" }, "geometry": { "type": "Point", "coordinates": [ 35.024189490396459, 31.162386236803844 ] } },
{ "type": "Feature", "properties": { "longitude": 34.939307258436365, "latitude": 31.297508734060486, "status": "Built", "source": "Eshkol", "type": "Education" }, "geometry": { "type": "Point", "coordinates": [ 34.939307258436365, 31.297508734060486 ] } },
{ "type": "Feature", "properties": { "longitude": 34.930851059950534, "latitude": 30.983836468800718, "status": "Built", "source": "Eshkol", "type": "Education" }, "geometry": { "type": "Point", "coordinates": [ 34.930851059950534, 30.983836468800718 ] } },
{ "type": "Feature", "properties": { "longitude": 34.770593690109301, "latitude": 31.395770685260516, "status": "Built", "source": "Eshkol", "type": "Education" }, "geometry": { "type": "Point", "coordinates": [ 34.770593690109301, 31.395770685260516 ] } },
{ "type": "Feature", "properties": { "longitude": 34.838340160343328, "latitude": 31.193811539442695, "status": "Built", "source": "Eshkol", "type": "Education" }, "geometry": { "type": "Point", "coordinates": [ 34.838340160343328, 31.193811539442695 ] } },
{ "type": "Feature", "properties": { "longitude": 34.785019989119121, "latitude": 31.000816630508428, "status": "Built", "source": "Eshkol", "type": "Education" }, "geometry": { "type": "Point", "coordinates": [ 34.785019989119121, 31.000816630508428 ] } },
{ "type": "Feature", "properties": { "longitude": 34.768886483443701, "latitude": 31.005056449254027, "status": "Built", "source": "Eshkol", "type": "Education" }, "geometry": { "type": "Point", "coordinates": [ 34.768886483443701, 31.005056449254027 ] } },
{ "type": "Feature", "properties": { "longitude": 34.958571090884327, "latitude": 31.256762697597651, "status": "Built", "source": "Eshkol", "type": "Education" }, "geometry": { "type": "Point", "coordinates": [ 34.958571090884327, 31.256762697597651 ] } },
{ "type": "Feature", "properties": { "longitude": 35.03926563265351, "latitude": 31.075207463002521, "status": "Built", "source": "Eshkol", "type": "Education" }, "geometry": { "type": "Point", "coordinates": [ 35.03926563265351, 31.075207463002521 ] } },
{ "type": "Feature", "properties": { "longitude": 34.923429782784865, "latitude": 31.20417212745798, "status": "Built", "source": "Eshkol", "type": "Education" }, "geometry": { "type": "Point", "coordinates": [ 34.923429782784865, 31.20417212745798 ] } },
{ "type": "Feature", "properties": { "longitude": 35.033896353047695, "latitude": 31.077509437939298, "status": "Built", "source": "Eshkol", "type": "Education" }, "geometry": { "type": "Point", "coordinates": [ 35.033896353047695, 31.077509437939298 ] } },
{ "type": "Feature", "properties": { "longitude": 34.741728070540738, "latitude": 31.392350815113609, "status": "Built", "source": "Eshkol", "type": "Education" }, "geometry": { "type": "Point", "coordinates": [ 34.741728070540738, 31.392350815113609 ] } },
{ "type": "Feature", "properties": { "longitude": 34.771161736386979, "latitude": 31.395709474450037, "status": "Built", "source": "Eshkol", "type": "Education" }, "geometry": { "type": "Point", "coordinates": [ 34.771161736386979, 31.395709474450037 ] } },
{ "type": "Feature", "properties": { "longitude": 34.858376788552533, "latitude": 31.324030456731428, "status": "Built", "source": "Eshkol", "type": "Education" }, "geometry": { "type": "Point", "coordinates": [ 34.858376788552533, 31.324030456731428 ] } },
{ "type": "Feature", "properties": { "longitude": 34.75090380687174, "latitude": 30.812932883985521, "status": "Built", "source": "Eshkol", "type": "Education" }, "geometry": { "type": "Point", "coordinates": [ 34.75090380687174, 30.812932883985521 ] } },
{ "type": "Feature", "properties": { "longitude": 34.771136938261563, "latitude": 31.39653010612259, "status": "Built", "source": "Eshkol", "type": "Education" }, "geometry": { "type": "Point", "coordinates": [ 34.771136938261563, 31.39653010612259 ] } },
{ "type": "Feature", "properties": { "longitude": 35.027704612078281, "latitude": 31.06542411212153, "status": "Built", "source": "Eshkol", "type": "Education" }, "geometry": { "type": "Point", "coordinates": [ 35.027704612078281, 31.06542411212153 ] } },
{ "type": "Feature", "properties": { "longitude": 34.94013077058024, "latitude": 31.326073746259006, "status": "Built", "source": "Eshkol", "type": "Education" }, "geometry": { "type": "Point", "coordinates": [ 34.94013077058024, 31.326073746259006 ] } },
{ "type": "Feature", "properties": { "longitude": 35.041649219429871, "latitude": 31.066191084612662, "status": "Built", "source": "Eshkol", "type": "Education" }, "geometry": { "type": "Point", "coordinates": [ 35.041649219429871, 31.066191084612662 ] } },
{ "type": "Feature", "properties": { "longitude": 35.036037409603395, "latitude": 31.069683409056736, "status": "Built", "source": "Eshkol", "type": "Education" }, "geometry": { "type": "Point", "coordinates": [ 35.036037409603395, 31.069683409056736 ] } },
{ "type": "Feature", "properties": { "longitude": 34.916412730884559, "latitude": 31.300065928765338, "status": "Built", "source": "Eshkol", "type": "Education" }, "geometry": { "type": "Point", "coordinates": [ 34.916412730884559, 31.300065928765338 ] } },
{ "type": "Feature", "properties": { "longitude": 34.751295372506078, "latitude": 31.407717007503766, "status": "Built", "source": "Eshkol", "type": "Education" }, "geometry": { "type": "Point", "coordinates": [ 34.751295372506078, 31.407717007503766 ] } },
{ "type": "Feature", "properties": { "longitude": 34.738151549011015, "latitude": 31.388468774280891, "status": "Built", "source": "Eshkol", "type": "Education" }, "geometry": { "type": "Point", "coordinates": [ 34.738151549011015, 31.388468774280891 ] } },
{ "type": "Feature", "properties": { "longitude": 34.757045882833999, "latitude": 31.399160299029376, "status": "Built", "source": "Eshkol", "type": "Education" }, "geometry": { "type": "Point", "coordinates": [ 34.757045882833999, 31.399160299029376 ] } },
{ "type": "Feature", "properties": { "longitude": 34.940191969632096, "latitude": 31.326732261042718, "status": "Built", "source": "Eshkol", "type": "Education" }, "geometry": { "type": "Point", "coordinates": [ 34.940191969632096, 31.326732261042718 ] } },
{ "type": "Feature", "properties": { "longitude": 35.025285654752778, "latitude": 31.075847208202092, "status": "Built", "source": "Eshkol", "type": "Education" }, "geometry": { "type": "Point", "coordinates": [ 35.025285654752778, 31.075847208202092 ] } },
{ "type": "Feature", "properties": { "longitude": 34.785428043322398, "latitude": 30.849723014777368, "status": "Built", "source": "Eshkol", "type": "Education" }, "geometry": { "type": "Point", "coordinates": [ 34.785428043322398, 30.849723014777368 ] } },
{ "type": "Feature", "properties": { "longitude": 35.216464826949995, "latitude": 31.255716713662917, "status": "Built", "source": "Eshkol", "type": "Education" }, "geometry": { "type": "Point", "coordinates": [ 35.216464826949995, 31.255716713662917 ] } },
{ "type": "Feature", "properties": { "longitude": 34.928906019799271, "latitude": 30.986727592538472, "status": "Built", "source": "Eshkol", "type": "Education" }, "geometry": { "type": "Point", "coordinates": [ 34.928906019799271, 30.986727592538472 ] } },
{ "type": "Feature", "properties": { "longitude": 35.06884971736941, "latitude": 31.250261237451788, "status": "Built", "source": "Eshkol", "type": "Education" }, "geometry": { "type": "Point", "coordinates": [ 35.06884971736941, 31.250261237451788 ] } },
{ "type": "Feature", "properties": { "longitude": 34.867085561684128, "latitude": 31.327228328395766, "status": "Built", "source": "Eshkol", "type": "Education" }, "geometry": { "type": "Point", "coordinates": [ 34.867085561684128, 31.327228328395766 ] } },
{ "type": "Feature", "properties": { "longitude": 34.865545500298111, "latitude": 31.246738261772041, "status": "Built", "source": "Eshkol", "type": "Education" }, "geometry": { "type": "Point", "coordinates": [ 34.865545500298111, 31.246738261772041 ] } },
{ "type": "Feature", "properties": { "longitude": 34.865292646180968, "latitude": 31.255801791098044, "status": "Built", "source": "Eshkol", "type": "Education" }, "geometry": { "type": "Point", "coordinates": [ 34.865292646180968, 31.255801791098044 ] } },
{ "type": "Feature", "properties": { "longitude": 34.85714103965163, "latitude": 31.24846553354773, "status": "Built", "source": "Eshkol", "type": "Education" }, "geometry": { "type": "Point", "coordinates": [ 34.85714103965163, 31.24846553354773 ] } },
{ "type": "Feature", "properties": { "longitude": 34.866153169854762, "latitude": 31.247073569496958, "status": "Built", "source": "Eshkol", "type": "Education" }, "geometry": { "type": "Point", "coordinates": [ 34.866153169854762, 31.247073569496958 ] } },
{ "type": "Feature", "properties": { "longitude": 35.027742500559242, "latitude": 31.061933649535547, "status": "Built", "source": "Eshkol", "type": "Education" }, "geometry": { "type": "Point", "coordinates": [ 35.027742500559242, 31.061933649535547 ] } },
{ "type": "Feature", "properties": { "longitude": 35.027742500559242, "latitude": 31.061933649535547, "status": "Built", "source": "Eshkol", "type": "Education" }, "geometry": { "type": "Point", "coordinates": [ 35.027742500559242, 31.061933649535547 ] } },
{ "type": "Feature", "properties": { "longitude": 34.934168119188463, "latitude": 30.988100656653039, "status": "Built", "source": "Eshkol", "type": "Education" }, "geometry": { "type": "Point", "coordinates": [ 34.934168119188463, 30.988100656653039 ] } },
{ "type": "Feature", "properties": { "longitude": 35.214838227788867, "latitude": 31.262219671382496, "status": "Built", "source": "Eshkol", "type": "Education" }, "geometry": { "type": "Point", "coordinates": [ 35.214838227788867, 31.262219671382496 ] } },
{ "type": "Feature", "properties": { "longitude": 35.202553987838321, "latitude": 31.255284333860832, "status": "Built", "source": "Eshkol", "type": "Education" }, "geometry": { "type": "Point", "coordinates": [ 35.202553987838321, 31.255284333860832 ] } },
{ "type": "Feature", "properties": { "longitude": 35.026308953332382, "latitude": 31.07217772945161, "status": "Built", "source": "Eshkol", "type": "Education" }, "geometry": { "type": "Point", "coordinates": [ 35.026308953332382, 31.07217772945161 ] } },
{ "type": "Feature", "properties": { "longitude": 35.027742500559242, "latitude": 31.061933649535547, "status": "Built", "source": "Eshkol", "type": "Education" }, "geometry": { "type": "Point", "coordinates": [ 35.027742500559242, 31.061933649535547 ] } },
{ "type": "Feature", "properties": { "longitude": 34.933188322737315, "latitude": 31.189446678864364, "status": "Built", "source": "Eshkol", "type": "Education" }, "geometry": { "type": "Point", "coordinates": [ 34.933188322737315, 31.189446678864364 ] } },
{ "type": "Feature", "properties": { "longitude": 34.959141178688014, "latitude": 31.133561317100597, "status": "Built", "source": "Eshkol", "type": "Education" }, "geometry": { "type": "Point", "coordinates": [ 34.959141178688014, 31.133561317100597 ] } },
{ "type": "Feature", "properties": { "longitude": 34.983653517335554, "latitude": 31.080138992684955, "status": "Built", "source": "Eshkol", "type": "Education" }, "geometry": { "type": "Point", "coordinates": [ 34.983653517335554, 31.080138992684955 ] } },
{ "type": "Feature", "properties": { "longitude": 34.738380712285263, "latitude": 31.346306375828267, "status": "Built", "source": "Eshkol", "type": "Education" }, "geometry": { "type": "Point", "coordinates": [ 34.738380712285263, 31.346306375828267 ] } },
{ "type": "Feature", "properties": { "longitude": 34.922601994458475, "latitude": 31.285062918667879, "status": "Built", "source": "Eshkol", "type": "Education" }, "geometry": { "type": "Point", "coordinates": [ 34.922601994458475, 31.285062918667879 ] } },
{ "type": "Feature", "properties": { "longitude": 35.202144391473084, "latitude": 31.261155803063044, "status": "Built", "source": "Eshkol", "type": "Education" }, "geometry": { "type": "Point", "coordinates": [ 35.202144391473084, 31.261155803063044 ] } },
{ "type": "Feature", "properties": { "longitude": 34.942122141436307, "latitude": 31.32782752251773, "status": "Built", "source": "Eshkol", "type": "Education" }, "geometry": { "type": "Point", "coordinates": [ 34.942122141436307, 31.32782752251773 ] } },
{ "type": "Feature", "properties": { "longitude": 34.784880950955781, "latitude": 30.852923207896552, "status": "Built", "source": "Eshkol", "type": "Education" }, "geometry": { "type": "Point", "coordinates": [ 34.784880950955781, 30.852923207896552 ] } },
{ "type": "Feature", "properties": { "longitude": 35.214859232635845, "latitude": 31.26227378464684, "status": "Built", "source": "Eshkol", "type": "Education" }, "geometry": { "type": "Point", "coordinates": [ 35.214859232635845, 31.26227378464684 ] } },
{ "type": "Feature", "properties": { "longitude": 34.751295372506078, "latitude": 31.407717007503766, "status": "Built", "source": "Eshkol", "type": "Education" }, "geometry": { "type": "Point", "coordinates": [ 34.751295372506078, 31.407717007503766 ] } },
{ "type": "Feature", "properties": { "longitude": 34.916301259662823, "latitude": 31.281468364991571, "status": "Built", "source": "Eshkol", "type": "Education" }, "geometry": { "type": "Point", "coordinates": [ 34.916301259662823, 31.281468364991571 ] } },
{ "type": "Feature", "properties": { "longitude": 35.216212873556167, "latitude": 31.255852024352674, "status": "Built", "source": "Eshkol", "type": "Education" }, "geometry": { "type": "Point", "coordinates": [ 35.216212873556167, 31.255852024352674 ] } },
{ "type": "Feature", "properties": { "longitude": 34.769324597563909, "latitude": 31.003118755955789, "status": "Built", "source": "Eshkol", "type": "Education" }, "geometry": { "type": "Point", "coordinates": [ 34.769324597563909, 31.003118755955789 ] } },
{ "type": "Feature", "properties": { "longitude": 35.088811140602161, "latitude": 31.246600932070201, "status": "Built", "source": "Eshkol", "type": "Education" }, "geometry": { "type": "Point", "coordinates": [ 35.088811140602161, 31.246600932070201 ] } },
{ "type": "Feature", "properties": { "longitude": 35.086266325994536, "latitude": 31.233250228259177, "status": "Built", "source": "Eshkol", "type": "Education" }, "geometry": { "type": "Point", "coordinates": [ 35.086266325994536, 31.233250228259177 ] } },
{ "type": "Feature", "properties": { "longitude": 35.124776456065817, "latitude": 31.29645902774373, "status": "Built", "source": "Eshkol", "type": "Education" }, "geometry": { "type": "Point", "coordinates": [ 35.124776456065817, 31.29645902774373 ] } },
{ "type": "Feature", "properties": { "longitude": 34.738657221191239, "latitude": 31.345639981051789, "status": "Built", "source": "Eshkol", "type": "Education" }, "geometry": { "type": "Point", "coordinates": [ 34.738657221191239, 31.345639981051789 ] } },
{ "type": "Feature", "properties": { "longitude": 34.938985635111862, "latitude": 31.298734629974248, "status": "Planned", "source": "Eshkol", "type": "Meguniot" }, "geometry": { "type": "Point", "coordinates": [ 34.938985635111862, 31.298734629974248 ] } },
{ "type": "Feature", "properties": { "longitude": 34.935516525036, "latitude": 31.299802528025523, "status": "Planned", "source": "Eshkol", "type": "Meguniot" }, "geometry": { "type": "Point", "coordinates": [ 34.935516525036, 31.299802528025523 ] } },
{ "type": "Feature", "properties": { "longitude": 34.925530560048315, "latitude": 31.306891414880251, "status": "Planned", "source": "Eshkol", "type": "Meguniot" }, "geometry": { "type": "Point", "coordinates": [ 34.925530560048315, 31.306891414880251 ] } },
{ "type": "Feature", "properties": { "longitude": 34.92532491446557, "latitude": 31.300525261440338, "status": "Planned", "source": "Eshkol", "type": "Meguniot" }, "geometry": { "type": "Point", "coordinates": [ 34.92532491446557, 31.300525261440338 ] } },
{ "type": "Feature", "properties": { "longitude": 34.931876794745186, "latitude": 31.300674931544822, "status": "Planned", "source": "Eshkol", "type": "Meguniot" }, "geometry": { "type": "Point", "coordinates": [ 34.931876794745186, 31.300674931544822 ] } },
{ "type": "Feature", "properties": { "longitude": 34.931880105195916, "latitude": 31.300731613296723, "status": "Planned", "source": "Eshkol", "type": "Meguniot" }, "geometry": { "type": "Point", "coordinates": [ 34.931880105195916, 31.300731613296723 ] } },
{ "type": "Feature", "properties": { "longitude": 34.928307988026184, "latitude": 31.298098713419556, "status": "Planned", "source": "Eshkol", "type": "Meguniot" }, "geometry": { "type": "Point", "coordinates": [ 34.928307988026184, 31.298098713419556 ] } },
{ "type": "Feature", "properties": { "longitude": 34.924992739847362, "latitude": 31.293435278897817, "status": "Planned", "source": "Eshkol", "type": "Meguniot" }, "geometry": { "type": "Point", "coordinates": [ 34.924992739847362, 31.293435278897817 ] } },
{ "type": "Feature", "properties": { "longitude": 34.923603979019212, "latitude": 31.293818131574344, "status": "Planned", "source": "Eshkol", "type": "Meguniot" }, "geometry": { "type": "Point", "coordinates": [ 34.923603979019212, 31.293818131574344 ] } },
{ "type": "Feature", "properties": { "longitude": 34.940824945802554, "latitude": 31.29249482923256, "status": "Planned", "source": "Eshkol", "type": "Meguniot" }, "geometry": { "type": "Point", "coordinates": [ 34.940824945802554, 31.29249482923256 ] } },
{ "type": "Feature", "properties": { "longitude": 34.943352594011543, "latitude": 31.292109441873489, "status": "Planned", "source": "Eshkol", "type": "Meguniot" }, "geometry": { "type": "Point", "coordinates": [ 34.943352594011543, 31.292109441873489 ] } },
{ "type": "Feature", "properties": { "longitude": 34.946275051217221, "latitude": 31.295408808085423, "status": "Planned", "source": "Eshkol", "type": "Meguniot" }, "geometry": { "type": "Point", "coordinates": [ 34.946275051217221, 31.295408808085423 ] } },
{ "type": "Feature", "properties": { "longitude": 34.9332533150938, "latitude": 31.295837715809373, "status": "Planned", "source": "Eshkol", "type": "Meguniot" }, "geometry": { "type": "Point", "coordinates": [ 34.9332533150938, 31.295837715809373 ] } },
{ "type": "Feature", "properties": { "longitude": 34.941473480726074, "latitude": 31.287857156577186, "status": "Planned", "source": "Eshkol", "type": "Meguniot" }, "geometry": { "type": "Point", "coordinates": [ 34.941473480726074, 31.287857156577186 ] } },
{ "type": "Feature", "properties": { "longitude": 34.939747764484991, "latitude": 31.289828524302614, "status": "Planned", "source": "Eshkol", "type": "Meguniot" }, "geometry": { "type": "Point", "coordinates": [ 34.939747764484991, 31.289828524302614 ] } },
{ "type": "Feature", "properties": { "longitude": 34.926970742528184, "latitude": 31.293987617995747, "status": "Planned", "source": "Eshkol", "type": "Meguniot" }, "geometry": { "type": "Point", "coordinates": [ 34.926970742528184, 31.293987617995747 ] } },
{ "type": "Feature", "properties": { "longitude": 34.928153180693869, "latitude": 31.292174774561076, "status": "Planned", "source": "Eshkol", "type": "Meguniot" }, "geometry": { "type": "Point", "coordinates": [ 34.928153180693869, 31.292174774561076 ] } },
{ "type": "Feature", "properties": { "longitude": 34.923337225675759, "latitude": 31.302887113117016, "status": "Planned", "source": "Eshkol", "type": "Meguniot" }, "geometry": { "type": "Point", "coordinates": [ 34.923337225675759, 31.302887113117016 ] } },
{ "type": "Feature", "properties": { "longitude": 34.925029320547118, "latitude": 31.30052902106247, "status": "Planned", "source": "Eshkol", "type": "Meguniot" }, "geometry": { "type": "Point", "coordinates": [ 34.925029320547118, 31.30052902106247 ] } },
{ "type": "Feature", "properties": { "longitude": 34.919693043496203, "latitude": 31.30177058235796, "status": "Planned", "source": "Eshkol", "type": "Meguniot" }, "geometry": { "type": "Point", "coordinates": [ 34.919693043496203, 31.30177058235796 ] } },
{ "type": "Feature", "properties": { "longitude": 34.919928861364646, "latitude": 31.302062974230353, "status": "Planned", "source": "Eshkol", "type": "Meguniot" }, "geometry": { "type": "Point", "coordinates": [ 34.919928861364646, 31.302062974230353 ] } },
{ "type": "Feature", "properties": { "longitude": 34.925644363863462, "latitude": 31.298290535402032, "status": "Planned", "source": "Eshkol", "type": "Meguniot" }, "geometry": { "type": "Point", "coordinates": [ 34.925644363863462, 31.298290535402032 ] } },
{ "type": "Feature", "properties": { "longitude": 34.942395852194863, "latitude": 31.301152811469819, "status": "Planned", "source": "Eshkol", "type": "Meguniot" }, "geometry": { "type": "Point", "coordinates": [ 34.942395852194863, 31.301152811469819 ] } },
{ "type": "Feature", "properties": { "longitude": 34.942374179767803, "latitude": 31.3011513350374, "status": "Planned", "source": "Eshkol", "type": "Meguniot" }, "geometry": { "type": "Point", "coordinates": [ 34.942374179767803, 31.3011513350374 ] } },
{ "type": "Feature", "properties": { "longitude": 34.942425867435261, "latitude": 31.301152872690828, "status": "Planned", "source": "Eshkol", "type": "Meguniot" }, "geometry": { "type": "Point", "coordinates": [ 34.942425867435261, 31.301152872690828 ] } },
{ "type": "Feature", "properties": { "longitude": 34.950054505284413, "latitude": 31.299826176810175, "status": "Planned", "source": "Eshkol", "type": "Meguniot" }, "geometry": { "type": "Point", "coordinates": [ 34.950054505284413, 31.299826176810175 ] } },
{ "type": "Feature", "properties": { "longitude": 34.945591169285208, "latitude": 31.300550814407679, "status": "Planned", "source": "Eshkol", "type": "Meguniot" }, "geometry": { "type": "Point", "coordinates": [ 34.945591169285208, 31.300550814407679 ] } },
{ "type": "Feature", "properties": { "longitude": 34.951332022249019, "latitude": 31.303132461100716, "status": "Planned", "source": "Eshkol", "type": "Meguniot" }, "geometry": { "type": "Point", "coordinates": [ 34.951332022249019, 31.303132461100716 ] } },
{ "type": "Feature", "properties": { "longitude": 34.951345415742999, "latitude": 31.303112442671537, "status": "Planned", "source": "Eshkol", "type": "Meguniot" }, "geometry": { "type": "Point", "coordinates": [ 34.951345415742999, 31.303112442671537 ] } },
{ "type": "Feature", "properties": { "longitude": 34.945631137104577, "latitude": 31.300569507529087, "status": "Planned", "source": "Eshkol", "type": "Meguniot" }, "geometry": { "type": "Point", "coordinates": [ 34.945631137104577, 31.300569507529087 ] } },
{ "type": "Feature", "properties": { "longitude": 34.940891257066255, "latitude": 31.297219227680372, "status": "Planned", "source": "Eshkol", "type": "Meguniot" }, "geometry": { "type": "Point", "coordinates": [ 34.940891257066255, 31.297219227680372 ] } },
{ "type": "Feature", "properties": { "longitude": 34.941481185551837, "latitude": 31.295867465876505, "status": "Planned", "source": "Eshkol", "type": "Meguniot" }, "geometry": { "type": "Point", "coordinates": [ 34.941481185551837, 31.295867465876505 ] } },
{ "type": "Feature", "properties": { "longitude": 34.936445740312365, "latitude": 31.298546241413579, "status": "Planned", "source": "Eshkol", "type": "Meguniot" }, "geometry": { "type": "Point", "coordinates": [ 34.936445740312365, 31.298546241413579 ] } },
{ "type": "Feature", "properties": { "longitude": 34.937511404554222, "latitude": 31.280850898467435, "status": "Planned", "source": "Eshkol", "type": "Meguniot" }, "geometry": { "type": "Point", "coordinates": [ 34.937511404554222, 31.280850898467435 ] } },
{ "type": "Feature", "properties": { "longitude": 34.94146257398863, "latitude": 31.282775671088444, "status": "Planned", "source": "Eshkol", "type": "Meguniot" }, "geometry": { "type": "Point", "coordinates": [ 34.94146257398863, 31.282775671088444 ] } },
{ "type": "Feature", "properties": { "longitude": 34.941450441367635, "latitude": 31.282741997929705, "status": "Planned", "source": "Eshkol", "type": "Meguniot" }, "geometry": { "type": "Point", "coordinates": [ 34.941450441367635, 31.282741997929705 ] } },
{ "type": "Feature", "properties": { "longitude": 34.929876062826246, "latitude": 31.308864435365113, "status": "Planned", "source": "Eshkol", "type": "Meguniot" }, "geometry": { "type": "Point", "coordinates": [ 34.929876062826246, 31.308864435365113 ] } },
{ "type": "Feature", "properties": { "longitude": 34.931212459780021, "latitude": 31.307859299720946, "status": "Planned", "source": "Eshkol", "type": "Meguniot" }, "geometry": { "type": "Point", "coordinates": [ 34.931212459780021, 31.307859299720946 ] } },
{ "type": "Feature", "properties": { "longitude": 34.926812460006126, "latitude": 31.305627956487502, "status": "Planned", "source": "Eshkol", "type": "Meguniot" }, "geometry": { "type": "Point", "coordinates": [ 34.926812460006126, 31.305627956487502 ] } },
{ "type": "Feature", "properties": { "longitude": 34.750265150701097, "latitude": 31.34284893057043, "status": "Planned", "source": "Eshkol", "type": "Meguniot" }, "geometry": { "type": "Point", "coordinates": [ 34.750265150701097, 31.34284893057043 ] } },
{ "type": "Feature", "properties": { "longitude": 34.881404531333409, "latitude": 31.279132678107889, "status": "Planned", "source": "Eshkol", "type": "Meguniot" }, "geometry": { "type": "Point", "coordinates": [ 34.881404531333409, 31.279132678107889 ] } },
{ "type": "Feature", "properties": { "longitude": 34.885438902957283, "latitude": 31.277009750180614, "status": "Planned", "source": "Eshkol", "type": "Meguniot" }, "geometry": { "type": "Point", "coordinates": [ 34.885438902957283, 31.277009750180614 ] } },
{ "type": "Feature", "properties": { "longitude": 34.885438902957283, "latitude": 31.277009750180614, "status": "Planned", "source": "Eshkol", "type": "Meguniot" }, "geometry": { "type": "Point", "coordinates": [ 34.885438902957283, 31.277009750180614 ] } },
{ "type": "Feature", "properties": { "longitude": 34.874028404640789, "latitude": 31.281509655590568, "status": "Planned", "source": "Eshkol", "type": "Meguniot" }, "geometry": { "type": "Point", "coordinates": [ 34.874028404640789, 31.281509655590568 ] } },
{ "type": "Feature", "properties": { "longitude": 34.989778016508865, "latitude": 31.26079440588698, "status": "Planned", "source": "Eshkol", "type": "Meguniot" }, "geometry": { "type": "Point", "coordinates": [ 34.989778016508865, 31.26079440588698 ] } },
{ "type": "Feature", "properties": { "longitude": 34.970176999079811, "latitude": 31.260842328896196, "status": "Planned", "source": "Eshkol", "type": "Meguniot" }, "geometry": { "type": "Point", "coordinates": [ 34.970176999079811, 31.260842328896196 ] } },
{ "type": "Feature", "properties": { "longitude": 34.962904163777331, "latitude": 31.253793262077586, "status": "Planned", "source": "Eshkol", "type": "Meguniot" }, "geometry": { "type": "Point", "coordinates": [ 34.962904163777331, 31.253793262077586 ] } },
{ "type": "Feature", "properties": { "longitude": 34.962920948454602, "latitude": 31.253746760393049, "status": "Planned", "source": "Eshkol", "type": "Meguniot" }, "geometry": { "type": "Point", "coordinates": [ 34.962920948454602, 31.253746760393049 ] } },
{ "type": "Feature", "properties": { "longitude": 34.958959632587828, "latitude": 31.25690669693741, "status": "Planned", "source": "Eshkol", "type": "Meguniot" }, "geometry": { "type": "Point", "coordinates": [ 34.958959632587828, 31.25690669693741 ] } },
{ "type": "Feature", "properties": { "longitude": 34.958998620877331, "latitude": 31.256868589880522, "status": "Planned", "source": "Eshkol", "type": "Meguniot" }, "geometry": { "type": "Point", "coordinates": [ 34.958998620877331, 31.256868589880522 ] } },
{ "type": "Feature", "properties": { "longitude": 35.037442889088979, "latitude": 31.266138453882064, "status": "Planned", "source": "Eshkol", "type": "Meguniot" }, "geometry": { "type": "Point", "coordinates": [ 35.037442889088979, 31.266138453882064 ] } },
{ "type": "Feature", "properties": { "longitude": 35.037453675984246, "latitude": 31.266165672250985, "status": "Planned", "source": "Eshkol", "type": "Meguniot" }, "geometry": { "type": "Point", "coordinates": [ 35.037453675984246, 31.266165672250985 ] } },
{ "type": "Feature", "properties": { "longitude": 35.125168180293542, "latitude": 31.296266258757932, "status": "Planned", "source": "Eshkol", "type": "Meguniot" }, "geometry": { "type": "Point", "coordinates": [ 35.125168180293542, 31.296266258757932 ] } },
{ "type": "Feature", "properties": { "longitude": 35.056394126930506, "latitude": 31.284377094947608, "status": "Planned", "source": "Eshkol", "type": "Meguniot" }, "geometry": { "type": "Point", "coordinates": [ 35.056394126930506, 31.284377094947608 ] } },
{ "type": "Feature", "properties": { "longitude": 35.05644651376516, "latitude": 31.284354723889759, "status": "Planned", "source": "Eshkol", "type": "Meguniot" }, "geometry": { "type": "Point", "coordinates": [ 35.05644651376516, 31.284354723889759 ] } },
{ "type": "Feature", "properties": { "longitude": 34.693019552752233, "latitude": 31.024740664901355, "status": "Planned", "source": "Eshkol", "type": "Meguniot" }, "geometry": { "type": "Point", "coordinates": [ 34.693019552752233, 31.024740664901355 ] } },
{ "type": "Feature", "properties": { "longitude": 34.691365428523262, "latitude": 31.022314450079598, "status": "Planned", "source": "Eshkol", "type": "Meguniot" }, "geometry": { "type": "Point", "coordinates": [ 34.691365428523262, 31.022314450079598 ] } },
{ "type": "Feature", "properties": { "longitude": 34.698701382309636, "latitude": 31.01740983179938, "status": "Planned", "source": "Eshkol", "type": "Meguniot" }, "geometry": { "type": "Point", "coordinates": [ 34.698701382309636, 31.01740983179938 ] } },
{ "type": "Feature", "properties": { "longitude": 34.702301692746865, "latitude": 31.025811843833704, "status": "Planned", "source": "Eshkol", "type": "Meguniot" }, "geometry": { "type": "Point", "coordinates": [ 34.702301692746865, 31.025811843833704 ] } },
{ "type": "Feature", "properties": { "longitude": 34.712532009293668, "latitude": 31.017927545777884, "status": "Planned", "source": "Eshkol", "type": "Meguniot" }, "geometry": { "type": "Point", "coordinates": [ 34.712532009293668, 31.017927545777884 ] } },
{ "type": "Feature", "properties": { "longitude": 34.715853189772268, "latitude": 31.01681143882977, "status": "Planned", "source": "Eshkol", "type": "Meguniot" }, "geometry": { "type": "Point", "coordinates": [ 34.715853189772268, 31.01681143882977 ] } },
{ "type": "Feature", "properties": { "longitude": 34.705972186651366, "latitude": 31.032924260428768, "status": "Planned", "source": "Eshkol", "type": "Meguniot" }, "geometry": { "type": "Point", "coordinates": [ 34.705972186651366, 31.032924260428768 ] } },
{ "type": "Feature", "properties": { "longitude": 34.707016407645256, "latitude": 31.023458017481424, "status": "Planned", "source": "Eshkol", "type": "Meguniot" }, "geometry": { "type": "Point", "coordinates": [ 34.707016407645256, 31.023458017481424 ] } },
{ "type": "Feature", "properties": { "longitude": 34.715430417260244, "latitude": 31.026737115497578, "status": "Planned", "source": "Eshkol", "type": "Meguniot" }, "geometry": { "type": "Point", "coordinates": [ 34.715430417260244, 31.026737115497578 ] } },
{ "type": "Feature", "properties": { "longitude": 34.722668148839631, "latitude": 31.014119233017368, "status": "Planned", "source": "Eshkol", "type": "Meguniot" }, "geometry": { "type": "Point", "coordinates": [ 34.722668148839631, 31.014119233017368 ] } },
{ "type": "Feature", "properties": { "longitude": 34.988780459339502, "latitude": 31.07613377979013, "status": "Planned", "source": "Eshkol", "type": "Meguniot" }, "geometry": { "type": "Point", "coordinates": [ 34.988780459339502, 31.07613377979013 ] } },
{ "type": "Feature", "properties": { "longitude": 34.987713195791777, "latitude": 31.08005541567967, "status": "Planned", "source": "Eshkol", "type": "Meguniot" }, "geometry": { "type": "Point", "coordinates": [ 34.987713195791777, 31.08005541567967 ] } },
{ "type": "Feature", "properties": { "longitude": 34.983840249203674, "latitude": 31.078145764608525, "status": "Planned", "source": "Eshkol", "type": "Meguniot" }, "geometry": { "type": "Point", "coordinates": [ 34.983840249203674, 31.078145764608525 ] } },
{ "type": "Feature", "properties": { "longitude": 34.98109993526004, "latitude": 31.075913265792046, "status": "Planned", "source": "Eshkol", "type": "Meguniot" }, "geometry": { "type": "Point", "coordinates": [ 34.98109993526004, 31.075913265792046 ] } },
{ "type": "Feature", "properties": { "longitude": 34.978721174696894, "latitude": 31.081540770803681, "status": "Planned", "source": "Eshkol", "type": "Meguniot" }, "geometry": { "type": "Point", "coordinates": [ 34.978721174696894, 31.081540770803681 ] } },
{ "type": "Feature", "properties": { "longitude": 34.976746266075537, "latitude": 31.082381556769111, "status": "Planned", "source": "Eshkol", "type": "Meguniot" }, "geometry": { "type": "Point", "coordinates": [ 34.976746266075537, 31.082381556769111 ] } },
{ "type": "Feature", "properties": { "longitude": 34.977285090947497, "latitude": 31.084953023224319, "status": "Planned", "source": "Eshkol", "type": "Meguniot" }, "geometry": { "type": "Point", "coordinates": [ 34.977285090947497, 31.084953023224319 ] } },
{ "type": "Feature", "properties": { "longitude": 34.979746987339745, "latitude": 31.090251401468638, "status": "Planned", "source": "Eshkol", "type": "Meguniot" }, "geometry": { "type": "Point", "coordinates": [ 34.979746987339745, 31.090251401468638 ] } },
{ "type": "Feature", "properties": { "longitude": 34.981721085719904, "latitude": 31.091700980578491, "status": "Planned", "source": "Eshkol", "type": "Meguniot" }, "geometry": { "type": "Point", "coordinates": [ 34.981721085719904, 31.091700980578491 ] } },
{ "type": "Feature", "properties": { "longitude": 34.982314913959407, "latitude": 31.094188577542067, "status": "Planned", "source": "Eshkol", "type": "Meguniot" }, "geometry": { "type": "Point", "coordinates": [ 34.982314913959407, 31.094188577542067 ] } },
{ "type": "Feature", "properties": { "longitude": 34.980281693497872, "latitude": 31.094158001367184, "status": "Planned", "source": "Eshkol", "type": "Meguniot" }, "geometry": { "type": "Point", "coordinates": [ 34.980281693497872, 31.094158001367184 ] } },
{ "type": "Feature", "properties": { "longitude": 34.959610497550308, "latitude": 31.123893171891076, "status": "Planned", "source": "Eshkol", "type": "Meguniot" }, "geometry": { "type": "Point", "coordinates": [ 34.959610497550308, 31.123893171891076 ] } },
{ "type": "Feature", "properties": { "longitude": 34.960404715145508, "latitude": 31.126206897414853, "status": "Planned", "source": "Eshkol", "type": "Meguniot" }, "geometry": { "type": "Point", "coordinates": [ 34.960404715145508, 31.126206897414853 ] } },
{ "type": "Feature", "properties": { "longitude": 34.966433422460433, "latitude": 31.137398805205965, "status": "Planned", "source": "Eshkol", "type": "Meguniot" }, "geometry": { "type": "Point", "coordinates": [ 34.966433422460433, 31.137398805205965 ] } },
{ "type": "Feature", "properties": { "longitude": 34.963337643958234, "latitude": 31.138394189390219, "status": "Planned", "source": "Eshkol", "type": "Meguniot" }, "geometry": { "type": "Point", "coordinates": [ 34.963337643958234, 31.138394189390219 ] } },
{ "type": "Feature", "properties": { "longitude": 34.954501875946185, "latitude": 31.136979365766987, "status": "Planned", "source": "Eshkol", "type": "Meguniot" }, "geometry": { "type": "Point", "coordinates": [ 34.954501875946185, 31.136979365766987 ] } },
{ "type": "Feature", "properties": { "longitude": 34.949628154539873, "latitude": 31.140126564599846, "status": "Planned", "source": "Eshkol", "type": "Meguniot" }, "geometry": { "type": "Point", "coordinates": [ 34.949628154539873, 31.140126564599846 ] } },
{ "type": "Feature", "properties": { "longitude": 34.954670268080001, "latitude": 31.144745282773219, "status": "Planned", "source": "Eshkol", "type": "Meguniot" }, "geometry": { "type": "Point", "coordinates": [ 34.954670268080001, 31.144745282773219 ] } },
{ "type": "Feature", "properties": { "longitude": 34.964381503150328, "latitude": 31.144430030807548, "status": "Planned", "source": "Eshkol", "type": "Meguniot" }, "geometry": { "type": "Point", "coordinates": [ 34.964381503150328, 31.144430030807548 ] } },
{ "type": "Feature", "properties": { "longitude": 34.964544789755905, "latitude": 31.146216149568435, "status": "Planned", "source": "Eshkol", "type": "Meguniot" }, "geometry": { "type": "Point", "coordinates": [ 34.964544789755905, 31.146216149568435 ] } },
{ "type": "Feature", "properties": { "longitude": 34.963876487055728, "latitude": 31.149245375497738, "status": "Planned", "source": "Eshkol", "type": "Meguniot" }, "geometry": { "type": "Point", "coordinates": [ 34.963876487055728, 31.149245375497738 ] } },
{ "type": "Feature", "properties": { "longitude": 34.976391256669473, "latitude": 31.143252285257262, "status": "Planned", "source": "Eshkol", "type": "Meguniot" }, "geometry": { "type": "Point", "coordinates": [ 34.976391256669473, 31.143252285257262 ] } },
{ "type": "Feature", "properties": { "longitude": 34.912987352802823, "latitude": 31.191097748477727, "status": "Planned", "source": "Eshkol", "type": "Meguniot" }, "geometry": { "type": "Point", "coordinates": [ 34.912987352802823, 31.191097748477727 ] } },
{ "type": "Feature", "properties": { "longitude": 34.909729342303798, "latitude": 31.190927910199861, "status": "Planned", "source": "Eshkol", "type": "Meguniot" }, "geometry": { "type": "Point", "coordinates": [ 34.909729342303798, 31.190927910199861 ] } },
{ "type": "Feature", "properties": { "longitude": 34.90891788943587, "latitude": 31.185334154093223, "status": "Planned", "source": "Eshkol", "type": "Meguniot" }, "geometry": { "type": "Point", "coordinates": [ 34.90891788943587, 31.185334154093223 ] } },
{ "type": "Feature", "properties": { "longitude": 34.916501249976747, "latitude": 31.185847394746805, "status": "Planned", "source": "Eshkol", "type": "Meguniot" }, "geometry": { "type": "Point", "coordinates": [ 34.916501249976747, 31.185847394746805 ] } },
{ "type": "Feature", "properties": { "longitude": 34.926207376453412, "latitude": 31.184969975589105, "status": "Planned", "source": "Eshkol", "type": "Meguniot" }, "geometry": { "type": "Point", "coordinates": [ 34.926207376453412, 31.184969975589105 ] } },
{ "type": "Feature", "properties": { "longitude": 34.92133283938422, "latitude": 31.187880552213944, "status": "Planned", "source": "Eshkol", "type": "Meguniot" }, "geometry": { "type": "Point", "coordinates": [ 34.92133283938422, 31.187880552213944 ] } },
{ "type": "Feature", "properties": { "longitude": 34.935250483197876, "latitude": 31.185175448891318, "status": "Planned", "source": "Eshkol", "type": "Meguniot" }, "geometry": { "type": "Point", "coordinates": [ 34.935250483197876, 31.185175448891318 ] } },
{ "type": "Feature", "properties": { "longitude": 34.935756452891056, "latitude": 31.1815905456241, "status": "Planned", "source": "Eshkol", "type": "Meguniot" }, "geometry": { "type": "Point", "coordinates": [ 34.935756452891056, 31.1815905456241 ] } },
{ "type": "Feature", "properties": { "longitude": 34.939729441344817, "latitude": 31.180081800828432, "status": "Planned", "source": "Eshkol", "type": "Meguniot" }, "geometry": { "type": "Point", "coordinates": [ 34.939729441344817, 31.180081800828432 ] } },
{ "type": "Feature", "properties": { "longitude": 34.93965385354943, "latitude": 31.184453706365737, "status": "Planned", "source": "Eshkol", "type": "Meguniot" }, "geometry": { "type": "Point", "coordinates": [ 34.93965385354943, 31.184453706365737 ] } },
{ "type": "Feature", "properties": { "longitude": 34.877240450154424, "latitude": 31.24178949597469, "status": "Planned", "source": "Eshkol", "type": "Meguniot" }, "geometry": { "type": "Point", "coordinates": [ 34.877240450154424, 31.24178949597469 ] } },
{ "type": "Feature", "properties": { "longitude": 34.868586446329033, "latitude": 31.240062576671718, "status": "Planned", "source": "Eshkol", "type": "Meguniot" }, "geometry": { "type": "Point", "coordinates": [ 34.868586446329033, 31.240062576671718 ] } },
{ "type": "Feature", "properties": { "longitude": 34.873442830989909, "latitude": 31.250379010972747, "status": "Planned", "source": "Eshkol", "type": "Meguniot" }, "geometry": { "type": "Point", "coordinates": [ 34.873442830989909, 31.250379010972747 ] } },
{ "type": "Feature", "properties": { "longitude": 34.873309276605937, "latitude": 31.249235732449911, "status": "Planned", "source": "Eshkol", "type": "Meguniot" }, "geometry": { "type": "Point", "coordinates": [ 34.873309276605937, 31.249235732449911 ] } },
{ "type": "Feature", "properties": { "longitude": 34.875648310150638, "latitude": 31.249893599284437, "status": "Planned", "source": "Eshkol", "type": "Meguniot" }, "geometry": { "type": "Point", "coordinates": [ 34.875648310150638, 31.249893599284437 ] } },
{ "type": "Feature", "properties": { "longitude": 34.873366706926184, "latitude": 31.247991246243764, "status": "Planned", "source": "Eshkol", "type": "Meguniot" }, "geometry": { "type": "Point", "coordinates": [ 34.873366706926184, 31.247991246243764 ] } },
{ "type": "Feature", "properties": { "longitude": 34.876016676192329, "latitude": 31.253257226133577, "status": "Planned", "source": "Eshkol", "type": "Meguniot" }, "geometry": { "type": "Point", "coordinates": [ 34.876016676192329, 31.253257226133577 ] } },
{ "type": "Feature", "properties": { "longitude": 34.87449127854493, "latitude": 31.254645241629166, "status": "Planned", "source": "Eshkol", "type": "Meguniot" }, "geometry": { "type": "Point", "coordinates": [ 34.87449127854493, 31.254645241629166 ] } },
{ "type": "Feature", "properties": { "longitude": 34.870010507837293, "latitude": 31.249689468983902, "status": "Planned", "source": "Eshkol", "type": "Meguniot" }, "geometry": { "type": "Point", "coordinates": [ 34.870010507837293, 31.249689468983902 ] } },
{ "type": "Feature", "properties": { "longitude": 34.870977153509401, "latitude": 31.251596458303144, "status": "Planned", "source": "Eshkol", "type": "Meguniot" }, "geometry": { "type": "Point", "coordinates": [ 34.870977153509401, 31.251596458303144 ] } },
{ "type": "Feature", "properties": { "longitude": 34.866857881244577, "latitude": 31.248938563029398, "status": "Planned", "source": "Eshkol", "type": "Meguniot" }, "geometry": { "type": "Point", "coordinates": [ 34.866857881244577, 31.248938563029398 ] } },
{ "type": "Feature", "properties": { "longitude": 34.867131935330079, "latitude": 31.247730393815971, "status": "Planned", "source": "Eshkol", "type": "Meguniot" }, "geometry": { "type": "Point", "coordinates": [ 34.867131935330079, 31.247730393815971 ] } },
{ "type": "Feature", "properties": { "longitude": 34.869290359660148, "latitude": 31.242860332798557, "status": "Planned", "source": "Eshkol", "type": "Meguniot" }, "geometry": { "type": "Point", "coordinates": [ 34.869290359660148, 31.242860332798557 ] } },
{ "type": "Feature", "properties": { "longitude": 34.852399219493272, "latitude": 31.250943499602329, "status": "Planned", "source": "Eshkol", "type": "Meguniot" }, "geometry": { "type": "Point", "coordinates": [ 34.852399219493272, 31.250943499602329 ] } },
{ "type": "Feature", "properties": { "longitude": 34.865207258288073, "latitude": 31.245708678012221, "status": "Planned", "source": "Eshkol", "type": "Meguniot" }, "geometry": { "type": "Point", "coordinates": [ 34.865207258288073, 31.245708678012221 ] } },
{ "type": "Feature", "properties": { "longitude": 34.868283055734452, "latitude": 31.244468423285468, "status": "Planned", "source": "Eshkol", "type": "Meguniot" }, "geometry": { "type": "Point", "coordinates": [ 34.868283055734452, 31.244468423285468 ] } },
{ "type": "Feature", "properties": { "longitude": 34.867817905301187, "latitude": 31.243617699130606, "status": "Planned", "source": "Eshkol", "type": "Meguniot" }, "geometry": { "type": "Point", "coordinates": [ 34.867817905301187, 31.243617699130606 ] } },
{ "type": "Feature", "properties": { "longitude": 34.869404138292893, "latitude": 31.24227847650257, "status": "Planned", "source": "Eshkol", "type": "Meguniot" }, "geometry": { "type": "Point", "coordinates": [ 34.869404138292893, 31.24227847650257 ] } },
{ "type": "Feature", "properties": { "longitude": 34.870573588808639, "latitude": 31.241304298935159, "status": "Planned", "source": "Eshkol", "type": "Meguniot" }, "geometry": { "type": "Point", "coordinates": [ 34.870573588808639, 31.241304298935159 ] } },
{ "type": "Feature", "properties": { "longitude": 34.866694657214225, "latitude": 31.242255664981762, "status": "Planned", "source": "Eshkol", "type": "Meguniot" }, "geometry": { "type": "Point", "coordinates": [ 34.866694657214225, 31.242255664981762 ] } },
{ "type": "Feature", "properties": { "longitude": 34.86610539734081, "latitude": 31.240671025004136, "status": "Planned", "source": "Eshkol", "type": "Meguniot" }, "geometry": { "type": "Point", "coordinates": [ 34.86610539734081, 31.240671025004136 ] } },
{ "type": "Feature", "properties": { "longitude": 34.862589253146091, "latitude": 31.240959206657799, "status": "Planned", "source": "Eshkol", "type": "Meguniot" }, "geometry": { "type": "Point", "coordinates": [ 34.862589253146091, 31.240959206657799 ] } },
{ "type": "Feature", "properties": { "longitude": 34.862516424789099, "latitude": 31.238077517497143, "status": "Planned", "source": "Eshkol", "type": "Meguniot" }, "geometry": { "type": "Point", "coordinates": [ 34.862516424789099, 31.238077517497143 ] } },
{ "type": "Feature", "properties": { "longitude": 34.861110231034409, "latitude": 31.238059625614017, "status": "Planned", "source": "Eshkol", "type": "Meguniot" }, "geometry": { "type": "Point", "coordinates": [ 34.861110231034409, 31.238059625614017 ] } },
{ "type": "Feature", "properties": { "longitude": 34.861295269685009, "latitude": 31.241811070697281, "status": "Planned", "source": "Eshkol", "type": "Meguniot" }, "geometry": { "type": "Point", "coordinates": [ 34.861295269685009, 31.241811070697281 ] } },
{ "type": "Feature", "properties": { "longitude": 34.859260323589474, "latitude": 31.238513655528173, "status": "Planned", "source": "Eshkol", "type": "Meguniot" }, "geometry": { "type": "Point", "coordinates": [ 34.859260323589474, 31.238513655528173 ] } },
{ "type": "Feature", "properties": { "longitude": 34.856338336388902, "latitude": 31.239641386288508, "status": "Planned", "source": "Eshkol", "type": "Meguniot" }, "geometry": { "type": "Point", "coordinates": [ 34.856338336388902, 31.239641386288508 ] } },
{ "type": "Feature", "properties": { "longitude": 34.853654522191505, "latitude": 31.239788573570824, "status": "Planned", "source": "Eshkol", "type": "Meguniot" }, "geometry": { "type": "Point", "coordinates": [ 34.853654522191505, 31.239788573570824 ] } },
{ "type": "Feature", "properties": { "longitude": 34.857413819264274, "latitude": 31.255980599097285, "status": "Planned", "source": "Eshkol", "type": "Meguniot" }, "geometry": { "type": "Point", "coordinates": [ 34.857413819264274, 31.255980599097285 ] } },
{ "type": "Feature", "properties": { "longitude": 34.854374755641274, "latitude": 31.238718215652845, "status": "Planned", "source": "Eshkol", "type": "Meguniot" }, "geometry": { "type": "Point", "coordinates": [ 34.854374755641274, 31.238718215652845 ] } },
{ "type": "Feature", "properties": { "longitude": 34.846450312874772, "latitude": 31.242356842308936, "status": "Planned", "source": "Eshkol", "type": "Meguniot" }, "geometry": { "type": "Point", "coordinates": [ 34.846450312874772, 31.242356842308936 ] } },
{ "type": "Feature", "properties": { "longitude": 34.848233254131642, "latitude": 31.242776671323469, "status": "Planned", "source": "Eshkol", "type": "Meguniot" }, "geometry": { "type": "Point", "coordinates": [ 34.848233254131642, 31.242776671323469 ] } },
{ "type": "Feature", "properties": { "longitude": 34.849894321535764, "latitude": 31.242104830334881, "status": "Planned", "source": "Eshkol", "type": "Meguniot" }, "geometry": { "type": "Point", "coordinates": [ 34.849894321535764, 31.242104830334881 ] } },
{ "type": "Feature", "properties": { "longitude": 34.852444045839817, "latitude": 31.241900247009678, "status": "Planned", "source": "Eshkol", "type": "Meguniot" }, "geometry": { "type": "Point", "coordinates": [ 34.852444045839817, 31.241900247009678 ] } },
{ "type": "Feature", "properties": { "longitude": 34.84927810451115, "latitude": 31.244078309467547, "status": "Planned", "source": "Eshkol", "type": "Meguniot" }, "geometry": { "type": "Point", "coordinates": [ 34.84927810451115, 31.244078309467547 ] } },
{ "type": "Feature", "properties": { "longitude": 34.85077796660066, "latitude": 31.244416149373272, "status": "Planned", "source": "Eshkol", "type": "Meguniot" }, "geometry": { "type": "Point", "coordinates": [ 34.85077796660066, 31.244416149373272 ] } },
{ "type": "Feature", "properties": { "longitude": 34.849428310800327, "latitude": 31.246017826889421, "status": "Planned", "source": "Eshkol", "type": "Meguniot" }, "geometry": { "type": "Point", "coordinates": [ 34.849428310800327, 31.246017826889421 ] } },
{ "type": "Feature", "properties": { "longitude": 34.857821997183862, "latitude": 31.247213207759163, "status": "Planned", "source": "Eshkol", "type": "Meguniot" }, "geometry": { "type": "Point", "coordinates": [ 34.857821997183862, 31.247213207759163 ] } },
{ "type": "Feature", "properties": { "longitude": 34.858052351819012, "latitude": 31.247376171999679, "status": "Planned", "source": "Eshkol", "type": "Meguniot" }, "geometry": { "type": "Point", "coordinates": [ 34.858052351819012, 31.247376171999679 ] } },
{ "type": "Feature", "properties": { "longitude": 34.858031126168513, "latitude": 31.247439248397324, "status": "Planned", "source": "Eshkol", "type": "Meguniot" }, "geometry": { "type": "Point", "coordinates": [ 34.858031126168513, 31.247439248397324 ] } },
{ "type": "Feature", "properties": { "longitude": 34.862646852586558, "latitude": 31.26000615404331, "status": "Planned", "source": "Eshkol", "type": "Meguniot" }, "geometry": { "type": "Point", "coordinates": [ 34.862646852586558, 31.26000615404331 ] } },
{ "type": "Feature", "properties": { "longitude": 34.861148945248161, "latitude": 31.259043600989429, "status": "Planned", "source": "Eshkol", "type": "Meguniot" }, "geometry": { "type": "Point", "coordinates": [ 34.861148945248161, 31.259043600989429 ] } },
{ "type": "Feature", "properties": { "longitude": 34.859355247173731, "latitude": 31.258599405052809, "status": "Planned", "source": "Eshkol", "type": "Meguniot" }, "geometry": { "type": "Point", "coordinates": [ 34.859355247173731, 31.258599405052809 ] } },
{ "type": "Feature", "properties": { "longitude": 34.858651431758965, "latitude": 31.257063159317575, "status": "Planned", "source": "Eshkol", "type": "Meguniot" }, "geometry": { "type": "Point", "coordinates": [ 34.858651431758965, 31.257063159317575 ] } },
{ "type": "Feature", "properties": { "longitude": 34.863458138496213, "latitude": 31.261962800517999, "status": "Planned", "source": "Eshkol", "type": "Meguniot" }, "geometry": { "type": "Point", "coordinates": [ 34.863458138496213, 31.261962800517999 ] } },
{ "type": "Feature", "properties": { "longitude": 34.866875385176776, "latitude": 31.257789616652673, "status": "Planned", "source": "Eshkol", "type": "Meguniot" }, "geometry": { "type": "Point", "coordinates": [ 34.866875385176776, 31.257789616652673 ] } },
{ "type": "Feature", "properties": { "longitude": 34.868502376280055, "latitude": 31.257884069127282, "status": "Planned", "source": "Eshkol", "type": "Meguniot" }, "geometry": { "type": "Point", "coordinates": [ 34.868502376280055, 31.257884069127282 ] } },
{ "type": "Feature", "properties": { "longitude": 34.850956672745951, "latitude": 31.241990751203399, "status": "Planned", "source": "Eshkol", "type": "Meguniot" }, "geometry": { "type": "Point", "coordinates": [ 34.850956672745951, 31.241990751203399 ] } },
{ "type": "Feature", "properties": { "longitude": 34.852487955753801, "latitude": 31.241877458710157, "status": "Planned", "source": "Eshkol", "type": "Meguniot" }, "geometry": { "type": "Point", "coordinates": [ 34.852487955753801, 31.241877458710157 ] } },
{ "type": "Feature", "properties": { "longitude": 34.855280205661444, "latitude": 31.24472608289803, "status": "Planned", "source": "Eshkol", "type": "Meguniot" }, "geometry": { "type": "Point", "coordinates": [ 34.855280205661444, 31.24472608289803 ] } },
{ "type": "Feature", "properties": { "longitude": 34.87826602930744, "latitude": 31.328780816148221, "status": "Planned", "source": "Eshkol", "type": "Meguniot" }, "geometry": { "type": "Point", "coordinates": [ 34.87826602930744, 31.328780816148221 ] } },
{ "type": "Feature", "properties": { "longitude": 34.879000383587552, "latitude": 31.327823060283251, "status": "Planned", "source": "Eshkol", "type": "Meguniot" }, "geometry": { "type": "Point", "coordinates": [ 34.879000383587552, 31.327823060283251 ] } },
{ "type": "Feature", "properties": { "longitude": 34.877982414518129, "latitude": 31.327421476470604, "status": "Planned", "source": "Eshkol", "type": "Meguniot" }, "geometry": { "type": "Point", "coordinates": [ 34.877982414518129, 31.327421476470604 ] } },
{ "type": "Feature", "properties": { "longitude": 34.876874915644336, "latitude": 31.325600068734794, "status": "Planned", "source": "Eshkol", "type": "Meguniot" }, "geometry": { "type": "Point", "coordinates": [ 34.876874915644336, 31.325600068734794 ] } },
{ "type": "Feature", "properties": { "longitude": 34.872588029285033, "latitude": 31.325589061049811, "status": "Planned", "source": "Eshkol", "type": "Meguniot" }, "geometry": { "type": "Point", "coordinates": [ 34.872588029285033, 31.325589061049811 ] } },
{ "type": "Feature", "properties": { "longitude": 34.868304864806554, "latitude": 31.32454980512518, "status": "Planned", "source": "Eshkol", "type": "Meguniot" }, "geometry": { "type": "Point", "coordinates": [ 34.868304864806554, 31.32454980512518 ] } },
{ "type": "Feature", "properties": { "longitude": 34.866843468342694, "latitude": 31.324494063379927, "status": "Planned", "source": "Eshkol", "type": "Meguniot" }, "geometry": { "type": "Point", "coordinates": [ 34.866843468342694, 31.324494063379927 ] } },
{ "type": "Feature", "properties": { "longitude": 34.863656786995904, "latitude": 31.324821873026774, "status": "Planned", "source": "Eshkol", "type": "Meguniot" }, "geometry": { "type": "Point", "coordinates": [ 34.863656786995904, 31.324821873026774 ] } },
{ "type": "Feature", "properties": { "longitude": 34.862449198543345, "latitude": 31.325227131840052, "status": "Planned", "source": "Eshkol", "type": "Meguniot" }, "geometry": { "type": "Point", "coordinates": [ 34.862449198543345, 31.325227131840052 ] } },
{ "type": "Feature", "properties": { "longitude": 34.860982420399885, "latitude": 31.325281389211266, "status": "Planned", "source": "Eshkol", "type": "Meguniot" }, "geometry": { "type": "Point", "coordinates": [ 34.860982420399885, 31.325281389211266 ] } },
{ "type": "Feature", "properties": { "longitude": 34.860251942657115, "latitude": 31.325492622835718, "status": "Planned", "source": "Eshkol", "type": "Meguniot" }, "geometry": { "type": "Point", "coordinates": [ 34.860251942657115, 31.325492622835718 ] } },
{ "type": "Feature", "properties": { "longitude": 34.859594518882687, "latitude": 31.325227072845063, "status": "Planned", "source": "Eshkol", "type": "Meguniot" }, "geometry": { "type": "Point", "coordinates": [ 34.859594518882687, 31.325227072845063 ] } },
{ "type": "Feature", "properties": { "longitude": 34.868511358895326, "latitude": 31.325553748356143, "status": "Planned", "source": "Eshkol", "type": "Meguniot" }, "geometry": { "type": "Point", "coordinates": [ 34.868511358895326, 31.325553748356143 ] } },
{ "type": "Feature", "properties": { "longitude": 34.859151289741384, "latitude": 31.323761288535898, "status": "Planned", "source": "Eshkol", "type": "Meguniot" }, "geometry": { "type": "Point", "coordinates": [ 34.859151289741384, 31.323761288535898 ] } },
{ "type": "Feature", "properties": { "longitude": 34.863156505687826, "latitude": 31.319799486938646, "status": "Planned", "source": "Eshkol", "type": "Meguniot" }, "geometry": { "type": "Point", "coordinates": [ 34.863156505687826, 31.319799486938646 ] } },
{ "type": "Feature", "properties": { "longitude": 34.862355260014517, "latitude": 31.322818273541916, "status": "Planned", "source": "Eshkol", "type": "Meguniot" }, "geometry": { "type": "Point", "coordinates": [ 34.862355260014517, 31.322818273541916 ] } },
{ "type": "Feature", "properties": { "longitude": 34.863676434832641, "latitude": 31.317717071725323, "status": "Planned", "source": "Eshkol", "type": "Meguniot" }, "geometry": { "type": "Point", "coordinates": [ 34.863676434832641, 31.317717071725323 ] } },
{ "type": "Feature", "properties": { "longitude": 34.864323332728162, "latitude": 31.316541869158947, "status": "Planned", "source": "Eshkol", "type": "Meguniot" }, "geometry": { "type": "Point", "coordinates": [ 34.864323332728162, 31.316541869158947 ] } },
{ "type": "Feature", "properties": { "longitude": 34.865692841402613, "latitude": 31.317884718428363, "status": "Planned", "source": "Eshkol", "type": "Meguniot" }, "geometry": { "type": "Point", "coordinates": [ 34.865692841402613, 31.317884718428363 ] } },
{ "type": "Feature", "properties": { "longitude": 34.856052780576306, "latitude": 31.318041135805835, "status": "Planned", "source": "Eshkol", "type": "Meguniot" }, "geometry": { "type": "Point", "coordinates": [ 34.856052780576306, 31.318041135805835 ] } },
{ "type": "Feature", "properties": { "longitude": 34.861809246818105, "latitude": 31.316756692567903, "status": "Planned", "source": "Eshkol", "type": "Meguniot" }, "geometry": { "type": "Point", "coordinates": [ 34.861809246818105, 31.316756692567903 ] } },
{ "type": "Feature", "properties": { "longitude": 34.8595402440721, "latitude": 31.331267652865826, "status": "Planned", "source": "Eshkol", "type": "Meguniot" }, "geometry": { "type": "Point", "coordinates": [ 34.8595402440721, 31.331267652865826 ] } },
{ "type": "Feature", "properties": { "longitude": 34.858496394451265, "latitude": 31.318951334801188, "status": "Planned", "source": "Eshkol", "type": "Meguniot" }, "geometry": { "type": "Point", "coordinates": [ 34.858496394451265, 31.318951334801188 ] } },
{ "type": "Feature", "properties": { "longitude": 34.872444583553197, "latitude": 31.324376573566738, "status": "Planned", "source": "Eshkol", "type": "Meguniot" }, "geometry": { "type": "Point", "coordinates": [ 34.872444583553197, 31.324376573566738 ] } },
{ "type": "Feature", "properties": { "longitude": 34.875006408552103, "latitude": 31.322837914968805, "status": "Planned", "source": "Eshkol", "type": "Meguniot" }, "geometry": { "type": "Point", "coordinates": [ 34.875006408552103, 31.322837914968805 ] } },
{ "type": "Feature", "properties": { "longitude": 34.878090072467636, "latitude": 31.321811187745539, "status": "Planned", "source": "Eshkol", "type": "Meguniot" }, "geometry": { "type": "Point", "coordinates": [ 34.878090072467636, 31.321811187745539 ] } },
{ "type": "Feature", "properties": { "longitude": 34.858628482087994, "latitude": 31.310452731358687, "status": "Planned", "source": "Eshkol", "type": "Meguniot" }, "geometry": { "type": "Point", "coordinates": [ 34.858628482087994, 31.310452731358687 ] } },
{ "type": "Feature", "properties": { "longitude": 34.877874952304289, "latitude": 31.328815807790981, "status": "Planned", "source": "Eshkol", "type": "Meguniot" }, "geometry": { "type": "Point", "coordinates": [ 34.877874952304289, 31.328815807790981 ] } },
{ "type": "Feature", "properties": { "longitude": 34.871881500605433, "latitude": 31.325042000626954, "status": "Planned", "source": "Eshkol", "type": "Meguniot" }, "geometry": { "type": "Point", "coordinates": [ 34.871881500605433, 31.325042000626954 ] } },
{ "type": "Feature", "properties": { "longitude": 34.882903616763279, "latitude": 31.320738469843512, "status": "Planned", "source": "Eshkol", "type": "Meguniot" }, "geometry": { "type": "Point", "coordinates": [ 34.882903616763279, 31.320738469843512 ] } },
{ "type": "Feature", "properties": { "longitude": 34.874727205736129, "latitude": 31.330602539105772, "status": "Planned", "source": "Eshkol", "type": "Meguniot" }, "geometry": { "type": "Point", "coordinates": [ 34.874727205736129, 31.330602539105772 ] } },
{ "type": "Feature", "properties": { "longitude": 34.877144780984885, "latitude": 31.32663455033498, "status": "Planned", "source": "Eshkol", "type": "Meguniot" }, "geometry": { "type": "Point", "coordinates": [ 34.877144780984885, 31.32663455033498 ] } },
{ "type": "Feature", "properties": { "longitude": 34.877056293077082, "latitude": 31.326588383868351, "status": "Planned", "source": "Eshkol", "type": "Meguniot" }, "geometry": { "type": "Point", "coordinates": [ 34.877056293077082, 31.326588383868351 ] } },
{ "type": "Feature", "properties": { "longitude": 34.872372163237422, "latitude": 31.327415054374864, "status": "Planned", "source": "Eshkol", "type": "Meguniot" }, "geometry": { "type": "Point", "coordinates": [ 34.872372163237422, 31.327415054374864 ] } },
{ "type": "Feature", "properties": { "longitude": 34.867059444007509, "latitude": 31.327007949316581, "status": "Planned", "source": "Eshkol", "type": "Meguniot" }, "geometry": { "type": "Point", "coordinates": [ 34.867059444007509, 31.327007949316581 ] } },
{ "type": "Feature", "properties": { "longitude": 34.867562267315336, "latitude": 31.326258477683467, "status": "Planned", "source": "Eshkol", "type": "Meguniot" }, "geometry": { "type": "Point", "coordinates": [ 34.867562267315336, 31.326258477683467 ] } },
{ "type": "Feature", "properties": { "longitude": 34.861149533905831, "latitude": 31.325848257470334, "status": "Planned", "source": "Eshkol", "type": "Meguniot" }, "geometry": { "type": "Point", "coordinates": [ 34.861149533905831, 31.325848257470334 ] } },
{ "type": "Feature", "properties": { "longitude": 34.861192908773589, "latitude": 31.325838362367303, "status": "Planned", "source": "Eshkol", "type": "Meguniot" }, "geometry": { "type": "Point", "coordinates": [ 34.861192908773589, 31.325838362367303 ] } },
{ "type": "Feature", "properties": { "longitude": 34.861235382079052, "latitude": 31.325820964660814, "status": "Planned", "source": "Eshkol", "type": "Meguniot" }, "geometry": { "type": "Point", "coordinates": [ 34.861235382079052, 31.325820964660814 ] } },
{ "type": "Feature", "properties": { "longitude": 34.859488838807223, "latitude": 31.334386542965216, "status": "Planned", "source": "Eshkol", "type": "Meguniot" }, "geometry": { "type": "Point", "coordinates": [ 34.859488838807223, 31.334386542965216 ] } },
{ "type": "Feature", "properties": { "longitude": 34.858923857376674, "latitude": 31.321838253755736, "status": "Planned", "source": "Eshkol", "type": "Meguniot" }, "geometry": { "type": "Point", "coordinates": [ 34.858923857376674, 31.321838253755736 ] } },
{ "type": "Feature", "properties": { "longitude": 34.85585647592886, "latitude": 31.316410938548071, "status": "Planned", "source": "Eshkol", "type": "Meguniot" }, "geometry": { "type": "Point", "coordinates": [ 34.85585647592886, 31.316410938548071 ] } },
{ "type": "Feature", "properties": { "longitude": 34.862864276971656, "latitude": 31.32494368800235, "status": "Planned", "source": "Eshkol", "type": "Meguniot" }, "geometry": { "type": "Point", "coordinates": [ 34.862864276971656, 31.32494368800235 ] } },
{ "type": "Feature", "properties": { "longitude": 34.871592896154716, "latitude": 31.328210107590543, "status": "Planned", "source": "Eshkol", "type": "Meguniot" }, "geometry": { "type": "Point", "coordinates": [ 34.871592896154716, 31.328210107590543 ] } },
{ "type": "Feature", "properties": { "longitude": 34.876915208139359, "latitude": 31.326829187977463, "status": "Planned", "source": "Eshkol", "type": "Meguniot" }, "geometry": { "type": "Point", "coordinates": [ 34.876915208139359, 31.326829187977463 ] } },
{ "type": "Feature", "properties": { "longitude": 34.871771963816904, "latitude": 31.325431042787962, "status": "Planned", "source": "Eshkol", "type": "Meguniot" }, "geometry": { "type": "Point", "coordinates": [ 34.871771963816904, 31.325431042787962 ] } },
{ "type": "Feature", "properties": { "longitude": 34.865138304926965, "latitude": 31.326573132842721, "status": "Planned", "source": "Eshkol", "type": "Meguniot" }, "geometry": { "type": "Point", "coordinates": [ 34.865138304926965, 31.326573132842721 ] } },
{ "type": "Feature", "properties": { "longitude": 34.855992837504552, "latitude": 31.322174437517578, "status": "Planned", "source": "Eshkol", "type": "Meguniot" }, "geometry": { "type": "Point", "coordinates": [ 34.855992837504552, 31.322174437517578 ] } },
{ "type": "Feature", "properties": { "longitude": 34.858381041430363, "latitude": 31.33275112947803, "status": "Planned", "source": "Eshkol", "type": "Meguniot" }, "geometry": { "type": "Point", "coordinates": [ 34.858381041430363, 31.33275112947803 ] } },
{ "type": "Feature", "properties": { "longitude": 34.867436827497635, "latitude": 31.324297384881916, "status": "Planned", "source": "Eshkol", "type": "Meguniot" }, "geometry": { "type": "Point", "coordinates": [ 34.867436827497635, 31.324297384881916 ] } },
{ "type": "Feature", "properties": { "longitude": 35.029579698110524, "latitude": 31.163118723847703, "status": "Planned", "source": "Eshkol", "type": "Meguniot" }, "geometry": { "type": "Point", "coordinates": [ 35.029579698110524, 31.163118723847703 ] } },
{ "type": "Feature", "properties": { "longitude": 35.03025580372114, "latitude": 31.162385066369716, "status": "Planned", "source": "Eshkol", "type": "Meguniot" }, "geometry": { "type": "Point", "coordinates": [ 35.03025580372114, 31.162385066369716 ] } },
{ "type": "Feature", "properties": { "longitude": 35.02870349086465, "latitude": 31.162400996379752, "status": "Planned", "source": "Eshkol", "type": "Meguniot" }, "geometry": { "type": "Point", "coordinates": [ 35.02870349086465, 31.162400996379752 ] } },
{ "type": "Feature", "properties": { "longitude": 35.029365651143912, "latitude": 31.161644280261537, "status": "Planned", "source": "Eshkol", "type": "Meguniot" }, "geometry": { "type": "Point", "coordinates": [ 35.029365651143912, 31.161644280261537 ] } },
{ "type": "Feature", "properties": { "longitude": 35.028267366970319, "latitude": 31.160864961791276, "status": "Planned", "source": "Eshkol", "type": "Meguniot" }, "geometry": { "type": "Point", "coordinates": [ 35.028267366970319, 31.160864961791276 ] } },
{ "type": "Feature", "properties": { "longitude": 35.027876397068447, "latitude": 31.161597151202766, "status": "Planned", "source": "Eshkol", "type": "Meguniot" }, "geometry": { "type": "Point", "coordinates": [ 35.027876397068447, 31.161597151202766 ] } },
{ "type": "Feature", "properties": { "longitude": 35.026514200086154, "latitude": 31.160909813014339, "status": "Planned", "source": "Eshkol", "type": "Meguniot" }, "geometry": { "type": "Point", "coordinates": [ 35.026514200086154, 31.160909813014339 ] } },
{ "type": "Feature", "properties": { "longitude": 35.027176384059466, "latitude": 31.160144088767129, "status": "Planned", "source": "Eshkol", "type": "Meguniot" }, "geometry": { "type": "Point", "coordinates": [ 35.027176384059466, 31.160144088767129 ] } },
{ "type": "Feature", "properties": { "longitude": 35.02637549289269, "latitude": 31.162172317710198, "status": "Planned", "source": "Eshkol", "type": "Meguniot" }, "geometry": { "type": "Point", "coordinates": [ 35.02637549289269, 31.162172317710198 ] } },
{ "type": "Feature", "properties": { "longitude": 35.029840871131675, "latitude": 31.165595360132968, "status": "Planned", "source": "Eshkol", "type": "Meguniot" }, "geometry": { "type": "Point", "coordinates": [ 35.029840871131675, 31.165595360132968 ] } },
{ "type": "Feature", "properties": { "longitude": 35.029797096899635, "latitude": 31.166587418744282, "status": "Planned", "source": "Eshkol", "type": "Meguniot" }, "geometry": { "type": "Point", "coordinates": [ 35.029797096899635, 31.166587418744282 ] } },
{ "type": "Feature", "properties": { "longitude": 35.031751177377274, "latitude": 31.164849337292463, "status": "Planned", "source": "Eshkol", "type": "Meguniot" }, "geometry": { "type": "Point", "coordinates": [ 35.031751177377274, 31.164849337292463 ] } },
{ "type": "Feature", "properties": { "longitude": 35.033439072567802, "latitude": 31.16528451353113, "status": "Planned", "source": "Eshkol", "type": "Meguniot" }, "geometry": { "type": "Point", "coordinates": [ 35.033439072567802, 31.16528451353113 ] } },
{ "type": "Feature", "properties": { "longitude": 35.034853392583784, "latitude": 31.166215366787956, "status": "Planned", "source": "Eshkol", "type": "Meguniot" }, "geometry": { "type": "Point", "coordinates": [ 35.034853392583784, 31.166215366787956 ] } },
{ "type": "Feature", "properties": { "longitude": 35.0351728013284, "latitude": 31.163546086855195, "status": "Planned", "source": "Eshkol", "type": "Meguniot" }, "geometry": { "type": "Point", "coordinates": [ 35.0351728013284, 31.163546086855195 ] } },
{ "type": "Feature", "properties": { "longitude": 35.035677623971722, "latitude": 31.162771092935788, "status": "Planned", "source": "Eshkol", "type": "Meguniot" }, "geometry": { "type": "Point", "coordinates": [ 35.035677623971722, 31.162771092935788 ] } },
{ "type": "Feature", "properties": { "longitude": 35.039347290084635, "latitude": 31.163515427895138, "status": "Planned", "source": "Eshkol", "type": "Meguniot" }, "geometry": { "type": "Point", "coordinates": [ 35.039347290084635, 31.163515427895138 ] } },
{ "type": "Feature", "properties": { "longitude": 35.040415331507141, "latitude": 31.164554007192226, "status": "Planned", "source": "Eshkol", "type": "Meguniot" }, "geometry": { "type": "Point", "coordinates": [ 35.040415331507141, 31.164554007192226 ] } },
{ "type": "Feature", "properties": { "longitude": 35.038661154938147, "latitude": 31.16695604180493, "status": "Planned", "source": "Eshkol", "type": "Meguniot" }, "geometry": { "type": "Point", "coordinates": [ 35.038661154938147, 31.16695604180493 ] } },
{ "type": "Feature", "properties": { "longitude": 35.040307818547682, "latitude": 31.166078124765161, "status": "Planned", "source": "Eshkol", "type": "Meguniot" }, "geometry": { "type": "Point", "coordinates": [ 35.040307818547682, 31.166078124765161 ] } },
{ "type": "Feature", "properties": { "longitude": 35.037128194671894, "latitude": 31.160969132924595, "status": "Planned", "source": "Eshkol", "type": "Meguniot" }, "geometry": { "type": "Point", "coordinates": [ 35.037128194671894, 31.160969132924595 ] } },
{ "type": "Feature", "properties": { "longitude": 35.031428236922217, "latitude": 31.157858976509178, "status": "Planned", "source": "Eshkol", "type": "Meguniot" }, "geometry": { "type": "Point", "coordinates": [ 35.031428236922217, 31.157858976509178 ] } },
{ "type": "Feature", "properties": { "longitude": 35.027691737824853, "latitude": 31.154899526620248, "status": "Planned", "source": "Eshkol", "type": "Meguniot" }, "geometry": { "type": "Point", "coordinates": [ 35.027691737824853, 31.154899526620248 ] } },
{ "type": "Feature", "properties": { "longitude": 35.030762701571952, "latitude": 31.154737414174551, "status": "Planned", "source": "Eshkol", "type": "Meguniot" }, "geometry": { "type": "Point", "coordinates": [ 35.030762701571952, 31.154737414174551 ] } },
{ "type": "Feature", "properties": { "longitude": 35.015411350932197, "latitude": 31.160474534863926, "status": "Planned", "source": "Eshkol", "type": "Meguniot" }, "geometry": { "type": "Point", "coordinates": [ 35.015411350932197, 31.160474534863926 ] } },
{ "type": "Feature", "properties": { "longitude": 35.016605493703878, "latitude": 31.159551875281537, "status": "Planned", "source": "Eshkol", "type": "Meguniot" }, "geometry": { "type": "Point", "coordinates": [ 35.016605493703878, 31.159551875281537 ] } },
{ "type": "Feature", "properties": { "longitude": 35.01766696249507, "latitude": 31.158444049618026, "status": "Planned", "source": "Eshkol", "type": "Meguniot" }, "geometry": { "type": "Point", "coordinates": [ 35.01766696249507, 31.158444049618026 ] } },
{ "type": "Feature", "properties": { "longitude": 35.016366743557199, "latitude": 31.1582978496258, "status": "Planned", "source": "Eshkol", "type": "Meguniot" }, "geometry": { "type": "Point", "coordinates": [ 35.016366743557199, 31.1582978496258 ] } },
{ "type": "Feature", "properties": { "longitude": 35.018339599872554, "latitude": 31.157723482128173, "status": "Planned", "source": "Eshkol", "type": "Meguniot" }, "geometry": { "type": "Point", "coordinates": [ 35.018339599872554, 31.157723482128173 ] } },
{ "type": "Feature", "properties": { "longitude": 35.018792809795286, "latitude": 31.156578689538055, "status": "Planned", "source": "Eshkol", "type": "Meguniot" }, "geometry": { "type": "Point", "coordinates": [ 35.018792809795286, 31.156578689538055 ] } },
{ "type": "Feature", "properties": { "longitude": 35.017627977900453, "latitude": 31.155145524553774, "status": "Planned", "source": "Eshkol", "type": "Meguniot" }, "geometry": { "type": "Point", "coordinates": [ 35.017627977900453, 31.155145524553774 ] } },
{ "type": "Feature", "properties": { "longitude": 35.014494328594282, "latitude": 31.157575421038704, "status": "Planned", "source": "Eshkol", "type": "Meguniot" }, "geometry": { "type": "Point", "coordinates": [ 35.014494328594282, 31.157575421038704 ] } },
{ "type": "Feature", "properties": { "longitude": 35.015408834601153, "latitude": 31.15477893446193, "status": "Planned", "source": "Eshkol", "type": "Meguniot" }, "geometry": { "type": "Point", "coordinates": [ 35.015408834601153, 31.15477893446193 ] } },
{ "type": "Feature", "properties": { "longitude": 35.013458081901177, "latitude": 31.154812134261082, "status": "Planned", "source": "Eshkol", "type": "Meguniot" }, "geometry": { "type": "Point", "coordinates": [ 35.013458081901177, 31.154812134261082 ] } },
{ "type": "Feature", "properties": { "longitude": 35.012864287326082, "latitude": 31.158040148976852, "status": "Planned", "source": "Eshkol", "type": "Meguniot" }, "geometry": { "type": "Point", "coordinates": [ 35.012864287326082, 31.158040148976852 ] } },
{ "type": "Feature", "properties": { "longitude": 35.012200711094906, "latitude": 31.159446164983137, "status": "Planned", "source": "Eshkol", "type": "Meguniot" }, "geometry": { "type": "Point", "coordinates": [ 35.012200711094906, 31.159446164983137 ] } },
{ "type": "Feature", "properties": { "longitude": 35.013614320231767, "latitude": 31.160584693533085, "status": "Planned", "source": "Eshkol", "type": "Meguniot" }, "geometry": { "type": "Point", "coordinates": [ 35.013614320231767, 31.160584693533085 ] } },
{ "type": "Feature", "properties": { "longitude": 35.00973404892347, "latitude": 31.160407520674475, "status": "Planned", "source": "Eshkol", "type": "Meguniot" }, "geometry": { "type": "Point", "coordinates": [ 35.00973404892347, 31.160407520674475 ] } },
{ "type": "Feature", "properties": { "longitude": 35.010763317661045, "latitude": 31.159705570273474, "status": "Planned", "source": "Eshkol", "type": "Meguniot" }, "geometry": { "type": "Point", "coordinates": [ 35.010763317661045, 31.159705570273474 ] } },
{ "type": "Feature", "properties": { "longitude": 35.007970626664054, "latitude": 31.161090306496792, "status": "Planned", "source": "Eshkol", "type": "Meguniot" }, "geometry": { "type": "Point", "coordinates": [ 35.007970626664054, 31.161090306496792 ] } },
{ "type": "Feature", "properties": { "longitude": 35.006812478371742, "latitude": 31.158175314519131, "status": "Planned", "source": "Eshkol", "type": "Meguniot" }, "geometry": { "type": "Point", "coordinates": [ 35.006812478371742, 31.158175314519131 ] } },
{ "type": "Feature", "properties": { "longitude": 35.006553465884934, "latitude": 31.156641642551815, "status": "Planned", "source": "Eshkol", "type": "Meguniot" }, "geometry": { "type": "Point", "coordinates": [ 35.006553465884934, 31.156641642551815 ] } },
{ "type": "Feature", "properties": { "longitude": 35.007890022165107, "latitude": 31.154406911429227, "status": "Planned", "source": "Eshkol", "type": "Meguniot" }, "geometry": { "type": "Point", "coordinates": [ 35.007890022165107, 31.154406911429227 ] } },
{ "type": "Feature", "properties": { "longitude": 35.009139532149483, "latitude": 31.154399792545984, "status": "Planned", "source": "Eshkol", "type": "Meguniot" }, "geometry": { "type": "Point", "coordinates": [ 35.009139532149483, 31.154399792545984 ] } },
{ "type": "Feature", "properties": { "longitude": 35.005162389956133, "latitude": 31.154826626268903, "status": "Planned", "source": "Eshkol", "type": "Meguniot" }, "geometry": { "type": "Point", "coordinates": [ 35.005162389956133, 31.154826626268903 ] } },
{ "type": "Feature", "properties": { "longitude": 35.006402449232837, "latitude": 31.15361093780847, "status": "Planned", "source": "Eshkol", "type": "Meguniot" }, "geometry": { "type": "Point", "coordinates": [ 35.006402449232837, 31.15361093780847 ] } },
{ "type": "Feature", "properties": { "longitude": 35.009581661402621, "latitude": 31.152867186724841, "status": "Planned", "source": "Eshkol", "type": "Meguniot" }, "geometry": { "type": "Point", "coordinates": [ 35.009581661402621, 31.152867186724841 ] } },
{ "type": "Feature", "properties": { "longitude": 35.015824056752201, "latitude": 31.162409996044612, "status": "Planned", "source": "Eshkol", "type": "Meguniot" }, "geometry": { "type": "Point", "coordinates": [ 35.015824056752201, 31.162409996044612 ] } },
{ "type": "Feature", "properties": { "longitude": 34.760016962394154, "latitude": 31.414564993650501, "status": "Planned", "source": "Eshkol", "type": "Meguniot" }, "geometry": { "type": "Point", "coordinates": [ 34.760016962394154, 31.414564993650501 ] } },
{ "type": "Feature", "properties": { "longitude": 34.760753391592665, "latitude": 31.414715062443879, "status": "Planned", "source": "Eshkol", "type": "Meguniot" }, "geometry": { "type": "Point", "coordinates": [ 34.760753391592665, 31.414715062443879 ] } },
{ "type": "Feature", "properties": { "longitude": 34.761853442889432, "latitude": 31.414786099409316, "status": "Planned", "source": "Eshkol", "type": "Meguniot" }, "geometry": { "type": "Point", "coordinates": [ 34.761853442889432, 31.414786099409316 ] } },
{ "type": "Feature", "properties": { "longitude": 34.765424143875833, "latitude": 31.413888260616726, "status": "Planned", "source": "Eshkol", "type": "Meguniot" }, "geometry": { "type": "Point", "coordinates": [ 34.765424143875833, 31.413888260616726 ] } },
{ "type": "Feature", "properties": { "longitude": 34.764681426516319, "latitude": 31.413327466333804, "status": "Planned", "source": "Eshkol", "type": "Meguniot" }, "geometry": { "type": "Point", "coordinates": [ 34.764681426516319, 31.413327466333804 ] } },
{ "type": "Feature", "properties": { "longitude": 34.765944519795795, "latitude": 31.414083976601272, "status": "Planned", "source": "Eshkol", "type": "Meguniot" }, "geometry": { "type": "Point", "coordinates": [ 34.765944519795795, 31.414083976601272 ] } },
{ "type": "Feature", "properties": { "longitude": 34.749122688958721, "latitude": 31.410765472790128, "status": "Planned", "source": "Eshkol", "type": "Meguniot" }, "geometry": { "type": "Point", "coordinates": [ 34.749122688958721, 31.410765472790128 ] } },
{ "type": "Feature", "properties": { "longitude": 34.748943508839957, "latitude": 31.409736678772948, "status": "Planned", "source": "Eshkol", "type": "Meguniot" }, "geometry": { "type": "Point", "coordinates": [ 34.748943508839957, 31.409736678772948 ] } },
{ "type": "Feature", "properties": { "longitude": 34.749988476927101, "latitude": 31.411553631220382, "status": "Planned", "source": "Eshkol", "type": "Meguniot" }, "geometry": { "type": "Point", "coordinates": [ 34.749988476927101, 31.411553631220382 ] } },
{ "type": "Feature", "properties": { "longitude": 34.75111117997335, "latitude": 31.409820074046298, "status": "Planned", "source": "Eshkol", "type": "Meguniot" }, "geometry": { "type": "Point", "coordinates": [ 34.75111117997335, 31.409820074046298 ] } },
{ "type": "Feature", "properties": { "longitude": 34.750395226341816, "latitude": 31.409140995042698, "status": "Planned", "source": "Eshkol", "type": "Meguniot" }, "geometry": { "type": "Point", "coordinates": [ 34.750395226341816, 31.409140995042698 ] } },
{ "type": "Feature", "properties": { "longitude": 34.75102687328836, "latitude": 31.408184607598439, "status": "Planned", "source": "Eshkol", "type": "Meguniot" }, "geometry": { "type": "Point", "coordinates": [ 34.75102687328836, 31.408184607598439 ] } },
{ "type": "Feature", "properties": { "longitude": 34.752445343057644, "latitude": 31.407040801001088, "status": "Planned", "source": "Eshkol", "type": "Meguniot" }, "geometry": { "type": "Point", "coordinates": [ 34.752445343057644, 31.407040801001088 ] } },
{ "type": "Feature", "properties": { "longitude": 34.741278940698372, "latitude": 31.405615148677917, "status": "Planned", "source": "Eshkol", "type": "Meguniot" }, "geometry": { "type": "Point", "coordinates": [ 34.741278940698372, 31.405615148677917 ] } },
{ "type": "Feature", "properties": { "longitude": 34.74250013958131, "latitude": 31.406779026812419, "status": "Planned", "source": "Eshkol", "type": "Meguniot" }, "geometry": { "type": "Point", "coordinates": [ 34.74250013958131, 31.406779026812419 ] } },
{ "type": "Feature", "properties": { "longitude": 34.742510613516501, "latitude": 31.405330990518536, "status": "Planned", "source": "Eshkol", "type": "Meguniot" }, "geometry": { "type": "Point", "coordinates": [ 34.742510613516501, 31.405330990518536 ] } },
{ "type": "Feature", "properties": { "longitude": 34.741778942816808, "latitude": 31.404435490887977, "status": "Planned", "source": "Eshkol", "type": "Meguniot" }, "geometry": { "type": "Point", "coordinates": [ 34.741778942816808, 31.404435490887977 ] } },
{ "type": "Feature", "properties": { "longitude": 34.747389691876712, "latitude": 31.407494951577899, "status": "Planned", "source": "Eshkol", "type": "Meguniot" }, "geometry": { "type": "Point", "coordinates": [ 34.747389691876712, 31.407494951577899 ] } },
{ "type": "Feature", "properties": { "longitude": 34.750547163631907, "latitude": 31.406518895733029, "status": "Planned", "source": "Eshkol", "type": "Meguniot" }, "geometry": { "type": "Point", "coordinates": [ 34.750547163631907, 31.406518895733029 ] } },
{ "type": "Feature", "properties": { "longitude": 34.750400137221845, "latitude": 31.406894804715556, "status": "Planned", "source": "Eshkol", "type": "Meguniot" }, "geometry": { "type": "Point", "coordinates": [ 34.750400137221845, 31.406894804715556 ] } },
{ "type": "Feature", "properties": { "longitude": 34.745849589978846, "latitude": 31.36272997918957, "status": "Planned", "source": "Eshkol", "type": "Meguniot" }, "geometry": { "type": "Point", "coordinates": [ 34.745849589978846, 31.36272997918957 ] } },
{ "type": "Feature", "properties": { "longitude": 34.746635690895381, "latitude": 31.362772004010957, "status": "Planned", "source": "Eshkol", "type": "Meguniot" }, "geometry": { "type": "Point", "coordinates": [ 34.746635690895381, 31.362772004010957 ] } },
{ "type": "Feature", "properties": { "longitude": 34.747116894327675, "latitude": 31.362500342012268, "status": "Planned", "source": "Eshkol", "type": "Meguniot" }, "geometry": { "type": "Point", "coordinates": [ 34.747116894327675, 31.362500342012268 ] } },
{ "type": "Feature", "properties": { "longitude": 34.74796589801263, "latitude": 31.36352861530716, "status": "Planned", "source": "Eshkol", "type": "Meguniot" }, "geometry": { "type": "Point", "coordinates": [ 34.74796589801263, 31.36352861530716 ] } },
{ "type": "Feature", "properties": { "longitude": 34.750226395525658, "latitude": 31.359171881384004, "status": "Planned", "source": "Eshkol", "type": "Meguniot" }, "geometry": { "type": "Point", "coordinates": [ 34.750226395525658, 31.359171881384004 ] } },
{ "type": "Feature", "properties": { "longitude": 34.759298024439659, "latitude": 31.365765081547327, "status": "Planned", "source": "Eshkol", "type": "Meguniot" }, "geometry": { "type": "Point", "coordinates": [ 34.759298024439659, 31.365765081547327 ] } },
{ "type": "Feature", "properties": { "longitude": 34.758313518769711, "latitude": 31.365022046427118, "status": "Planned", "source": "Eshkol", "type": "Meguniot" }, "geometry": { "type": "Point", "coordinates": [ 34.758313518769711, 31.365022046427118 ] } },
{ "type": "Feature", "properties": { "longitude": 34.756747357695716, "latitude": 31.365608417317109, "status": "Planned", "source": "Eshkol", "type": "Meguniot" }, "geometry": { "type": "Point", "coordinates": [ 34.756747357695716, 31.365608417317109 ] } },
{ "type": "Feature", "properties": { "longitude": 34.755233230715973, "latitude": 31.365729389203093, "status": "Planned", "source": "Eshkol", "type": "Meguniot" }, "geometry": { "type": "Point", "coordinates": [ 34.755233230715973, 31.365729389203093 ] } },
{ "type": "Feature", "properties": { "longitude": 34.774757631572882, "latitude": 31.369997721891746, "status": "Planned", "source": "Eshkol", "type": "Meguniot" }, "geometry": { "type": "Point", "coordinates": [ 34.774757631572882, 31.369997721891746 ] } },
{ "type": "Feature", "properties": { "longitude": 34.772844462111003, "latitude": 31.372745174053815, "status": "Planned", "source": "Eshkol", "type": "Meguniot" }, "geometry": { "type": "Point", "coordinates": [ 34.772844462111003, 31.372745174053815 ] } },
{ "type": "Feature", "properties": { "longitude": 34.777487670813649, "latitude": 31.384905712090074, "status": "Planned", "source": "Eshkol", "type": "Meguniot" }, "geometry": { "type": "Point", "coordinates": [ 34.777487670813649, 31.384905712090074 ] } },
{ "type": "Feature", "properties": { "longitude": 34.774953129575778, "latitude": 31.387395545614812, "status": "Planned", "source": "Eshkol", "type": "Meguniot" }, "geometry": { "type": "Point", "coordinates": [ 34.774953129575778, 31.387395545614812 ] } },
{ "type": "Feature", "properties": { "longitude": 34.782500736702822, "latitude": 31.382746616571499, "status": "Planned", "source": "Eshkol", "type": "Meguniot" }, "geometry": { "type": "Point", "coordinates": [ 34.782500736702822, 31.382746616571499 ] } },
{ "type": "Feature", "properties": { "longitude": 34.747592708907646, "latitude": 31.374252285205383, "status": "Planned", "source": "Eshkol", "type": "Meguniot" }, "geometry": { "type": "Point", "coordinates": [ 34.747592708907646, 31.374252285205383 ] } },
{ "type": "Feature", "properties": { "longitude": 34.749842745742527, "latitude": 31.374143033355441, "status": "Planned", "source": "Eshkol", "type": "Meguniot" }, "geometry": { "type": "Point", "coordinates": [ 34.749842745742527, 31.374143033355441 ] } },
{ "type": "Feature", "properties": { "longitude": 34.746757154128254, "latitude": 31.376652115131858, "status": "Planned", "source": "Eshkol", "type": "Meguniot" }, "geometry": { "type": "Point", "coordinates": [ 34.746757154128254, 31.376652115131858 ] } },
{ "type": "Feature", "properties": { "longitude": 34.746911842066602, "latitude": 31.375927364199136, "status": "Planned", "source": "Eshkol", "type": "Meguniot" }, "geometry": { "type": "Point", "coordinates": [ 34.746911842066602, 31.375927364199136 ] } },
{ "type": "Feature", "properties": { "longitude": 34.752630436857359, "latitude": 31.391279658183866, "status": "Planned", "source": "Eshkol", "type": "Meguniot" }, "geometry": { "type": "Point", "coordinates": [ 34.752630436857359, 31.391279658183866 ] } },
{ "type": "Feature", "properties": { "longitude": 34.749820691725809, "latitude": 31.396184986847985, "status": "Planned", "source": "Eshkol", "type": "Meguniot" }, "geometry": { "type": "Point", "coordinates": [ 34.749820691725809, 31.396184986847985 ] } },
{ "type": "Feature", "properties": { "longitude": 34.751455168647581, "latitude": 31.404970360969607, "status": "Planned", "source": "Eshkol", "type": "Meguniot" }, "geometry": { "type": "Point", "coordinates": [ 34.751455168647581, 31.404970360969607 ] } },
{ "type": "Feature", "properties": { "longitude": 34.756490892336011, "latitude": 31.404695337319328, "status": "Planned", "source": "Eshkol", "type": "Meguniot" }, "geometry": { "type": "Point", "coordinates": [ 34.756490892336011, 31.404695337319328 ] } },
{ "type": "Feature", "properties": { "longitude": 34.740869637878724, "latitude": 31.36224744730994, "status": "Planned", "source": "Eshkol", "type": "Meguniot" }, "geometry": { "type": "Point", "coordinates": [ 34.740869637878724, 31.36224744730994 ] } },
{ "type": "Feature", "properties": { "longitude": 34.741064289448339, "latitude": 31.361856750754871, "status": "Planned", "source": "Eshkol", "type": "Meguniot" }, "geometry": { "type": "Point", "coordinates": [ 34.741064289448339, 31.361856750754871 ] } },
{ "type": "Feature", "properties": { "longitude": 34.738932287063967, "latitude": 31.360856375364612, "status": "Planned", "source": "Eshkol", "type": "Meguniot" }, "geometry": { "type": "Point", "coordinates": [ 34.738932287063967, 31.360856375364612 ] } },
{ "type": "Feature", "properties": { "longitude": 34.739620231968331, "latitude": 31.359340249602933, "status": "Planned", "source": "Eshkol", "type": "Meguniot" }, "geometry": { "type": "Point", "coordinates": [ 34.739620231968331, 31.359340249602933 ] } },
{ "type": "Feature", "properties": { "longitude": 34.740291581964435, "latitude": 31.359099871171875, "status": "Planned", "source": "Eshkol", "type": "Meguniot" }, "geometry": { "type": "Point", "coordinates": [ 34.740291581964435, 31.359099871171875 ] } },
{ "type": "Feature", "properties": { "longitude": 34.769214016334729, "latitude": 31.390160543661395, "status": "Planned", "source": "Eshkol", "type": "Meguniot" }, "geometry": { "type": "Point", "coordinates": [ 34.769214016334729, 31.390160543661395 ] } },
{ "type": "Feature", "properties": { "longitude": 34.729583490197996, "latitude": 31.385225933847398, "status": "Planned", "source": "Eshkol", "type": "Meguniot" }, "geometry": { "type": "Point", "coordinates": [ 34.729583490197996, 31.385225933847398 ] } },
{ "type": "Feature", "properties": { "longitude": 34.771446900613405, "latitude": 31.389630989311357, "status": "Planned", "source": "Eshkol", "type": "Meguniot" }, "geometry": { "type": "Point", "coordinates": [ 34.771446900613405, 31.389630989311357 ] } },
{ "type": "Feature", "properties": { "longitude": 34.776476822427711, "latitude": 31.399725458851215, "status": "Planned", "source": "Eshkol", "type": "Meguniot" }, "geometry": { "type": "Point", "coordinates": [ 34.776476822427711, 31.399725458851215 ] } },
{ "type": "Feature", "properties": { "longitude": 34.748508610275259, "latitude": 31.396071514606355, "status": "Planned", "source": "Eshkol", "type": "Meguniot" }, "geometry": { "type": "Point", "coordinates": [ 34.748508610275259, 31.396071514606355 ] } },
{ "type": "Feature", "properties": { "longitude": 34.746478204525943, "latitude": 31.395974679286727, "status": "Planned", "source": "Eshkol", "type": "Meguniot" }, "geometry": { "type": "Point", "coordinates": [ 34.746478204525943, 31.395974679286727 ] } },
{ "type": "Feature", "properties": { "longitude": 34.749458364077412, "latitude": 31.396417557052434, "status": "Planned", "source": "Eshkol", "type": "Meguniot" }, "geometry": { "type": "Point", "coordinates": [ 34.749458364077412, 31.396417557052434 ] } },
{ "type": "Feature", "properties": { "longitude": 34.763047193351554, "latitude": 31.414232748830351, "status": "Planned", "source": "Eshkol", "type": "Meguniot" }, "geometry": { "type": "Point", "coordinates": [ 34.763047193351554, 31.414232748830351 ] } },
{ "type": "Feature", "properties": { "longitude": 34.762752706784745, "latitude": 31.402048191049222, "status": "Planned", "source": "Eshkol", "type": "Meguniot" }, "geometry": { "type": "Point", "coordinates": [ 34.762752706784745, 31.402048191049222 ] } },
{ "type": "Feature", "properties": { "longitude": 34.761225847740022, "latitude": 31.403655030291901, "status": "Planned", "source": "Eshkol", "type": "Meguniot" }, "geometry": { "type": "Point", "coordinates": [ 34.761225847740022, 31.403655030291901 ] } },
{ "type": "Feature", "properties": { "longitude": 34.746732609778732, "latitude": 31.397716219166814, "status": "Planned", "source": "Eshkol", "type": "Meguniot" }, "geometry": { "type": "Point", "coordinates": [ 34.746732609778732, 31.397716219166814 ] } },
{ "type": "Feature", "properties": { "longitude": 34.728752165205599, "latitude": 31.385385192061531, "status": "Planned", "source": "Eshkol", "type": "Meguniot" }, "geometry": { "type": "Point", "coordinates": [ 34.728752165205599, 31.385385192061531 ] } },
{ "type": "Feature", "properties": { "longitude": 35.06065366707341, "latitude": 31.257899822088511, "status": "Planned", "source": "Eshkol", "type": "Meguniot" }, "geometry": { "type": "Point", "coordinates": [ 35.06065366707341, 31.257899822088511 ] } },
{ "type": "Feature", "properties": { "longitude": 35.0597641997634, "latitude": 31.255968730012793, "status": "Planned", "source": "Eshkol", "type": "Meguniot" }, "geometry": { "type": "Point", "coordinates": [ 35.0597641997634, 31.255968730012793 ] } },
{ "type": "Feature", "properties": { "longitude": 35.060066397257287, "latitude": 31.253748726132688, "status": "Planned", "source": "Eshkol", "type": "Meguniot" }, "geometry": { "type": "Point", "coordinates": [ 35.060066397257287, 31.253748726132688 ] } },
{ "type": "Feature", "properties": { "longitude": 35.060003800076288, "latitude": 31.251988013546786, "status": "Planned", "source": "Eshkol", "type": "Meguniot" }, "geometry": { "type": "Point", "coordinates": [ 35.060003800076288, 31.251988013546786 ] } },
{ "type": "Feature", "properties": { "longitude": 35.061061549739314, "latitude": 31.252114097787278, "status": "Planned", "source": "Eshkol", "type": "Meguniot" }, "geometry": { "type": "Point", "coordinates": [ 35.061061549739314, 31.252114097787278 ] } },
{ "type": "Feature", "properties": { "longitude": 35.067348993222211, "latitude": 31.252653712422262, "status": "Planned", "source": "Eshkol", "type": "Meguniot" }, "geometry": { "type": "Point", "coordinates": [ 35.067348993222211, 31.252653712422262 ] } },
{ "type": "Feature", "properties": { "longitude": 35.066773600240857, "latitude": 31.251322548995457, "status": "Planned", "source": "Eshkol", "type": "Meguniot" }, "geometry": { "type": "Point", "coordinates": [ 35.066773600240857, 31.251322548995457 ] } },
{ "type": "Feature", "properties": { "longitude": 35.064751769363312, "latitude": 31.249482642776528, "status": "Planned", "source": "Eshkol", "type": "Meguniot" }, "geometry": { "type": "Point", "coordinates": [ 35.064751769363312, 31.249482642776528 ] } },
{ "type": "Feature", "properties": { "longitude": 35.067192515069308, "latitude": 31.24772762742996, "status": "Planned", "source": "Eshkol", "type": "Meguniot" }, "geometry": { "type": "Point", "coordinates": [ 35.067192515069308, 31.24772762742996 ] } },
{ "type": "Feature", "properties": { "longitude": 35.06519887351881, "latitude": 31.244159651174996, "status": "Planned", "source": "Eshkol", "type": "Meguniot" }, "geometry": { "type": "Point", "coordinates": [ 35.06519887351881, 31.244159651174996 ] } },
{ "type": "Feature", "properties": { "longitude": 35.06364734164638, "latitude": 31.242750974465455, "status": "Planned", "source": "Eshkol", "type": "Meguniot" }, "geometry": { "type": "Point", "coordinates": [ 35.06364734164638, 31.242750974465455 ] } },
{ "type": "Feature", "properties": { "longitude": 35.059569965408521, "latitude": 31.241986282018271, "status": "Planned", "source": "Eshkol", "type": "Meguniot" }, "geometry": { "type": "Point", "coordinates": [ 35.059569965408521, 31.241986282018271 ] } },
{ "type": "Feature", "properties": { "longitude": 35.069057040613032, "latitude": 31.247263585925378, "status": "Planned", "source": "Eshkol", "type": "Meguniot" }, "geometry": { "type": "Point", "coordinates": [ 35.069057040613032, 31.247263585925378 ] } },
{ "type": "Feature", "properties": { "longitude": 35.06890052585063, "latitude": 31.246118055010228, "status": "Planned", "source": "Eshkol", "type": "Meguniot" }, "geometry": { "type": "Point", "coordinates": [ 35.06890052585063, 31.246118055010228 ] } },
{ "type": "Feature", "properties": { "longitude": 35.067090614002346, "latitude": 31.242637448181068, "status": "Planned", "source": "Eshkol", "type": "Meguniot" }, "geometry": { "type": "Point", "coordinates": [ 35.067090614002346, 31.242637448181068 ] } },
{ "type": "Feature", "properties": { "longitude": 35.068388605718013, "latitude": 31.240894240550542, "status": "Planned", "source": "Eshkol", "type": "Meguniot" }, "geometry": { "type": "Point", "coordinates": [ 35.068388605718013, 31.240894240550542 ] } },
{ "type": "Feature", "properties": { "longitude": 35.069369489019508, "latitude": 31.238267682943174, "status": "Planned", "source": "Eshkol", "type": "Meguniot" }, "geometry": { "type": "Point", "coordinates": [ 35.069369489019508, 31.238267682943174 ] } },
{ "type": "Feature", "properties": { "longitude": 35.066466528296388, "latitude": 31.237640589904363, "status": "Planned", "source": "Eshkol", "type": "Meguniot" }, "geometry": { "type": "Point", "coordinates": [ 35.066466528296388, 31.237640589904363 ] } },
{ "type": "Feature", "properties": { "longitude": 35.06506734187105, "latitude": 31.237153765974892, "status": "Planned", "source": "Eshkol", "type": "Meguniot" }, "geometry": { "type": "Point", "coordinates": [ 35.06506734187105, 31.237153765974892 ] } },
{ "type": "Feature", "properties": { "longitude": 35.066586681766552, "latitude": 31.238093536513464, "status": "Planned", "source": "Eshkol", "type": "Meguniot" }, "geometry": { "type": "Point", "coordinates": [ 35.066586681766552, 31.238093536513464 ] } },
{ "type": "Feature", "properties": { "longitude": 35.063351537061429, "latitude": 31.236951332032074, "status": "Planned", "source": "Eshkol", "type": "Meguniot" }, "geometry": { "type": "Point", "coordinates": [ 35.063351537061429, 31.236951332032074 ] } },
{ "type": "Feature", "properties": { "longitude": 35.060002449842209, "latitude": 31.236636754638145, "status": "Planned", "source": "Eshkol", "type": "Meguniot" }, "geometry": { "type": "Point", "coordinates": [ 35.060002449842209, 31.236636754638145 ] } },
{ "type": "Feature", "properties": { "longitude": 35.061645573644114, "latitude": 31.232003977405171, "status": "Planned", "source": "Eshkol", "type": "Meguniot" }, "geometry": { "type": "Point", "coordinates": [ 35.061645573644114, 31.232003977405171 ] } },
{ "type": "Feature", "properties": { "longitude": 35.067327295766681, "latitude": 31.233055932429842, "status": "Planned", "source": "Eshkol", "type": "Meguniot" }, "geometry": { "type": "Point", "coordinates": [ 35.067327295766681, 31.233055932429842 ] } },
{ "type": "Feature", "properties": { "longitude": 35.07220340465355, "latitude": 31.242191848006083, "status": "Planned", "source": "Eshkol", "type": "Meguniot" }, "geometry": { "type": "Point", "coordinates": [ 35.07220340465355, 31.242191848006083 ] } },
{ "type": "Feature", "properties": { "longitude": 35.072893329176964, "latitude": 31.241105972483865, "status": "Planned", "source": "Eshkol", "type": "Meguniot" }, "geometry": { "type": "Point", "coordinates": [ 35.072893329176964, 31.241105972483865 ] } },
{ "type": "Feature", "properties": { "longitude": 35.07729324976583, "latitude": 31.245307498365936, "status": "Planned", "source": "Eshkol", "type": "Meguniot" }, "geometry": { "type": "Point", "coordinates": [ 35.07729324976583, 31.245307498365936 ] } },
{ "type": "Feature", "properties": { "longitude": 35.074473694017989, "latitude": 31.247749959635275, "status": "Planned", "source": "Eshkol", "type": "Meguniot" }, "geometry": { "type": "Point", "coordinates": [ 35.074473694017989, 31.247749959635275 ] } },
{ "type": "Feature", "properties": { "longitude": 35.076970314564349, "latitude": 31.247770289826516, "status": "Planned", "source": "Eshkol", "type": "Meguniot" }, "geometry": { "type": "Point", "coordinates": [ 35.076970314564349, 31.247770289826516 ] } },
{ "type": "Feature", "properties": { "longitude": 35.075813727362515, "latitude": 31.248665584918133, "status": "Planned", "source": "Eshkol", "type": "Meguniot" }, "geometry": { "type": "Point", "coordinates": [ 35.075813727362515, 31.248665584918133 ] } },
{ "type": "Feature", "properties": { "longitude": 35.079222075971032, "latitude": 31.245202250145002, "status": "Planned", "source": "Eshkol", "type": "Meguniot" }, "geometry": { "type": "Point", "coordinates": [ 35.079222075971032, 31.245202250145002 ] } },
{ "type": "Feature", "properties": { "longitude": 35.069927240042318, "latitude": 31.254129616624454, "status": "Planned", "source": "Eshkol", "type": "Meguniot" }, "geometry": { "type": "Point", "coordinates": [ 35.069927240042318, 31.254129616624454 ] } },
{ "type": "Feature", "properties": { "longitude": 35.080514086060326, "latitude": 31.24208339948844, "status": "Planned", "source": "Eshkol", "type": "Meguniot" }, "geometry": { "type": "Point", "coordinates": [ 35.080514086060326, 31.24208339948844 ] } },
{ "type": "Feature", "properties": { "longitude": 35.081671048345036, "latitude": 31.241089771448419, "status": "Planned", "source": "Eshkol", "type": "Meguniot" }, "geometry": { "type": "Point", "coordinates": [ 35.081671048345036, 31.241089771448419 ] } },
{ "type": "Feature", "properties": { "longitude": 35.082178253693662, "latitude": 31.236351961783676, "status": "Planned", "source": "Eshkol", "type": "Meguniot" }, "geometry": { "type": "Point", "coordinates": [ 35.082178253693662, 31.236351961783676 ] } },
{ "type": "Feature", "properties": { "longitude": 35.080821363343517, "latitude": 31.234326689250771, "status": "Planned", "source": "Eshkol", "type": "Meguniot" }, "geometry": { "type": "Point", "coordinates": [ 35.080821363343517, 31.234326689250771 ] } },
{ "type": "Feature", "properties": { "longitude": 35.081790645150569, "latitude": 31.230042662654732, "status": "Planned", "source": "Eshkol", "type": "Meguniot" }, "geometry": { "type": "Point", "coordinates": [ 35.081790645150569, 31.230042662654732 ] } },
{ "type": "Feature", "properties": { "longitude": 35.090438826305387, "latitude": 31.231990585725555, "status": "Planned", "source": "Eshkol", "type": "Meguniot" }, "geometry": { "type": "Point", "coordinates": [ 35.090438826305387, 31.231990585725555 ] } },
{ "type": "Feature", "properties": { "longitude": 35.096799618047221, "latitude": 31.231851757262113, "status": "Planned", "source": "Eshkol", "type": "Meguniot" }, "geometry": { "type": "Point", "coordinates": [ 35.096799618047221, 31.231851757262113 ] } },
{ "type": "Feature", "properties": { "longitude": 35.100092546400766, "latitude": 31.234438837945167, "status": "Planned", "source": "Eshkol", "type": "Meguniot" }, "geometry": { "type": "Point", "coordinates": [ 35.100092546400766, 31.234438837945167 ] } },
{ "type": "Feature", "properties": { "longitude": 35.089784026629076, "latitude": 31.240276128336998, "status": "Planned", "source": "Eshkol", "type": "Meguniot" }, "geometry": { "type": "Point", "coordinates": [ 35.089784026629076, 31.240276128336998 ] } },
{ "type": "Feature", "properties": { "longitude": 35.090392569948911, "latitude": 31.242833798521708, "status": "Planned", "source": "Eshkol", "type": "Meguniot" }, "geometry": { "type": "Point", "coordinates": [ 35.090392569948911, 31.242833798521708 ] } },
{ "type": "Feature", "properties": { "longitude": 35.087643508702413, "latitude": 31.24378999531233, "status": "Planned", "source": "Eshkol", "type": "Meguniot" }, "geometry": { "type": "Point", "coordinates": [ 35.087643508702413, 31.24378999531233 ] } },
{ "type": "Feature", "properties": { "longitude": 35.11469555798687, "latitude": 31.242143615055618, "status": "Planned", "source": "Eshkol", "type": "Meguniot" }, "geometry": { "type": "Point", "coordinates": [ 35.11469555798687, 31.242143615055618 ] } },
{ "type": "Feature", "properties": { "longitude": 35.117728588673756, "latitude": 31.243592481037403, "status": "Planned", "source": "Eshkol", "type": "Meguniot" }, "geometry": { "type": "Point", "coordinates": [ 35.117728588673756, 31.243592481037403 ] } },
{ "type": "Feature", "properties": { "longitude": 35.121306441746746, "latitude": 31.245597095836057, "status": "Planned", "source": "Eshkol", "type": "Meguniot" }, "geometry": { "type": "Point", "coordinates": [ 35.121306441746746, 31.245597095836057 ] } },
{ "type": "Feature", "properties": { "longitude": 35.123635182310792, "latitude": 31.247627889662894, "status": "Planned", "source": "Eshkol", "type": "Meguniot" }, "geometry": { "type": "Point", "coordinates": [ 35.123635182310792, 31.247627889662894 ] } },
{ "type": "Feature", "properties": { "longitude": 35.116216465871119, "latitude": 31.251334059198403, "status": "Planned", "source": "Eshkol", "type": "Meguniot" }, "geometry": { "type": "Point", "coordinates": [ 35.116216465871119, 31.251334059198403 ] } },
{ "type": "Feature", "properties": { "longitude": 35.115918752661649, "latitude": 31.248191018619725, "status": "Planned", "source": "Eshkol", "type": "Meguniot" }, "geometry": { "type": "Point", "coordinates": [ 35.115918752661649, 31.248191018619725 ] } },
{ "type": "Feature", "properties": { "longitude": 35.107956459699835, "latitude": 31.251754979353958, "status": "Planned", "source": "Eshkol", "type": "Meguniot" }, "geometry": { "type": "Point", "coordinates": [ 35.107956459699835, 31.251754979353958 ] } },
{ "type": "Feature", "properties": { "longitude": 35.104937896450366, "latitude": 31.251715870007118, "status": "Planned", "source": "Eshkol", "type": "Meguniot" }, "geometry": { "type": "Point", "coordinates": [ 35.104937896450366, 31.251715870007118 ] } },
{ "type": "Feature", "properties": { "longitude": 35.099504749635422, "latitude": 31.247086795790253, "status": "Planned", "source": "Eshkol", "type": "Meguniot" }, "geometry": { "type": "Point", "coordinates": [ 35.099504749635422, 31.247086795790253 ] } },
{ "type": "Feature", "properties": { "longitude": 34.937084065337977, "latitude": 31.287954716661162, "status": "Planned", "source": "Eshkol", "type": "Meguniot" }, "geometry": { "type": "Point", "coordinates": [ 34.937084065337977, 31.287954716661162 ] } },
{ "type": "Feature", "properties": { "longitude": 34.938840933741027, "latitude": 31.294902099853648, "status": "Planned", "source": "Eshkol", "type": "Meguniot" }, "geometry": { "type": "Point", "coordinates": [ 34.938840933741027, 31.294902099853648 ] } },
{ "type": "Feature", "properties": { "longitude": 34.842939895410296, "latitude": 31.210410370330909, "status": "Planned", "source": "Eshkol", "type": "Meguniot" }, "geometry": { "type": "Point", "coordinates": [ 34.842939895410296, 31.210410370330909 ] } },
{ "type": "Feature", "properties": { "longitude": 34.842668608848847, "latitude": 31.210003747109059, "status": "Planned", "source": "Eshkol", "type": "Meguniot" }, "geometry": { "type": "Point", "coordinates": [ 34.842668608848847, 31.210003747109059 ] } },
{ "type": "Feature", "properties": { "longitude": 34.841053659345121, "latitude": 31.204235971467103, "status": "Planned", "source": "Eshkol", "type": "Meguniot" }, "geometry": { "type": "Point", "coordinates": [ 34.841053659345121, 31.204235971467103 ] } },
{ "type": "Feature", "properties": { "longitude": 34.840038516912351, "latitude": 31.203538627401311, "status": "Planned", "source": "Eshkol", "type": "Meguniot" }, "geometry": { "type": "Point", "coordinates": [ 34.840038516912351, 31.203538627401311 ] } },
{ "type": "Feature", "properties": { "longitude": 34.839631791332998, "latitude": 31.202888097223145, "status": "Planned", "source": "Eshkol", "type": "Meguniot" }, "geometry": { "type": "Point", "coordinates": [ 34.839631791332998, 31.202888097223145 ] } },
{ "type": "Feature", "properties": { "longitude": 34.839654541444141, "latitude": 31.202428185736093, "status": "Planned", "source": "Eshkol", "type": "Meguniot" }, "geometry": { "type": "Point", "coordinates": [ 34.839654541444141, 31.202428185736093 ] } },
{ "type": "Feature", "properties": { "longitude": 34.838827982305176, "latitude": 31.201812538734078, "status": "Planned", "source": "Eshkol", "type": "Meguniot" }, "geometry": { "type": "Point", "coordinates": [ 34.838827982305176, 31.201812538734078 ] } },
{ "type": "Feature", "properties": { "longitude": 34.839122224398871, "latitude": 31.201696125564055, "status": "Planned", "source": "Eshkol", "type": "Meguniot" }, "geometry": { "type": "Point", "coordinates": [ 34.839122224398871, 31.201696125564055 ] } },
{ "type": "Feature", "properties": { "longitude": 34.838562706681458, "latitude": 31.199854631662511, "status": "Planned", "source": "Eshkol", "type": "Meguniot" }, "geometry": { "type": "Point", "coordinates": [ 34.838562706681458, 31.199854631662511 ] } },
{ "type": "Feature", "properties": { "longitude": 34.838193251517765, "latitude": 31.20043080570321, "status": "Planned", "source": "Eshkol", "type": "Meguniot" }, "geometry": { "type": "Point", "coordinates": [ 34.838193251517765, 31.20043080570321 ] } },
{ "type": "Feature", "properties": { "longitude": 34.839010331545566, "latitude": 31.20350865433651, "status": "Planned", "source": "Eshkol", "type": "Meguniot" }, "geometry": { "type": "Point", "coordinates": [ 34.839010331545566, 31.20350865433651 ] } },
{ "type": "Feature", "properties": { "longitude": 34.837312457347061, "latitude": 31.202998750079775, "status": "Planned", "source": "Eshkol", "type": "Meguniot" }, "geometry": { "type": "Point", "coordinates": [ 34.837312457347061, 31.202998750079775 ] } },
{ "type": "Feature", "properties": { "longitude": 34.841273299779218, "latitude": 31.201675156560444, "status": "Planned", "source": "Eshkol", "type": "Meguniot" }, "geometry": { "type": "Point", "coordinates": [ 34.841273299779218, 31.201675156560444 ] } },
{ "type": "Feature", "properties": { "longitude": 34.841094857584324, "latitude": 31.20169269114276, "status": "Planned", "source": "Eshkol", "type": "Meguniot" }, "geometry": { "type": "Point", "coordinates": [ 34.841094857584324, 31.20169269114276 ] } },
{ "type": "Feature", "properties": { "longitude": 34.839794668438245, "latitude": 31.198721716410471, "status": "Planned", "source": "Eshkol", "type": "Meguniot" }, "geometry": { "type": "Point", "coordinates": [ 34.839794668438245, 31.198721716410471 ] } },
{ "type": "Feature", "properties": { "longitude": 34.83429537950439, "latitude": 31.199057763741411, "status": "Planned", "source": "Eshkol", "type": "Meguniot" }, "geometry": { "type": "Point", "coordinates": [ 34.83429537950439, 31.199057763741411 ] } },
{ "type": "Feature", "properties": { "longitude": 34.833258336847102, "latitude": 31.198621858202497, "status": "Planned", "source": "Eshkol", "type": "Meguniot" }, "geometry": { "type": "Point", "coordinates": [ 34.833258336847102, 31.198621858202497 ] } },
{ "type": "Feature", "properties": { "longitude": 34.834224477406444, "latitude": 31.19031800790119, "status": "Planned", "source": "Eshkol", "type": "Meguniot" }, "geometry": { "type": "Point", "coordinates": [ 34.834224477406444, 31.19031800790119 ] } },
{ "type": "Feature", "properties": { "longitude": 34.834507040583865, "latitude": 31.190499203339165, "status": "Planned", "source": "Eshkol", "type": "Meguniot" }, "geometry": { "type": "Point", "coordinates": [ 34.834507040583865, 31.190499203339165 ] } },
{ "type": "Feature", "properties": { "longitude": 34.841441735560686, "latitude": 31.199020009781272, "status": "Planned", "source": "Eshkol", "type": "Meguniot" }, "geometry": { "type": "Point", "coordinates": [ 34.841441735560686, 31.199020009781272 ] } },
{ "type": "Feature", "properties": { "longitude": 34.835617472845001, "latitude": 31.199043521196153, "status": "Planned", "source": "Eshkol", "type": "Meguniot" }, "geometry": { "type": "Point", "coordinates": [ 34.835617472845001, 31.199043521196153 ] } },
{ "type": "Feature", "properties": { "longitude": 34.835074713571615, "latitude": 31.19831141421756, "status": "Planned", "source": "Eshkol", "type": "Meguniot" }, "geometry": { "type": "Point", "coordinates": [ 34.835074713571615, 31.19831141421756 ] } },
{ "type": "Feature", "properties": { "longitude": 34.838219516107642, "latitude": 31.199059971132481, "status": "Planned", "source": "Eshkol", "type": "Meguniot" }, "geometry": { "type": "Point", "coordinates": [ 34.838219516107642, 31.199059971132481 ] } },
{ "type": "Feature", "properties": { "longitude": 34.838233238482474, "latitude": 31.198221229995177, "status": "Planned", "source": "Eshkol", "type": "Meguniot" }, "geometry": { "type": "Point", "coordinates": [ 34.838233238482474, 31.198221229995177 ] } },
{ "type": "Feature", "properties": { "longitude": 34.841721487025957, "latitude": 31.196959409072058, "status": "Planned", "source": "Eshkol", "type": "Meguniot" }, "geometry": { "type": "Point", "coordinates": [ 34.841721487025957, 31.196959409072058 ] } },
{ "type": "Feature", "properties": { "longitude": 34.844010868161526, "latitude": 31.196406653783395, "status": "Planned", "source": "Eshkol", "type": "Meguniot" }, "geometry": { "type": "Point", "coordinates": [ 34.844010868161526, 31.196406653783395 ] } },
{ "type": "Feature", "properties": { "longitude": 34.838583386743998, "latitude": 31.194479280627867, "status": "Planned", "source": "Eshkol", "type": "Meguniot" }, "geometry": { "type": "Point", "coordinates": [ 34.838583386743998, 31.194479280627867 ] } },
{ "type": "Feature", "properties": { "longitude": 34.840755989626018, "latitude": 31.188785333538871, "status": "Planned", "source": "Eshkol", "type": "Meguniot" }, "geometry": { "type": "Point", "coordinates": [ 34.840755989626018, 31.188785333538871 ] } },
{ "type": "Feature", "properties": { "longitude": 34.841155513326733, "latitude": 31.188560982806319, "status": "Planned", "source": "Eshkol", "type": "Meguniot" }, "geometry": { "type": "Point", "coordinates": [ 34.841155513326733, 31.188560982806319 ] } },
{ "type": "Feature", "properties": { "longitude": 34.842053784248193, "latitude": 31.186849874665935, "status": "Planned", "source": "Eshkol", "type": "Meguniot" }, "geometry": { "type": "Point", "coordinates": [ 34.842053784248193, 31.186849874665935 ] } },
{ "type": "Feature", "properties": { "longitude": 34.839163903187007, "latitude": 31.185380602702068, "status": "Planned", "source": "Eshkol", "type": "Meguniot" }, "geometry": { "type": "Point", "coordinates": [ 34.839163903187007, 31.185380602702068 ] } },
{ "type": "Feature", "properties": { "longitude": 34.839940196562488, "latitude": 31.182649996773044, "status": "Planned", "source": "Eshkol", "type": "Meguniot" }, "geometry": { "type": "Point", "coordinates": [ 34.839940196562488, 31.182649996773044 ] } },
{ "type": "Feature", "properties": { "longitude": 34.925239302858515, "latitude": 31.295024376128623, "status": "Planned", "source": "Eshkol", "type": "Meguniot" }, "geometry": { "type": "Point", "coordinates": [ 34.925239302858515, 31.295024376128623 ] } },
{ "type": "Feature", "properties": { "longitude": 34.925091969490246, "latitude": 31.294552075813225, "status": "Planned", "source": "Eshkol", "type": "Meguniot" }, "geometry": { "type": "Point", "coordinates": [ 34.925091969490246, 31.294552075813225 ] } },
{ "type": "Feature", "properties": { "longitude": 34.946095630330028, "latitude": 31.299339153653456, "status": "Planned", "source": "Eshkol", "type": "Meguniot" }, "geometry": { "type": "Point", "coordinates": [ 34.946095630330028, 31.299339153653456 ] } },
{ "type": "Feature", "properties": { "longitude": 34.951698785014713, "latitude": 31.30312420023564, "status": "Planned", "source": "Eshkol", "type": "Meguniot" }, "geometry": { "type": "Point", "coordinates": [ 34.951698785014713, 31.30312420023564 ] } },
{ "type": "Feature", "properties": { "longitude": 34.734038304532731, "latitude": 31.34565860477759, "status": "Planned", "source": "Eshkol", "type": "Meguniot" }, "geometry": { "type": "Point", "coordinates": [ 34.734038304532731, 31.34565860477759 ] } },
{ "type": "Feature", "properties": { "longitude": 34.737907069975321, "latitude": 31.345330008099769, "status": "Planned", "source": "Eshkol", "type": "Meguniot" }, "geometry": { "type": "Point", "coordinates": [ 34.737907069975321, 31.345330008099769 ] } },
{ "type": "Feature", "properties": { "longitude": 34.73857502492838, "latitude": 31.346261379244787, "status": "Planned", "source": "Eshkol", "type": "Meguniot" }, "geometry": { "type": "Point", "coordinates": [ 34.73857502492838, 31.346261379244787 ] } },
{ "type": "Feature", "properties": { "longitude": 34.749993020244226, "latitude": 31.342902193470561, "status": "Planned", "source": "Eshkol", "type": "Meguniot" }, "geometry": { "type": "Point", "coordinates": [ 34.749993020244226, 31.342902193470561 ] } },
{ "type": "Feature", "properties": { "longitude": 34.883123153764679, "latitude": 31.290101435142752, "status": "Planned", "source": "Eshkol", "type": "Meguniot" }, "geometry": { "type": "Point", "coordinates": [ 34.883123153764679, 31.290101435142752 ] } },
{ "type": "Feature", "properties": { "longitude": 34.880777767009647, "latitude": 31.291078622902305, "status": "Planned", "source": "Eshkol", "type": "Meguniot" }, "geometry": { "type": "Point", "coordinates": [ 34.880777767009647, 31.291078622902305 ] } },
{ "type": "Feature", "properties": { "longitude": 34.876377520099297, "latitude": 31.284916481904972, "status": "Planned", "source": "Eshkol", "type": "Meguniot" }, "geometry": { "type": "Point", "coordinates": [ 34.876377520099297, 31.284916481904972 ] } },
{ "type": "Feature", "properties": { "longitude": 34.872135521914871, "latitude": 31.281703823120871, "status": "Planned", "source": "Eshkol", "type": "Meguniot" }, "geometry": { "type": "Point", "coordinates": [ 34.872135521914871, 31.281703823120871 ] } },
{ "type": "Feature", "properties": { "longitude": 34.873942774425615, "latitude": 31.281419874501214, "status": "Planned", "source": "Eshkol", "type": "Meguniot" }, "geometry": { "type": "Point", "coordinates": [ 34.873942774425615, 31.281419874501214 ] } },
{ "type": "Feature", "properties": { "longitude": 34.881353919836677, "latitude": 31.279192978500383, "status": "Planned", "source": "Eshkol", "type": "Meguniot" }, "geometry": { "type": "Point", "coordinates": [ 34.881353919836677, 31.279192978500383 ] } },
{ "type": "Feature", "properties": { "longitude": 34.885477659274244, "latitude": 31.277038707343841, "status": "Planned", "source": "Eshkol", "type": "Meguniot" }, "geometry": { "type": "Point", "coordinates": [ 34.885477659274244, 31.277038707343841 ] } },
{ "type": "Feature", "properties": { "longitude": 34.884617765414468, "latitude": 31.273573253222374, "status": "Planned", "source": "Eshkol", "type": "Meguniot" }, "geometry": { "type": "Point", "coordinates": [ 34.884617765414468, 31.273573253222374 ] } },
{ "type": "Feature", "properties": { "longitude": 34.884617765414468, "latitude": 31.273573253222374, "status": "Planned", "source": "Eshkol", "type": "Meguniot" }, "geometry": { "type": "Point", "coordinates": [ 34.884617765414468, 31.273573253222374 ] } },
{ "type": "Feature", "properties": { "longitude": 34.884424738724917, "latitude": 31.271651713258844, "status": "Planned", "source": "Eshkol", "type": "Meguniot" }, "geometry": { "type": "Point", "coordinates": [ 34.884424738724917, 31.271651713258844 ] } },
{ "type": "Feature", "properties": { "longitude": 34.880133486189735, "latitude": 31.261440394215818, "status": "Planned", "source": "Eshkol", "type": "Meguniot" }, "geometry": { "type": "Point", "coordinates": [ 34.880133486189735, 31.261440394215818 ] } },
{ "type": "Feature", "properties": { "longitude": 35.037026532751391, "latitude": 31.266394301491889, "status": "Planned", "source": "Eshkol", "type": "Meguniot" }, "geometry": { "type": "Point", "coordinates": [ 35.037026532751391, 31.266394301491889 ] } },
{ "type": "Feature", "properties": { "longitude": 35.032091677778482, "latitude": 31.265495055280262, "status": "Planned", "source": "Eshkol", "type": "Meguniot" }, "geometry": { "type": "Point", "coordinates": [ 35.032091677778482, 31.265495055280262 ] } },
{ "type": "Feature", "properties": { "longitude": 35.05648634024412, "latitude": 31.284339132435981, "status": "Planned", "source": "Eshkol", "type": "Meguniot" }, "geometry": { "type": "Point", "coordinates": [ 35.05648634024412, 31.284339132435981 ] } },
{ "type": "Feature", "properties": { "longitude": 35.059433116474551, "latitude": 31.293983895382475, "status": "Planned", "source": "Eshkol", "type": "Meguniot" }, "geometry": { "type": "Point", "coordinates": [ 35.059433116474551, 31.293983895382475 ] } },
{ "type": "Feature", "properties": { "longitude": 35.064480193417168, "latitude": 31.297263417080998, "status": "Planned", "source": "Eshkol", "type": "Meguniot" }, "geometry": { "type": "Point", "coordinates": [ 35.064480193417168, 31.297263417080998 ] } },
{ "type": "Feature", "properties": { "longitude": 35.07598897841747, "latitude": 31.299367862305385, "status": "Planned", "source": "Eshkol", "type": "Meguniot" }, "geometry": { "type": "Point", "coordinates": [ 35.07598897841747, 31.299367862305385 ] } },
{ "type": "Feature", "properties": { "longitude": 34.920150288443061, "latitude": 31.270617332229978, "status": "Planned", "source": "Eshkol", "type": "Meguniot" }, "geometry": { "type": "Point", "coordinates": [ 34.920150288443061, 31.270617332229978 ] } },
{ "type": "Feature", "properties": { "longitude": 34.913841005364162, "latitude": 31.283861246292513, "status": "Planned", "source": "Eshkol", "type": "Meguniot" }, "geometry": { "type": "Point", "coordinates": [ 34.913841005364162, 31.283861246292513 ] } },
{ "type": "Feature", "properties": { "longitude": 35.125242630268559, "latitude": 31.296413315765268, "status": "Planned", "source": "Eshkol", "type": "Meguniot" }, "geometry": { "type": "Point", "coordinates": [ 35.125242630268559, 31.296413315765268 ] } },
{ "type": "Feature", "properties": { "longitude": 34.952210177385922, "latitude": 31.265768838119559, "status": "Planned", "source": "Eshkol", "type": "Meguniot" }, "geometry": { "type": "Point", "coordinates": [ 34.952210177385922, 31.265768838119559 ] } },
{ "type": "Feature", "properties": { "longitude": 34.955086674874416, "latitude": 31.261703637261999, "status": "Planned", "source": "Eshkol", "type": "Meguniot" }, "geometry": { "type": "Point", "coordinates": [ 34.955086674874416, 31.261703637261999 ] } },
{ "type": "Feature", "properties": { "longitude": 34.957475282944699, "latitude": 31.255894125507766, "status": "Planned", "source": "Eshkol", "type": "Meguniot" }, "geometry": { "type": "Point", "coordinates": [ 34.957475282944699, 31.255894125507766 ] } },
{ "type": "Feature", "properties": { "longitude": 34.956536380183415, "latitude": 31.250749888876907, "status": "Planned", "source": "Eshkol", "type": "Meguniot" }, "geometry": { "type": "Point", "coordinates": [ 34.956536380183415, 31.250749888876907 ] } },
{ "type": "Feature", "properties": { "longitude": 34.958973929574455, "latitude": 31.248807971703354, "status": "Planned", "source": "Eshkol", "type": "Meguniot" }, "geometry": { "type": "Point", "coordinates": [ 34.958973929574455, 31.248807971703354 ] } },
{ "type": "Feature", "properties": { "longitude": 34.962625185424756, "latitude": 31.253721289204055, "status": "Planned", "source": "Eshkol", "type": "Meguniot" }, "geometry": { "type": "Point", "coordinates": [ 34.962625185424756, 31.253721289204055 ] } },
{ "type": "Feature", "properties": { "longitude": 34.967490726737097, "latitude": 31.251818294914283, "status": "Planned", "source": "Eshkol", "type": "Meguniot" }, "geometry": { "type": "Point", "coordinates": [ 34.967490726737097, 31.251818294914283 ] } },
{ "type": "Feature", "properties": { "longitude": 34.980316330240484, "latitude": 31.248756749169555, "status": "Planned", "source": "Eshkol", "type": "Meguniot" }, "geometry": { "type": "Point", "coordinates": [ 34.980316330240484, 31.248756749169555 ] } },
{ "type": "Feature", "properties": { "longitude": 34.987727114407498, "latitude": 31.249085121078366, "status": "Planned", "source": "Eshkol", "type": "Meguniot" }, "geometry": { "type": "Point", "coordinates": [ 34.987727114407498, 31.249085121078366 ] } },
{ "type": "Feature", "properties": { "longitude": 34.98990046537763, "latitude": 31.258252192624454, "status": "Planned", "source": "Eshkol", "type": "Meguniot" }, "geometry": { "type": "Point", "coordinates": [ 34.98990046537763, 31.258252192624454 ] } },
{ "type": "Feature", "properties": { "longitude": 34.989878269809459, "latitude": 31.260769296273036, "status": "Planned", "source": "Eshkol", "type": "Meguniot" }, "geometry": { "type": "Point", "coordinates": [ 34.989878269809459, 31.260769296273036 ] } },
{ "type": "Feature", "properties": { "longitude": 35.106547858414096, "latitude": 31.295462452937258, "status": "Built", "source": "Eshkol", "type": "Meguniot" }, "geometry": { "type": "Point", "coordinates": [ 35.106547858414096, 31.295462452937258 ] } },
{ "type": "Feature", "properties": { "longitude": 35.108524616823928, "latitude": 31.293317400331635, "status": "Built", "source": "Eshkol", "type": "Meguniot" }, "geometry": { "type": "Point", "coordinates": [ 35.108524616823928, 31.293317400331635 ] } },
{ "type": "Feature", "properties": { "longitude": 34.821079601041518, "latitude": 31.151037108914121, "status": "Built", "source": "Eshkol", "type": "Meguniot" }, "geometry": { "type": "Point", "coordinates": [ 34.821079601041518, 31.151037108914121 ] } },
{ "type": "Feature", "properties": { "longitude": 34.825103228366487, "latitude": 31.172956625730361, "status": "Built", "source": "Eshkol", "type": "Meguniot" }, "geometry": { "type": "Point", "coordinates": [ 34.825103228366487, 31.172956625730361 ] } },
{ "type": "Feature", "properties": { "longitude": 34.919921381650447, "latitude": 31.220885453038399, "status": "Built", "source": "Eshkol", "type": "Meguniot" }, "geometry": { "type": "Point", "coordinates": [ 34.919921381650447, 31.220885453038399 ] } },
{ "type": "Feature", "properties": { "longitude": 35.090826116106065, "latitude": 31.215323474723991, "status": "Built", "source": "Eshkol", "type": "Meguniot" }, "geometry": { "type": "Point", "coordinates": [ 35.090826116106065, 31.215323474723991 ] } },
{ "type": "Feature", "properties": { "longitude": 35.127860136413211, "latitude": 31.241641751449645, "status": "Built", "source": "Eshkol", "type": "Meguniot" }, "geometry": { "type": "Point", "coordinates": [ 35.127860136413211, 31.241641751449645 ] } },
{ "type": "Feature", "properties": { "longitude": 35.089689595307007, "latitude": 31.235308974520287, "status": "Built", "source": "Eshkol", "type": "Meguniot" }, "geometry": { "type": "Point", "coordinates": [ 35.089689595307007, 31.235308974520287 ] } },
{ "type": "Feature", "properties": { "longitude": 34.914102507293201, "latitude": 31.215569194586148, "status": "Built", "source": "Eshkol", "type": "Meguniot" }, "geometry": { "type": "Point", "coordinates": [ 34.914102507293201, 31.215569194586148 ] } },
{ "type": "Feature", "properties": { "longitude": 35.049252634163309, "latitude": 31.038411326025059, "status": "Built", "source": "Eshkol", "type": "Meguniot" }, "geometry": { "type": "Point", "coordinates": [ 35.049252634163309, 31.038411326025059 ] } },
{ "type": "Feature", "properties": { "longitude": 35.006727313799082, "latitude": 31.264736854834425, "status": "Built", "source": "Eshkol", "type": "Meguniot" }, "geometry": { "type": "Point", "coordinates": [ 35.006727313799082, 31.264736854834425 ] } },
{ "type": "Feature", "properties": { "longitude": 35.007941316019746, "latitude": 31.241298004886975, "status": "Built", "source": "Eshkol", "type": "Meguniot" }, "geometry": { "type": "Point", "coordinates": [ 35.007941316019746, 31.241298004886975 ] } },
{ "type": "Feature", "properties": { "longitude": 35.01123462598057, "latitude": 31.242664884804888, "status": "Built", "source": "Eshkol", "type": "Meguniot" }, "geometry": { "type": "Point", "coordinates": [ 35.01123462598057, 31.242664884804888 ] } },
{ "type": "Feature", "properties": { "longitude": 34.966215209394228, "latitude": 31.266444929396435, "status": "Built", "source": "Eshkol", "type": "Meguniot" }, "geometry": { "type": "Point", "coordinates": [ 34.966215209394228, 31.266444929396435 ] } },
{ "type": "Feature", "properties": { "longitude": 34.967475953834978, "latitude": 31.27034350826635, "status": "Built", "source": "Eshkol", "type": "Meguniot" }, "geometry": { "type": "Point", "coordinates": [ 34.967475953834978, 31.27034350826635 ] } },
{ "type": "Feature", "properties": { "longitude": 35.144540883372237, "latitude": 31.290380963085259, "status": "Built", "source": "Eshkol", "type": "Meguniot" }, "geometry": { "type": "Point", "coordinates": [ 35.144540883372237, 31.290380963085259 ] } },
{ "type": "Feature", "properties": { "longitude": 35.109035360321158, "latitude": 31.307622040365512, "status": "Built", "source": "Eshkol", "type": "Meguniot" }, "geometry": { "type": "Point", "coordinates": [ 35.109035360321158, 31.307622040365512 ] } },
{ "type": "Feature", "properties": { "longitude": 35.023587340898956, "latitude": 31.144671048427149, "status": "Built", "source": "Eshkol", "type": "Meguniot" }, "geometry": { "type": "Point", "coordinates": [ 35.023587340898956, 31.144671048427149 ] } },
{ "type": "Feature", "properties": { "longitude": 34.952301840141736, "latitude": 31.274733990260764, "status": "Built", "source": "Eshkol", "type": "Meguniot" }, "geometry": { "type": "Point", "coordinates": [ 34.952301840141736, 31.274733990260764 ] } },
{ "type": "Feature", "properties": { "longitude": 34.980090729749698, "latitude": 31.184251246896427, "status": "Built", "source": "Eshkol", "type": "Meguniot" }, "geometry": { "type": "Point", "coordinates": [ 34.980090729749698, 31.184251246896427 ] } },
{ "type": "Feature", "properties": { "longitude": 34.979717599187531, "latitude": 31.182329502895985, "status": "Built", "source": "Eshkol", "type": "Meguniot" }, "geometry": { "type": "Point", "coordinates": [ 34.979717599187531, 31.182329502895985 ] } },
{ "type": "Feature", "properties": { "longitude": 34.750207808382633, "latitude": 30.812922030156844, "status": "Built", "source": "Eshkol", "type": "Meguniot" }, "geometry": { "type": "Point", "coordinates": [ 34.750207808382633, 30.812922030156844 ] } },
{ "type": "Feature", "properties": { "longitude": 34.953892599011077, "latitude": 31.113455872907142, "status": "Built", "source": "Eshkol", "type": "Meguniot" }, "geometry": { "type": "Point", "coordinates": [ 34.953892599011077, 31.113455872907142 ] } },
{ "type": "Feature", "properties": { "longitude": 34.959031373473003, "latitude": 31.11671270846939, "status": "Built", "source": "Eshkol", "type": "Meguniot" }, "geometry": { "type": "Point", "coordinates": [ 34.959031373473003, 31.11671270846939 ] } },
{ "type": "Feature", "properties": { "longitude": 34.964073736601016, "latitude": 31.145881558785106, "status": "Built", "source": "Eshkol", "type": "Meguniot" }, "geometry": { "type": "Point", "coordinates": [ 34.964073736601016, 31.145881558785106 ] } },
{ "type": "Feature", "properties": { "longitude": 34.962586993173787, "latitude": 31.182127097844749, "status": "Built", "source": "Eshkol", "type": "Meguniot" }, "geometry": { "type": "Point", "coordinates": [ 34.962586993173787, 31.182127097844749 ] } },
{ "type": "Feature", "properties": { "longitude": 34.971164098547597, "latitude": 31.119576317451322, "status": "Built", "source": "Eshkol", "type": "Meguniot" }, "geometry": { "type": "Point", "coordinates": [ 34.971164098547597, 31.119576317451322 ] } },
{ "type": "Feature", "properties": { "longitude": 34.980756470614345, "latitude": 31.204509532753008, "status": "Built", "source": "Eshkol", "type": "Meguniot" }, "geometry": { "type": "Point", "coordinates": [ 34.980756470614345, 31.204509532753008 ] } },
{ "type": "Feature", "properties": { "longitude": 34.730487458873711, "latitude": 31.343354746129606, "status": "Built", "source": "Eshkol", "type": "Meguniot" }, "geometry": { "type": "Point", "coordinates": [ 34.730487458873711, 31.343354746129606 ] } },
{ "type": "Feature", "properties": { "longitude": 34.737912256076804, "latitude": 31.361311468332346, "status": "Built", "source": "Eshkol", "type": "Meguniot" }, "geometry": { "type": "Point", "coordinates": [ 34.737912256076804, 31.361311468332346 ] } },
{ "type": "Feature", "properties": { "longitude": 34.940230189606588, "latitude": 31.205307573441317, "status": "Built", "source": "Eshkol", "type": "Meguniot" }, "geometry": { "type": "Point", "coordinates": [ 34.940230189606588, 31.205307573441317 ] } },
{ "type": "Feature", "properties": { "longitude": 34.751661949870197, "latitude": 31.325736093131329, "status": "Built", "source": "Eshkol", "type": "Meguniot" }, "geometry": { "type": "Point", "coordinates": [ 34.751661949870197, 31.325736093131329 ] } },
{ "type": "Feature", "properties": { "longitude": 35.008084621216319, "latitude": 31.161757905230022, "status": "Built", "source": "Eshkol", "type": "Meguniot" }, "geometry": { "type": "Point", "coordinates": [ 35.008084621216319, 31.161757905230022 ] } },
{ "type": "Feature", "properties": { "longitude": 34.996902869678486, "latitude": 31.123778229660839, "status": "Built", "source": "Eshkol", "type": "Meguniot" }, "geometry": { "type": "Point", "coordinates": [ 34.996902869678486, 31.123778229660839 ] } },
{ "type": "Feature", "properties": { "longitude": 34.948406237941256, "latitude": 31.009208141448894, "status": "Built", "source": "Eshkol", "type": "Meguniot" }, "geometry": { "type": "Point", "coordinates": [ 34.948406237941256, 31.009208141448894 ] } },
{ "type": "Feature", "properties": { "longitude": 35.00043797672906, "latitude": 31.063985595779833, "status": "Built", "source": "Eshkol", "type": "Meguniot" }, "geometry": { "type": "Point", "coordinates": [ 35.00043797672906, 31.063985595779833 ] } },
{ "type": "Feature", "properties": { "longitude": 35.006174470337449, "latitude": 31.137168444335654, "status": "Built", "source": "Eshkol", "type": "Meguniot" }, "geometry": { "type": "Point", "coordinates": [ 35.006174470337449, 31.137168444335654 ] } },
{ "type": "Feature", "properties": { "longitude": 34.814397390940968, "latitude": 31.159197453867446, "status": "Built", "source": "Eshkol", "type": "Meguniot" }, "geometry": { "type": "Point", "coordinates": [ 34.814397390940968, 31.159197453867446 ] } },
{ "type": "Feature", "properties": { "longitude": 34.943001234224674, "latitude": 31.193543198896975, "status": "Built", "source": "Eshkol", "type": "Meguniot" }, "geometry": { "type": "Point", "coordinates": [ 34.943001234224674, 31.193543198896975 ] } },
{ "type": "Feature", "properties": { "longitude": 34.707254941334185, "latitude": 31.038025109872628, "status": "Built", "source": "Eshkol", "type": "Meguniot" }, "geometry": { "type": "Point", "coordinates": [ 34.707254941334185, 31.038025109872628 ] } },
{ "type": "Feature", "properties": { "longitude": 34.765726924057788, "latitude": 31.430457734844367, "status": "Built", "source": "Eshkol", "type": "Meguniot" }, "geometry": { "type": "Point", "coordinates": [ 34.765726924057788, 31.430457734844367 ] } },
{ "type": "Feature", "properties": { "longitude": 34.862735869236928, "latitude": 31.366295219030984, "status": "Built", "source": "Eshkol", "type": "Meguniot" }, "geometry": { "type": "Point", "coordinates": [ 34.862735869236928, 31.366295219030984 ] } },
{ "type": "Feature", "properties": { "longitude": 35.065026720296167, "latitude": 31.275600151049694, "status": "Built", "source": "Eshkol", "type": "Meguniot" }, "geometry": { "type": "Point", "coordinates": [ 35.065026720296167, 31.275600151049694 ] } },
{ "type": "Feature", "properties": { "longitude": 35.073652185013401, "latitude": 31.264930581456042, "status": "Built", "source": "Eshkol", "type": "Meguniot" }, "geometry": { "type": "Point", "coordinates": [ 35.073652185013401, 31.264930581456042 ] } },
{ "type": "Feature", "properties": { "longitude": 34.891486320849488, "latitude": 31.206352717157859, "status": "Built", "source": "Eshkol", "type": "Meguniot" }, "geometry": { "type": "Point", "coordinates": [ 34.891486320849488, 31.206352717157859 ] } },
{ "type": "Feature", "properties": { "longitude": 34.978883519430156, "latitude": 31.206697925952319, "status": "Built", "source": "Eshkol", "type": "Meguniot" }, "geometry": { "type": "Point", "coordinates": [ 34.978883519430156, 31.206697925952319 ] } },
{ "type": "Feature", "properties": { "longitude": 34.955714278135424, "latitude": 31.009637316627547, "status": "Built", "source": "Eshkol", "type": "Meguniot" }, "geometry": { "type": "Point", "coordinates": [ 34.955714278135424, 31.009637316627547 ] } },
{ "type": "Feature", "properties": { "longitude": 35.014799449697769, "latitude": 31.244789688789332, "status": "Built", "source": "Eshkol", "type": "Meguniot" }, "geometry": { "type": "Point", "coordinates": [ 35.014799449697769, 31.244789688789332 ] } },
{ "type": "Feature", "properties": { "longitude": 35.0618921923366, "latitude": 31.1741580150765, "status": "Built", "source": "Eshkol", "type": "Meguniot" }, "geometry": { "type": "Point", "coordinates": [ 35.0618921923366, 31.1741580150765 ] } },
{ "type": "Feature", "properties": { "longitude": 34.994434818939517, "latitude": 31.273023954911306, "status": "Built", "source": "Eshkol", "type": "Meguniot" }, "geometry": { "type": "Point", "coordinates": [ 34.994434818939517, 31.273023954911306 ] } },
{ "type": "Feature", "properties": { "longitude": 34.97818630508452, "latitude": 31.21306424275706, "status": "Built", "source": "Eshkol", "type": "Meguniot" }, "geometry": { "type": "Point", "coordinates": [ 34.97818630508452, 31.21306424275706 ] } },
{ "type": "Feature", "properties": { "longitude": 34.955434479361344, "latitude": 31.121152325141203, "status": "Built", "source": "Eshkol", "type": "Meguniot" }, "geometry": { "type": "Point", "coordinates": [ 34.955434479361344, 31.121152325141203 ] } },
{ "type": "Feature", "properties": { "longitude": 35.04480084530158, "latitude": 31.163801899257862, "status": "Built", "source": "Eshkol", "type": "Meguniot" }, "geometry": { "type": "Point", "coordinates": [ 35.04480084530158, 31.163801899257862 ] } },
{ "type": "Feature", "properties": { "longitude": 35.05242986101284, "latitude": 31.141677820832545, "status": "Built", "source": "Eshkol", "type": "Meguniot" }, "geometry": { "type": "Point", "coordinates": [ 35.05242986101284, 31.141677820832545 ] } },
{ "type": "Feature", "properties": { "longitude": 35.04730308122781, "latitude": 31.147471073438876, "status": "Built", "source": "Eshkol", "type": "Meguniot" }, "geometry": { "type": "Point", "coordinates": [ 35.04730308122781, 31.147471073438876 ] } },
{ "type": "Feature", "properties": { "longitude": 34.980160922090185, "latitude": 31.092029226315717, "status": "Built", "source": "Eshkol", "type": "Meguniot" }, "geometry": { "type": "Point", "coordinates": [ 34.980160922090185, 31.092029226315717 ] } },
{ "type": "Feature", "properties": { "longitude": 34.991160905016002, "latitude": 31.089441294844427, "status": "Built", "source": "Eshkol", "type": "Meguniot" }, "geometry": { "type": "Point", "coordinates": [ 34.991160905016002, 31.089441294844427 ] } },
{ "type": "Feature", "properties": { "longitude": 35.052199654826303, "latitude": 31.029557740802996, "status": "Built", "source": "Eshkol", "type": "Meguniot" }, "geometry": { "type": "Point", "coordinates": [ 35.052199654826303, 31.029557740802996 ] } },
{ "type": "Feature", "properties": { "longitude": 34.983141909928278, "latitude": 31.07652108252713, "status": "Built", "source": "Eshkol", "type": "Meguniot" }, "geometry": { "type": "Point", "coordinates": [ 34.983141909928278, 31.07652108252713 ] } },
{ "type": "Feature", "properties": { "longitude": 34.937661663736307, "latitude": 31.140859961223402, "status": "Built", "source": "Eshkol", "type": "Meguniot" }, "geometry": { "type": "Point", "coordinates": [ 34.937661663736307, 31.140859961223402 ] } },
{ "type": "Feature", "properties": { "longitude": 34.952116413623621, "latitude": 31.111215620098871, "status": "Built", "source": "Eshkol", "type": "Meguniot" }, "geometry": { "type": "Point", "coordinates": [ 34.952116413623621, 31.111215620098871 ] } },
{ "type": "Feature", "properties": { "longitude": 34.995178267796575, "latitude": 31.145259389463579, "status": "Built", "source": "Eshkol", "type": "Meguniot" }, "geometry": { "type": "Point", "coordinates": [ 34.995178267796575, 31.145259389463579 ] } },
{ "type": "Feature", "properties": { "longitude": 34.735085749305824, "latitude": 30.847458311053924, "status": "Built", "source": "Eshkol", "type": "Meguniot" }, "geometry": { "type": "Point", "coordinates": [ 34.735085749305824, 30.847458311053924 ] } },
{ "type": "Feature", "properties": { "longitude": 34.960859351730306, "latitude": 31.111088127155821, "status": "Built", "source": "Eshkol", "type": "Meguniot" }, "geometry": { "type": "Point", "coordinates": [ 34.960859351730306, 31.111088127155821 ] } },
{ "type": "Feature", "properties": { "longitude": 34.913498183515777, "latitude": 31.22443364774643, "status": "Built", "source": "Eshkol", "type": "Meguniot" }, "geometry": { "type": "Point", "coordinates": [ 34.913498183515777, 31.22443364774643 ] } },
{ "type": "Feature", "properties": { "longitude": 34.963928367299026, "latitude": 30.987041060143738, "status": "Built", "source": "Eshkol", "type": "Meguniot" }, "geometry": { "type": "Point", "coordinates": [ 34.963928367299026, 30.987041060143738 ] } },
{ "type": "Feature", "properties": { "longitude": 34.7798264347987, "latitude": 31.429034296686456, "status": "Built", "source": "Eshkol", "type": "Meguniot" }, "geometry": { "type": "Point", "coordinates": [ 34.7798264347987, 31.429034296686456 ] } },
{ "type": "Feature", "properties": { "longitude": 34.776627677464283, "latitude": 31.4154233902843, "status": "Built", "source": "Eshkol", "type": "Meguniot" }, "geometry": { "type": "Point", "coordinates": [ 34.776627677464283, 31.4154233902843 ] } },
{ "type": "Feature", "properties": { "longitude": 34.76943210797409, "latitude": 31.42734901987486, "status": "Built", "source": "Eshkol", "type": "Meguniot" }, "geometry": { "type": "Point", "coordinates": [ 34.76943210797409, 31.42734901987486 ] } },
{ "type": "Feature", "properties": { "longitude": 34.762475655143717, "latitude": 31.41480721356541, "status": "Built", "source": "Eshkol", "type": "Meguniot" }, "geometry": { "type": "Point", "coordinates": [ 34.762475655143717, 31.41480721356541 ] } },
{ "type": "Feature", "properties": { "longitude": 34.739412465307886, "latitude": 31.359548776857093, "status": "Built", "source": "Eshkol", "type": "Meguniot" }, "geometry": { "type": "Point", "coordinates": [ 34.739412465307886, 31.359548776857093 ] } },
{ "type": "Feature", "properties": { "longitude": 34.717581318811888, "latitude": 31.323158030382597, "status": "Built", "source": "Eshkol", "type": "Meguniot" }, "geometry": { "type": "Point", "coordinates": [ 34.717581318811888, 31.323158030382597 ] } },
{ "type": "Feature", "properties": { "longitude": 34.761827260454446, "latitude": 31.317546040109406, "status": "Built", "source": "Eshkol", "type": "Meguniot" }, "geometry": { "type": "Point", "coordinates": [ 34.761827260454446, 31.317546040109406 ] } },
{ "type": "Feature", "properties": { "longitude": 34.722017491824104, "latitude": 31.337063790719746, "status": "Built", "source": "Eshkol", "type": "Meguniot" }, "geometry": { "type": "Point", "coordinates": [ 34.722017491824104, 31.337063790719746 ] } },
{ "type": "Feature", "properties": { "longitude": 34.759219088114868, "latitude": 31.365030299356441, "status": "Built", "source": "Eshkol", "type": "Meguniot" }, "geometry": { "type": "Point", "coordinates": [ 34.759219088114868, 31.365030299356441 ] } },
{ "type": "Feature", "properties": { "longitude": 34.750512608330069, "latitude": 31.343904763036125, "status": "Built", "source": "Eshkol", "type": "Meguniot" }, "geometry": { "type": "Point", "coordinates": [ 34.750512608330069, 31.343904763036125 ] } },
{ "type": "Feature", "properties": { "longitude": 34.808769556198691, "latitude": 31.314028504792777, "status": "Built", "source": "Eshkol", "type": "Meguniot" }, "geometry": { "type": "Point", "coordinates": [ 34.808769556198691, 31.314028504792777 ] } },
{ "type": "Feature", "properties": { "longitude": 34.861982803800217, "latitude": 31.33871283875817, "status": "Built", "source": "Eshkol", "type": "Meguniot" }, "geometry": { "type": "Point", "coordinates": [ 34.861982803800217, 31.33871283875817 ] } },
{ "type": "Feature", "properties": { "longitude": 34.824960478782451, "latitude": 31.308115837101681, "status": "Built", "source": "Eshkol", "type": "Meguniot" }, "geometry": { "type": "Point", "coordinates": [ 34.824960478782451, 31.308115837101681 ] } },
{ "type": "Feature", "properties": { "longitude": 34.864420703645855, "latitude": 31.364991341880334, "status": "Built", "source": "Eshkol", "type": "Meguniot" }, "geometry": { "type": "Point", "coordinates": [ 34.864420703645855, 31.364991341880334 ] } },
{ "type": "Feature", "properties": { "longitude": 34.867801183574493, "latitude": 31.309993911608576, "status": "Built", "source": "Eshkol", "type": "Meguniot" }, "geometry": { "type": "Point", "coordinates": [ 34.867801183574493, 31.309993911608576 ] } },
{ "type": "Feature", "properties": { "longitude": 34.844036792109833, "latitude": 31.302497842697427, "status": "Built", "source": "Eshkol", "type": "Meguniot" }, "geometry": { "type": "Point", "coordinates": [ 34.844036792109833, 31.302497842697427 ] } },
{ "type": "Feature", "properties": { "longitude": 34.854415961602378, "latitude": 31.31347553415678, "status": "Built", "source": "Eshkol", "type": "Meguniot" }, "geometry": { "type": "Point", "coordinates": [ 34.854415961602378, 31.31347553415678 ] } },
{ "type": "Feature", "properties": { "longitude": 34.850648935490064, "latitude": 31.30671002809256, "status": "Built", "source": "Eshkol", "type": "Meguniot" }, "geometry": { "type": "Point", "coordinates": [ 34.850648935490064, 31.30671002809256 ] } },
{ "type": "Feature", "properties": { "longitude": 34.848739278723393, "latitude": 31.303349707470634, "status": "Built", "source": "Eshkol", "type": "Meguniot" }, "geometry": { "type": "Point", "coordinates": [ 34.848739278723393, 31.303349707470634 ] } },
{ "type": "Feature", "properties": { "longitude": 34.851518987565164, "latitude": 31.301553581408108, "status": "Built", "source": "Eshkol", "type": "Meguniot" }, "geometry": { "type": "Point", "coordinates": [ 34.851518987565164, 31.301553581408108 ] } },
{ "type": "Feature", "properties": { "longitude": 34.856519644574, "latitude": 31.289860600777104, "status": "Built", "source": "Eshkol", "type": "Meguniot" }, "geometry": { "type": "Point", "coordinates": [ 34.856519644574, 31.289860600777104 ] } },
{ "type": "Feature", "properties": { "longitude": 34.857034047251162, "latitude": 31.292784138263507, "status": "Built", "source": "Eshkol", "type": "Meguniot" }, "geometry": { "type": "Point", "coordinates": [ 34.857034047251162, 31.292784138263507 ] } },
{ "type": "Feature", "properties": { "longitude": 34.89691843132826, "latitude": 31.26189643889979, "status": "Built", "source": "Eshkol", "type": "Meguniot" }, "geometry": { "type": "Point", "coordinates": [ 34.89691843132826, 31.26189643889979 ] } },
{ "type": "Feature", "properties": { "longitude": 34.896251969886286, "latitude": 31.292523392545473, "status": "Built", "source": "Eshkol", "type": "Meguniot" }, "geometry": { "type": "Point", "coordinates": [ 34.896251969886286, 31.292523392545473 ] } },
{ "type": "Feature", "properties": { "longitude": 34.890207515212815, "latitude": 31.297324894504222, "status": "Built", "source": "Eshkol", "type": "Meguniot" }, "geometry": { "type": "Point", "coordinates": [ 34.890207515212815, 31.297324894504222 ] } },
{ "type": "Feature", "properties": { "longitude": 34.914820381884269, "latitude": 31.275439478812469, "status": "Built", "source": "Eshkol", "type": "Meguniot" }, "geometry": { "type": "Point", "coordinates": [ 34.914820381884269, 31.275439478812469 ] } },
{ "type": "Feature", "properties": { "longitude": 34.997823905615547, "latitude": 31.316464773250402, "status": "Built", "source": "Eshkol", "type": "Meguniot" }, "geometry": { "type": "Point", "coordinates": [ 34.997823905615547, 31.316464773250402 ] } },
{ "type": "Feature", "properties": { "longitude": 34.934122067724239, "latitude": 31.282381051312374, "status": "Built", "source": "Eshkol", "type": "Meguniot" }, "geometry": { "type": "Point", "coordinates": [ 34.934122067724239, 31.282381051312374 ] } },
{ "type": "Feature", "properties": { "longitude": 34.931362543741209, "latitude": 31.285198171363675, "status": "Built", "source": "Eshkol", "type": "Meguniot" }, "geometry": { "type": "Point", "coordinates": [ 34.931362543741209, 31.285198171363675 ] } },
{ "type": "Feature", "properties": { "longitude": 34.905917545338468, "latitude": 31.291536075728803, "status": "Built", "source": "Eshkol", "type": "Meguniot" }, "geometry": { "type": "Point", "coordinates": [ 34.905917545338468, 31.291536075728803 ] } },
{ "type": "Feature", "properties": { "longitude": 34.906398610445038, "latitude": 31.298869627952882, "status": "Built", "source": "Eshkol", "type": "Meguniot" }, "geometry": { "type": "Point", "coordinates": [ 34.906398610445038, 31.298869627952882 ] } },
{ "type": "Feature", "properties": { "longitude": 34.943226611363251, "latitude": 31.278684033325877, "status": "Built", "source": "Eshkol", "type": "Meguniot" }, "geometry": { "type": "Point", "coordinates": [ 34.943226611363251, 31.278684033325877 ] } },
{ "type": "Feature", "properties": { "longitude": 34.956536575410134, "latitude": 31.272757820250344, "status": "Built", "source": "Eshkol", "type": "Meguniot" }, "geometry": { "type": "Point", "coordinates": [ 34.956536575410134, 31.272757820250344 ] } },
{ "type": "Feature", "properties": { "longitude": 34.961032532244992, "latitude": 31.272080961415597, "status": "Built", "source": "Eshkol", "type": "Meguniot" }, "geometry": { "type": "Point", "coordinates": [ 34.961032532244992, 31.272080961415597 ] } },
{ "type": "Feature", "properties": { "longitude": 34.951744467270466, "latitude": 31.266326938583841, "status": "Built", "source": "Eshkol", "type": "Meguniot" }, "geometry": { "type": "Point", "coordinates": [ 34.951744467270466, 31.266326938583841 ] } },
{ "type": "Feature", "properties": { "longitude": 35.027575623005688, "latitude": 31.259878643557037, "status": "Built", "source": "Eshkol", "type": "Meguniot" }, "geometry": { "type": "Point", "coordinates": [ 35.027575623005688, 31.259878643557037 ] } },
{ "type": "Feature", "properties": { "longitude": 35.046564422527752, "latitude": 31.25602513432397, "status": "Built", "source": "Eshkol", "type": "Meguniot" }, "geometry": { "type": "Point", "coordinates": [ 35.046564422527752, 31.25602513432397 ] } },
{ "type": "Feature", "properties": { "longitude": 35.021189138931277, "latitude": 31.272325033201678, "status": "Built", "source": "Eshkol", "type": "Meguniot" }, "geometry": { "type": "Point", "coordinates": [ 35.021189138931277, 31.272325033201678 ] } },
{ "type": "Feature", "properties": { "longitude": 35.030739801627092, "latitude": 31.269199650079521, "status": "Built", "source": "Eshkol", "type": "Meguniot" }, "geometry": { "type": "Point", "coordinates": [ 35.030739801627092, 31.269199650079521 ] } },
{ "type": "Feature", "properties": { "longitude": 35.035834321280547, "latitude": 31.274013584372781, "status": "Built", "source": "Eshkol", "type": "Meguniot" }, "geometry": { "type": "Point", "coordinates": [ 35.035834321280547, 31.274013584372781 ] } },
{ "type": "Feature", "properties": { "longitude": 35.094610839364485, "latitude": 31.261306157148891, "status": "Built", "source": "Eshkol", "type": "Meguniot" }, "geometry": { "type": "Point", "coordinates": [ 35.094610839364485, 31.261306157148891 ] } },
{ "type": "Feature", "properties": { "longitude": 35.089646541678889, "latitude": 31.26845395588041, "status": "Built", "source": "Eshkol", "type": "Meguniot" }, "geometry": { "type": "Point", "coordinates": [ 35.089646541678889, 31.26845395588041 ] } },
{ "type": "Feature", "properties": { "longitude": 35.095972111314865, "latitude": 31.255291579715077, "status": "Built", "source": "Eshkol", "type": "Meguniot" }, "geometry": { "type": "Point", "coordinates": [ 35.095972111314865, 31.255291579715077 ] } },
{ "type": "Feature", "properties": { "longitude": 35.061105381352689, "latitude": 31.255843727688223, "status": "Built", "source": "Eshkol", "type": "Meguniot" }, "geometry": { "type": "Point", "coordinates": [ 35.061105381352689, 31.255843727688223 ] } },
{ "type": "Feature", "properties": { "longitude": 35.116783659066606, "latitude": 31.251726840333298, "status": "Built", "source": "Eshkol", "type": "Meguniot" }, "geometry": { "type": "Point", "coordinates": [ 35.116783659066606, 31.251726840333298 ] } },
{ "type": "Feature", "properties": { "longitude": 35.118724455793753, "latitude": 31.253252373280098, "status": "Built", "source": "Eshkol", "type": "Meguniot" }, "geometry": { "type": "Point", "coordinates": [ 35.118724455793753, 31.253252373280098 ] } },
{ "type": "Feature", "properties": { "longitude": 35.126294483132696, "latitude": 31.252418408992433, "status": "Built", "source": "Eshkol", "type": "Meguniot" }, "geometry": { "type": "Point", "coordinates": [ 35.126294483132696, 31.252418408992433 ] } },
{ "type": "Feature", "properties": { "longitude": 35.128105169179562, "latitude": 31.246214350086753, "status": "Built", "source": "Eshkol", "type": "Meguniot" }, "geometry": { "type": "Point", "coordinates": [ 35.128105169179562, 31.246214350086753 ] } },
{ "type": "Feature", "properties": { "longitude": 35.127960775615065, "latitude": 31.243012480588956, "status": "Built", "source": "Eshkol", "type": "Meguniot" }, "geometry": { "type": "Point", "coordinates": [ 35.127960775615065, 31.243012480588956 ] } },
{ "type": "Feature", "properties": { "longitude": 35.122449241243878, "latitude": 31.243559259197344, "status": "Built", "source": "Eshkol", "type": "Meguniot" }, "geometry": { "type": "Point", "coordinates": [ 35.122449241243878, 31.243559259197344 ] } },
{ "type": "Feature", "properties": { "longitude": 35.124843731338871, "latitude": 31.242243969540823, "status": "Built", "source": "Eshkol", "type": "Meguniot" }, "geometry": { "type": "Point", "coordinates": [ 35.124843731338871, 31.242243969540823 ] } },
{ "type": "Feature", "properties": { "longitude": 35.128856171724046, "latitude": 31.239071655239176, "status": "Built", "source": "Eshkol", "type": "Meguniot" }, "geometry": { "type": "Point", "coordinates": [ 35.128856171724046, 31.239071655239176 ] } },
{ "type": "Feature", "properties": { "longitude": 35.118492853601943, "latitude": 31.21908778541636, "status": "Built", "source": "Eshkol", "type": "Meguniot" }, "geometry": { "type": "Point", "coordinates": [ 35.118492853601943, 31.21908778541636 ] } },
{ "type": "Feature", "properties": { "longitude": 35.157601014731505, "latitude": 31.251225016311665, "status": "Built", "source": "Eshkol", "type": "Meguniot" }, "geometry": { "type": "Point", "coordinates": [ 35.157601014731505, 31.251225016311665 ] } },
{ "type": "Feature", "properties": { "longitude": 35.165186351008224, "latitude": 31.237482414581649, "status": "Built", "source": "Eshkol", "type": "Meguniot" }, "geometry": { "type": "Point", "coordinates": [ 35.165186351008224, 31.237482414581649 ] } },
{ "type": "Feature", "properties": { "longitude": 35.092330852048683, "latitude": 31.209263872169853, "status": "Built", "source": "Eshkol", "type": "Meguniot" }, "geometry": { "type": "Point", "coordinates": [ 35.092330852048683, 31.209263872169853 ] } },
{ "type": "Feature", "properties": { "longitude": 35.081379463445614, "latitude": 31.18191676552296, "status": "Built", "source": "Eshkol", "type": "Meguniot" }, "geometry": { "type": "Point", "coordinates": [ 35.081379463445614, 31.18191676552296 ] } },
{ "type": "Feature", "properties": { "longitude": 35.098583036482161, "latitude": 31.201584831466715, "status": "Built", "source": "Eshkol", "type": "Meguniot" }, "geometry": { "type": "Point", "coordinates": [ 35.098583036482161, 31.201584831466715 ] } },
{ "type": "Feature", "properties": { "longitude": 35.115885140326888, "latitude": 31.201940602703107, "status": "Built", "source": "Eshkol", "type": "Meguniot" }, "geometry": { "type": "Point", "coordinates": [ 35.115885140326888, 31.201940602703107 ] } },
{ "type": "Feature", "properties": { "longitude": 35.118492853601943, "latitude": 31.21908778541636, "status": "Built", "source": "Eshkol", "type": "Meguniot" }, "geometry": { "type": "Point", "coordinates": [ 35.118492853601943, 31.21908778541636 ] } },
{ "type": "Feature", "properties": { "longitude": 35.076098480287051, "latitude": 31.153906965102859, "status": "Built", "source": "Eshkol", "type": "Meguniot" }, "geometry": { "type": "Point", "coordinates": [ 35.076098480287051, 31.153906965102859 ] } },
{ "type": "Feature", "properties": { "longitude": 35.074519724860323, "latitude": 31.181143404907221, "status": "Built", "source": "Eshkol", "type": "Meguniot" }, "geometry": { "type": "Point", "coordinates": [ 35.074519724860323, 31.181143404907221 ] } },
{ "type": "Feature", "properties": { "longitude": 34.999013764876146, "latitude": 31.154943623583812, "status": "Built", "source": "Eshkol", "type": "Meguniot" }, "geometry": { "type": "Point", "coordinates": [ 34.999013764876146, 31.154943623583812 ] } },
{ "type": "Feature", "properties": { "longitude": 34.873325715071175, "latitude": 31.216968083022351, "status": "Built", "source": "Eshkol", "type": "Meguniot" }, "geometry": { "type": "Point", "coordinates": [ 34.873325715071175, 31.216968083022351 ] } },
{ "type": "Feature", "properties": { "longitude": 34.927618998176342, "latitude": 31.222056798153922, "status": "Built", "source": "Eshkol", "type": "Meguniot" }, "geometry": { "type": "Point", "coordinates": [ 34.927618998176342, 31.222056798153922 ] } },
{ "type": "Feature", "properties": { "longitude": 34.925395402665565, "latitude": 31.225181622517127, "status": "Built", "source": "Eshkol", "type": "Meguniot" }, "geometry": { "type": "Point", "coordinates": [ 34.925395402665565, 31.225181622517127 ] } },
{ "type": "Feature", "properties": { "longitude": 34.941867316726928, "latitude": 31.238609624532025, "status": "Built", "source": "Eshkol", "type": "Meguniot" }, "geometry": { "type": "Point", "coordinates": [ 34.941867316726928, 31.238609624532025 ] } },
{ "type": "Feature", "properties": { "longitude": 34.964414307164539, "latitude": 31.234450757294226, "status": "Built", "source": "Eshkol", "type": "Meguniot" }, "geometry": { "type": "Point", "coordinates": [ 34.964414307164539, 31.234450757294226 ] } },
{ "type": "Feature", "properties": { "longitude": 34.960617532367948, "latitude": 31.245600226353751, "status": "Built", "source": "Eshkol", "type": "Meguniot" }, "geometry": { "type": "Point", "coordinates": [ 34.960617532367948, 31.245600226353751 ] } },
{ "type": "Feature", "properties": { "longitude": 34.96761520662907, "latitude": 31.238848984122804, "status": "Built", "source": "Eshkol", "type": "Meguniot" }, "geometry": { "type": "Point", "coordinates": [ 34.96761520662907, 31.238848984122804 ] } },
{ "type": "Feature", "properties": { "longitude": 34.996544272107542, "latitude": 31.229266564030702, "status": "Built", "source": "Eshkol", "type": "Meguniot" }, "geometry": { "type": "Point", "coordinates": [ 34.996544272107542, 31.229266564030702 ] } },
{ "type": "Feature", "properties": { "longitude": 34.924596056872737, "latitude": 31.257828914432352, "status": "Built", "source": "Eshkol", "type": "Meguniot" }, "geometry": { "type": "Point", "coordinates": [ 34.924596056872737, 31.257828914432352 ] } },
{ "type": "Feature", "properties": { "longitude": 34.923746570679469, "latitude": 31.25396691152412, "status": "Built", "source": "Eshkol", "type": "Meguniot" }, "geometry": { "type": "Point", "coordinates": [ 34.923746570679469, 31.25396691152412 ] } },
{ "type": "Feature", "properties": { "longitude": 34.903639458757667, "latitude": 31.258115319325288, "status": "Built", "source": "Eshkol", "type": "Meguniot" }, "geometry": { "type": "Point", "coordinates": [ 34.903639458757667, 31.258115319325288 ] } },
{ "type": "Feature", "properties": { "longitude": 34.823255912509083, "latitude": 31.300994850769733, "status": "Built", "source": "Eshkol", "type": "Meguniot" }, "geometry": { "type": "Point", "coordinates": [ 34.823255912509083, 31.300994850769733 ] } },
{ "type": "Feature", "properties": { "longitude": 34.901460062915241, "latitude": 31.233713664676461, "status": "Built", "source": "Eshkol", "type": "Meguniot" }, "geometry": { "type": "Point", "coordinates": [ 34.901460062915241, 31.233713664676461 ] } },
{ "type": "Feature", "properties": { "longitude": 34.96317297397804, "latitude": 31.1817586899984, "status": "Built", "source": "Eshkol", "type": "Meguniot" }, "geometry": { "type": "Point", "coordinates": [ 34.96317297397804, 31.1817586899984 ] } },
{ "type": "Feature", "properties": { "longitude": 35.023460553817785, "latitude": 31.14921697601817, "status": "Built", "source": "Eshkol", "type": "Meguniot" }, "geometry": { "type": "Point", "coordinates": [ 35.023460553817785, 31.14921697601817 ] } },
{ "type": "Feature", "properties": { "longitude": 34.950385382642693, "latitude": 31.240583862986778, "status": "Built", "source": "Eshkol", "type": "Meguniot" }, "geometry": { "type": "Point", "coordinates": [ 34.950385382642693, 31.240583862986778 ] } }
]
}
